season,season_id,school_id,TC,PO,A,E,CI,PB,SBA,CSB,IDP,TP,FLD%,CS%
2018,12973,2,2098.0,1429,594,75,0,21,182,33,148,0,0.9642516682554814,0.1813186813186813
2018,12973,4,1399.0,1004,325,70,0,15,85,20,58,0,0.949964260185847,0.23529411764705882
2018,12973,6,1788.0,1234,465,89,0,9,156,48,96,0,0.9502237136465325,0.3076923076923077
2018,12973,7,1998.0,1388,519,91,0,7,110,22,76,0,0.9544544544544544,0.2
2018,12973,8,2081.0,1467,549,65,3,7,68,25,120,0,0.9687650168188371,0.36764705882352944
2018,12973,9,1758.0,1204,487,67,1,17,93,47,108,0,0.9618885096700797,0.5053763440860215
2018,12973,10,1500.0,1017,422,61,0,5,89,21,86,0,0.9593333333333334,0.23595505617977527
2018,12973,13,1462.0,1049,374,39,0,14,105,28,97,0,0.9733242134062927,0.26666666666666666
2018,12973,14,1733.0,1218,463,52,0,10,126,32,72,0,0.96999422965955,0.25396825396825395
2018,12973,17,1808.0,1261,444,103,0,21,242,41,100,3,0.9430309734513275,0.16942148760330578
2018,12973,19,1455.0,962,382,111,0,17,155,51,73,0,0.9237113402061856,0.32903225806451614
2018,12973,20,1621.0,1091,448,82,0,12,64,24,82,0,0.9494139420111043,0.375
2018,12973,21,1505.0,1027,404,74,0,20,118,36,62,0,0.9508305647840531,0.3050847457627119
2018,12973,22,1387.0,875,432,80,0,7,73,23,82,0,0.9423215573179524,0.3150684931506849
2018,12973,24,1386.0,970,356,60,0,27,66,27,74,0,0.9567099567099567,0.4090909090909091
2018,12973,25,1367.0,909,404,54,0,3,29,28,97,0,0.9604974396488661,0.9655172413793104
2018,12973,26,1296.0,897,333,66,0,27,192,32,44,0,0.9490740740740741,0.16666666666666666
2018,12973,27,1789.0,1314,421,54,0,8,116,57,65,0,0.9698155394074902,0.49137931034482757
2018,12973,28,2118.0,1464,576,78,1,5,79,23,123,0,0.9631728045325779,0.2911392405063291
2018,12973,29,2041.0,1449,543,49,0,8,30,41,81,0,0.9759921607055365,1.3666666666666667
2018,12973,30,1639.0,1081,485,73,2,7,77,17,118,0,0.9554606467358145,0.22077922077922077
2018,12973,31,2459.0,1810,581,68,0,13,46,32,158,0,0.9723464823098821,0.6956521739130435
2018,12973,32,2102.0,1488,554,60,0,5,148,35,97,0,0.9714557564224549,0.23648648648648649
2018,12973,35,1933.0,1309,533,91,0,19,80,34,83,0,0.9529229177444387,0.425
2018,12973,36,1738.0,1214,439,85,0,15,114,45,64,0,0.9510932105868815,0.39473684210526316
2018,12973,37,1624.0,1044,532,48,0,2,43,17,115,0,0.9704433497536946,0.3953488372093023
2018,12973,38,1247.0,842,342,63,1,5,110,34,72,0,0.9494787489975942,0.3090909090909091
2018,12973,39,1795.0,1211,495,89,0,23,112,37,67,0,0.9504178272980501,0.33035714285714285
2018,12973,40,1265.0,928,283,54,0,7,49,10,57,0,0.9573122529644269,0.20408163265306123
2018,12973,41,2096.0,1486,562,48,1,8,42,41,111,0,0.9770992366412213,0.9761904761904762
2018,12973,42,1055.0,677,327,51,1,9,75,22,36,0,0.9516587677725118,0.29333333333333333
2018,12973,43,1405.0,939,404,62,1,11,86,11,81,0,0.9558718861209965,0.12790697674418605
2018,12973,44,1403.0,973,346,84,1,8,136,31,42,0,0.940128296507484,0.22794117647058823
2018,12973,45,1569.0,1036,467,66,0,18,121,18,105,0,0.9579349904397706,0.1487603305785124
2018,12973,46,1577.0,1056,460,61,1,24,76,27,80,0,0.9613189600507293,0.35526315789473684
2018,12973,47,2090.0,1470,559,61,0,12,91,76,107,0,0.9708133971291866,0.8351648351648352
2018,12973,48,1797.0,1387,350,60,0,10,112,36,60,0,0.9666110183639399,0.32142857142857145
2018,12973,49,1841.0,1298,461,82,0,16,161,31,125,0,0.955458989679522,0.19254658385093168
2018,12973,50,1198.0,832,326,40,0,14,149,30,54,0,0.9666110183639399,0.20134228187919462
2018,12973,51,1845.0,1354,443,48,1,3,25,48,107,0,0.9739837398373984,1.92
2018,12973,52,1958.0,1385,520,53,2,10,92,16,99,0,0.9729315628192032,0.17391304347826086
2018,12973,53,1301.0,849,394,58,1,11,53,23,68,0,0.9554189085318986,0.4339622641509434
2018,12973,54,1073.0,729,299,45,1,7,125,16,28,0,0.9580615097856477,0.128
2018,12973,55,1149.0,798,276,75,0,20,162,28,79,0,0.9347258485639687,0.1728395061728395
2018,12973,56,830.0,507,283,40,0,1,34,14,75,0,0.9518072289156626,0.4117647058823529
2018,12973,58,1082.0,732,283,67,0,17,154,24,36,0,0.9380776340110906,0.15584415584415584
2018,12973,60,1197.0,846,323,28,0,4,52,19,69,0,0.9766081871345029,0.36538461538461536
2018,12973,61,2012.0,1461,482,69,1,15,117,38,78,0,0.9657057654075547,0.3247863247863248
2018,12973,62,1733.0,1192,492,49,0,4,88,41,117,0,0.9717253317945759,0.4659090909090909
2018,12973,65,1621.0,1137,419,65,1,9,104,31,113,3,0.9599012954966071,0.2980769230769231
2018,12973,67,1889.0,1337,499,53,0,16,112,32,116,0,0.9719428268925357,0.2857142857142857
2018,12973,69,1156.0,791,317,48,1,7,88,20,71,0,0.9584775086505191,0.22727272727272727
2018,12973,71,1824.0,1271,486,67,0,16,164,49,94,0,0.9632675438596491,0.29878048780487804
2018,12973,72,1598.0,1153,400,45,0,16,90,40,81,0,0.9718397997496871,0.4444444444444444
2018,12973,73,908.0,651,213,44,0,12,161,24,28,0,0.9515418502202643,0.14906832298136646
2018,12973,74,1501.0,1058,387,56,0,17,125,57,80,0,0.9626915389740173,0.456
2018,12973,75,1455.0,981,403,71,0,6,118,22,70,0,0.9512027491408934,0.1864406779661017
2018,12973,77,1439.0,910,479,50,0,11,32,28,80,0,0.9652536483669215,0.875
2018,12973,78,1371.0,935,384,52,1,12,106,38,44,0,0.9620714806710431,0.3584905660377358
2018,12973,80,1366.0,973,349,44,2,7,82,22,99,0,0.9677891654465594,0.2682926829268293
2018,12973,81,2021.0,1418,538,65,0,9,84,35,111,0,0.9678377041068777,0.4166666666666667
2018,12973,83,1541.0,1101,379,61,1,10,88,30,69,0,0.9604153147306943,0.3409090909090909
2018,12973,84,1336.0,926,350,60,0,17,94,30,58,0,0.9550898203592815,0.3191489361702128
2018,12973,87,1960.0,1431,470,59,2,14,106,39,114,0,0.9698979591836735,0.36792452830188677
2018,12973,88,1379.0,916,415,48,0,8,94,16,101,0,0.9651921682378535,0.1702127659574468
2018,12973,90,2193.0,1506,608,79,3,7,60,30,142,0,0.9639762881896945,0.5
2018,12973,91,1903.0,1373,470,60,0,3,84,27,105,0,0.9684708355228586,0.32142857142857145
2018,12973,92,1848.0,1275,494,79,0,20,130,39,102,0,0.9572510822510822,0.3
2018,12973,93,1527.0,1029,423,75,0,19,128,18,71,0,0.9508840864440079,0.140625
2018,12973,94,2112.0,1467,544,101,0,12,92,44,121,0,0.9521780303030303,0.4782608695652174
2018,12973,95,1984.0,1396,501,87,0,11,57,24,124,0,0.9561491935483871,0.42105263157894735
2018,12973,96,2007.0,1391,556,60,2,4,70,42,131,0,0.9701046337817638,0.6
2018,12973,97,2305.0,1647,594,64,2,10,68,23,107,0,0.972234273318872,0.3382352941176471
2018,12973,98,1800.0,1239,489,72,1,5,64,36,118,0,0.96,0.5625
2018,12973,99,1350.0,949,355,46,0,11,30,34,68,0,0.965925925925926,1.1333333333333333
2018,12973,100,1964.0,1316,561,87,2,21,58,47,132,0,0.9557026476578412,0.8103448275862069
2018,12973,101,2052.0,1374,632,46,1,8,60,47,129,0,0.9775828460038987,0.7833333333333333
2018,12973,102,2195.0,1593,550,52,0,12,56,32,117,0,0.9763097949886105,0.5714285714285714
2018,12973,103,1607.0,1152,383,72,0,7,54,29,74,0,0.955196017423771,0.5370370370370371
2018,12973,104,1873.0,1279,538,56,0,1,46,18,117,0,0.9701014415376401,0.391304347826087
2018,12973,105,1466.0,1040,370,56,2,22,62,19,84,0,0.9618008185538881,0.3064516129032258
2018,12973,106,1132.0,762,324,46,0,3,74,15,58,0,0.9593639575971732,0.20270270270270271
2018,12973,107,2052.0,1454,542,56,0,11,52,42,113,0,0.9727095516569201,0.8076923076923077
2018,12973,108,2030.0,1398,573,59,2,17,94,22,143,0,0.970935960591133,0.23404255319148937
2018,12973,109,2132.0,1508,564,60,0,11,71,50,122,0,0.9718574108818011,0.704225352112676
2018,12973,110,2019.0,1444,538,37,0,9,49,32,111,0,0.9816740960871718,0.6530612244897959
2018,12973,111,1859.0,1296,498,65,0,9,150,50,67,0,0.965034965034965,0.3333333333333333
2018,12973,112,1919.0,1467,411,41,0,6,39,33,104,2,0.9786347055758208,0.8461538461538461
2018,12973,114,1132.0,832,244,56,0,11,88,27,50,0,0.950530035335689,0.3068181818181818
2018,12973,115,1614.0,1227,344,43,0,19,162,56,76,1,0.9733581164807931,0.345679012345679
2018,12973,116,1289.0,851,385,53,0,6,105,25,48,0,0.9588828549262994,0.23809523809523808
2018,12973,117,1442.0,991,409,42,0,17,104,34,61,0,0.970873786407767,0.3269230769230769
2018,12973,118,1009.0,691,275,43,2,15,28,28,66,0,0.9573835480673935,1.0
2018,12973,122,1524.0,1045,421,58,0,4,44,33,120,0,0.9619422572178478,0.75
2018,12973,124,1662.0,1148,445,69,1,23,156,39,76,0,0.9584837545126353,0.25
2018,12973,125,1231.0,773,414,44,0,0,48,23,69,0,0.9642567018683996,0.4791666666666667
2018,12973,126,1398.0,932,399,67,0,15,97,20,90,0,0.952074391988555,0.20618556701030927
2018,12973,127,1199.0,784,369,46,0,1,47,24,79,0,0.9616346955796498,0.5106382978723404
2018,12973,128,2053.0,1473,506,74,2,10,110,26,96,0,0.9639551875304433,0.23636363636363636
2018,12973,129,1703.0,1324,325,54,2,14,163,40,55,0,0.9682912507339988,0.24539877300613497
2018,12973,130,1604.0,1055,479,70,1,7,30,17,117,0,0.956359102244389,0.5666666666666667
2018,12973,132,1417.0,983,362,72,2,15,130,40,43,0,0.9491884262526464,0.3076923076923077
2018,12973,134,1844.0,1248,538,58,0,11,84,25,150,0,0.9685466377440347,0.2976190476190476
2018,12973,136,1824.0,1309,437,78,1,11,194,39,102,0,0.9572368421052632,0.20103092783505155
2018,12973,137,1305.0,931,319,55,0,11,102,36,94,0,0.9578544061302682,0.35294117647058826
2018,12973,139,1759.0,1258,446,55,0,11,81,29,86,0,0.9687322342239909,0.35802469135802467
2018,12973,140,2152.0,1483,600,69,1,8,66,37,192,3,0.9679368029739777,0.5606060606060606
2018,12973,141,1975.0,1403,502,70,0,10,120,51,114,0,0.9645569620253165,0.425
2018,12973,142,1522.0,1038,394,90,0,27,146,22,81,0,0.9408672798948752,0.1506849315068493
2018,12973,143,1358.0,930,351,77,0,21,148,22,49,0,0.9432989690721649,0.14864864864864866
2018,12973,144,1378.0,950,333,95,2,10,85,33,52,0,0.9310595065312046,0.38823529411764707
2018,12973,146,1039.0,729,275,35,0,3,38,25,40,0,0.9663137632338787,0.6578947368421053
2018,12973,147,2370.0,1715,595,60,2,13,56,36,115,0,0.9746835443037974,0.6428571428571429
2018,12973,149,1401.0,1057,308,36,0,8,35,50,58,0,0.974304068522484,1.4285714285714286
2018,12973,151,1090.0,741,295,54,0,20,141,45,51,0,0.9504587155963303,0.3191489361702128
2018,12973,152,948.0,632,245,71,0,9,92,29,30,3,0.9251054852320675,0.31521739130434784
2018,12973,155,1994.0,1378,547,69,1,4,50,32,75,0,0.9653961885656971,0.64
2018,12973,158,1879.0,1314,511,54,1,7,102,48,91,0,0.971261309207025,0.47058823529411764
2018,12973,159,2449.0,1682,693,74,2,11,64,27,190,0,0.9697835851367905,0.421875
2018,12973,160,2059.0,1458,534,67,0,2,106,34,138,0,0.967459932005828,0.32075471698113206
2018,12973,161,887.0,655,193,39,1,2,69,13,32,0,0.9560315670800451,0.18840579710144928
2018,12973,164,1506.0,1079,379,48,3,12,148,51,52,0,0.9681274900398407,0.34459459459459457
2018,12973,165,712.0,419,247,46,0,2,129,16,20,0,0.9353932584269663,0.12403100775193798
2018,12973,167,1382.0,963,364,55,0,6,68,22,63,0,0.9602026049204052,0.3235294117647059
2018,12973,168,1752.0,1233,477,42,2,6,50,24,107,0,0.976027397260274,0.48
2018,12973,169,1642.0,1248,358,36,1,6,51,41,55,0,0.9780755176613886,0.803921568627451
2018,12973,172,1509.0,1051,415,43,0,7,82,26,90,0,0.9715043074884029,0.3170731707317073
2018,12973,173,2000.0,1416,508,76,0,16,77,40,88,0,0.962,0.5194805194805194
2018,12973,174,1525.0,1045,387,93,0,31,206,46,67,0,0.939016393442623,0.22330097087378642
2018,12973,175,1770.0,1309,415,46,3,10,126,28,106,0,0.9740112994350283,0.2222222222222222
2018,12973,177,935.0,711,188,36,0,10,142,33,22,0,0.9614973262032086,0.2323943661971831
2018,12973,178,1575.0,1064,413,98,0,13,162,40,73,0,0.9377777777777778,0.24691358024691357
2018,12973,179,1115.0,744,306,65,0,4,103,22,39,0,0.9417040358744395,0.21359223300970873
2018,12973,180,2019.0,1423,525,71,1,4,123,38,95,0,0.9648340762753839,0.3089430894308943
2018,12973,181,1910.0,1353,486,71,1,12,58,29,89,0,0.96282722513089,0.5
2018,12973,182,1697.0,1185,456,56,0,12,74,32,101,0,0.9670005892751915,0.43243243243243246
2018,12973,185,1254.0,842,335,77,0,17,161,42,40,0,0.9385964912280702,0.2608695652173913
2018,12973,192,1339.0,859,412,68,0,6,46,11,68,0,0.9492158327109783,0.2391304347826087
2018,12973,193,2403.0,1697,661,45,0,8,88,35,171,0,0.9812734082397003,0.3977272727272727
2018,12973,195,1439.0,960,402,77,1,9,89,39,61,0,0.9464906184850591,0.43820224719101125
2018,12973,196,2399.0,1634,711,54,1,8,66,30,124,0,0.9774906210921217,0.45454545454545453
2018,12973,197,1090.0,688,347,55,0,2,36,22,66,0,0.9495412844036697,0.6111111111111112
2018,12973,198,1948.0,1404,485,59,2,6,91,46,88,0,0.9697125256673511,0.5054945054945055
2018,12973,200,1581.0,1072,456,53,0,16,122,49,86,0,0.9664769133459835,0.4016393442622951
2018,12973,201,1910.0,1398,445,67,0,6,84,30,84,0,0.9649214659685864,0.35714285714285715
2018,12973,202,2028.0,1432,520,76,0,13,112,46,119,0,0.9625246548323472,0.4107142857142857
2018,12973,203,1456.0,986,393,77,0,12,106,38,50,0,0.9471153846153846,0.3584905660377358
2018,12973,204,2152.0,1489,602,61,1,11,130,53,121,3,0.9716542750929368,0.4076923076923077
2018,12973,205,1768.0,1249,442,77,2,17,93,25,101,0,0.956447963800905,0.26881720430107525
2018,12973,208,1689.0,1258,376,55,0,13,133,43,131,0,0.9674363528715216,0.3233082706766917
2018,12973,211,1480.0,1009,398,73,1,5,80,39,93,0,0.9506756756756757,0.4875
2018,12973,212,1419.0,972,398,49,1,8,100,26,76,0,0.9654686398872445,0.26
2018,12973,213,1353.0,878,392,83,0,11,118,23,70,0,0.9386548410938654,0.19491525423728814
2018,12973,216,1065.0,712,312,41,1,13,87,20,59,0,0.9615023474178404,0.22988505747126436
2018,12973,217,1388.0,958,379,51,0,6,138,49,35,0,0.9632564841498559,0.35507246376811596
2018,12973,218,1086.0,736,285,65,0,1,110,23,45,3,0.9401473296500921,0.20909090909090908
2018,12973,219,1834.0,1310,453,71,2,10,148,37,76,0,0.9612868047982552,0.25
2018,12973,220,1845.0,1280,489,76,0,7,90,23,112,0,0.9588075880758807,0.25555555555555554
2018,12973,221,1290.0,858,345,87,0,8,92,31,48,0,0.9325581395348838,0.33695652173913043
2018,12973,222,1589.0,1110,421,58,0,7,132,47,78,0,0.9634990560100692,0.3560606060606061
2018,12973,225,1181.0,763,368,50,0,18,98,30,51,0,0.9576629974597799,0.30612244897959184
2018,12973,227,1033.0,732,254,47,0,14,78,40,28,0,0.9545014520813165,0.5128205128205128
2018,12973,228,1695.0,1198,402,95,0,21,133,39,97,0,0.943952802359882,0.2932330827067669
2018,12973,229,1905.0,1331,508,66,0,5,90,32,90,0,0.9653543307086614,0.35555555555555557
2018,12973,230,1865.0,1300,480,85,0,8,160,26,93,0,0.9544235924932976,0.1625
2018,12973,231,1978.0,1423,487,68,3,18,142,34,110,0,0.9656218402426694,0.23943661971830985
2018,12973,233,2015.0,1506,459,50,1,14,92,35,79,0,0.9751861042183623,0.3804347826086957
2018,12973,234,2132.0,1523,544,65,1,7,95,32,97,0,0.9695121951219512,0.3368421052631579
2018,12973,235,2268.0,1637,578,53,0,12,67,16,121,0,0.9766313932980599,0.23880597014925373
2018,12973,236,2022.0,1485,482,55,0,6,70,40,80,0,0.9727992087042532,0.5714285714285714
2018,12973,239,1478.0,1016,400,62,1,6,88,37,57,0,0.9580514208389715,0.42045454545454547
2018,12973,241,1842.0,1280,492,70,0,9,125,32,66,0,0.9619978284473398,0.256
2018,12973,242,1138.0,751,330,57,0,9,99,28,41,0,0.9499121265377856,0.2828282828282828
2018,12973,244,1646.0,1095,490,61,0,5,95,16,140,3,0.9629404617253949,0.16842105263157894
2018,12973,245,1423.0,915,387,121,1,17,151,40,73,0,0.9149683766690091,0.26490066225165565
2018,12973,248,2076.0,1485,534,57,1,12,90,56,107,0,0.9725433526011561,0.6222222222222222
2018,12973,249,2153.0,1531,554,68,0,10,98,29,119,0,0.9684161634928008,0.29591836734693877
2018,12973,251,1841.0,1369,419,53,0,11,136,35,80,0,0.971211298207496,0.25735294117647056
2018,12973,253,2015.0,1479,465,71,0,9,60,43,84,0,0.9647642679900744,0.7166666666666667
2018,12973,254,2042.0,1419,550,73,0,8,104,33,132,0,0.9642507345739472,0.3173076923076923
2018,12973,255,2158.0,1544,548,66,0,8,52,25,126,0,0.969416126042632,0.4807692307692308
2018,12973,257,1797.0,1220,532,45,0,1,52,25,126,0,0.9749582637729549,0.4807692307692308
2018,12973,258,1138.0,719,348,71,0,6,50,15,55,0,0.937609841827768,0.3
2018,12973,259,1823.0,1232,517,74,0,6,104,35,103,0,0.9594075699396599,0.33653846153846156
2018,12973,260,1359.0,955,377,27,2,3,58,43,70,0,0.9801324503311258,0.7413793103448276
2018,12973,261,1834.0,1245,501,88,0,21,137,39,85,0,0.9520174482006543,0.2846715328467153
2018,12973,262,1985.0,1299,584,102,1,25,89,30,90,0,0.9486146095717884,0.33707865168539325
2018,12973,263,1443.0,980,397,66,0,6,102,28,72,0,0.9542619542619543,0.27450980392156865
2018,12973,264,1276.0,852,374,50,0,11,120,21,57,0,0.9608150470219435,0.175
2018,12973,265,1193.0,805,335,53,3,15,86,26,69,0,0.9555741827326069,0.3023255813953488
2018,12973,267,1042.0,745,251,46,0,18,74,27,39,0,0.9558541266794626,0.36486486486486486
2018,12973,269,1483.0,995,433,55,1,31,86,38,65,0,0.9629130141604855,0.4418604651162791
2018,12973,271,1579.0,1072,423,84,1,6,104,29,81,0,0.9468017732742242,0.27884615384615385
2018,12973,272,1992.0,1430,511,51,2,13,160,46,71,0,0.9743975903614458,0.2875
2018,12973,275,1533.0,1079,395,59,2,11,104,29,84,0,0.9615133724722765,0.27884615384615385
2018,12973,276,1270.0,876,344,50,1,11,92,27,90,0,0.9606299212598425,0.29347826086956524
2018,12973,277,1684.0,1253,386,45,1,5,92,33,93,0,0.9732779097387173,0.358695652173913
2018,12973,278,958.0,624,309,25,1,4,38,34,54,0,0.9739039665970772,0.8947368421052632
2018,12973,279,1224.0,833,317,74,0,18,96,25,50,0,0.9395424836601307,0.2604166666666667
2018,12973,280,1931.0,1301,536,94,3,11,58,22,115,0,0.9513205592957017,0.3793103448275862
2018,12973,283,1633.0,1158,434,41,0,10,65,34,74,0,0.9748928352725046,0.5230769230769231
2018,12973,285,1584.0,1138,386,60,0,9,98,30,82,0,0.9621212121212122,0.30612244897959184
2018,12973,286,1353.0,972,318,63,1,11,80,39,62,0,0.9534368070953437,0.4875
2018,12973,287,1949.0,1338,560,51,0,1,55,18,134,0,0.9738327347357619,0.32727272727272727
2018,12973,288,2384.0,1682,646,56,2,12,125,38,146,4,0.9765100671140939,0.304
2018,12973,296,954.0,570,340,44,0,6,31,10,44,0,0.9538784067085954,0.3225806451612903
2018,12973,299,1623.0,1129,455,39,0,7,85,14,88,0,0.9759704251386322,0.16470588235294117
2018,12973,300,1438.0,1011,380,47,2,15,92,16,98,0,0.9673157162726008,0.17391304347826086
2018,12973,301,1955.0,1291,624,40,1,9,144,46,125,0,0.979539641943734,0.3194444444444444
2018,12973,302,1825.0,1267,513,45,2,9,70,47,92,0,0.9753424657534246,0.6714285714285714
2018,12973,303,1113.0,767,281,65,1,5,112,11,47,0,0.9415992812219227,0.09821428571428571
2018,12973,305,1815.0,1189,568,58,1,2,38,23,118,0,0.9680440771349862,0.6052631578947368
2018,12973,306,1801.0,1277,482,42,2,11,57,55,84,0,0.9766796224319823,0.9649122807017544
2018,12973,307,1217.0,838,316,63,1,16,158,34,31,3,0.9482333607230896,0.21518987341772153
2018,12973,308,1367.0,913,382,72,0,7,106,32,69,0,0.9473299195318216,0.3018867924528302
2018,12973,309,1897.0,1304,523,70,2,6,112,31,75,0,0.9630996309963099,0.2767857142857143
2018,12973,310,1654.0,1163,425,66,1,10,142,28,67,0,0.9600967351874244,0.19718309859154928
2018,12973,312,1818.0,1322,446,50,0,9,51,19,121,0,0.9724972497249725,0.37254901960784315
2018,12973,313,1877.0,1207,575,95,2,18,116,40,114,0,0.9493873201917954,0.3448275862068966
2018,12973,314,1867.0,1344,438,85,0,6,97,55,79,3,0.9544724156400642,0.5670103092783505
2018,12973,315,2220.0,1564,574,82,3,9,137,26,165,0,0.9630630630630631,0.1897810218978102
2018,12973,316,2264.0,1621,583,60,0,5,90,44,105,0,0.9734982332155477,0.4888888888888889
2018,12973,317,1921.0,1387,465,69,0,18,152,51,94,0,0.9640812077043207,0.3355263157894737
2018,12973,319,1523.0,1010,430,83,0,13,84,41,80,0,0.9455022980958634,0.4880952380952381
2018,12973,320,1010.0,738,235,37,0,10,70,24,59,0,0.9633663366336633,0.34285714285714286
2018,12973,322,1756.0,1149,528,79,1,5,88,31,137,0,0.9550113895216401,0.3522727272727273
2018,12973,325,1242.0,856,314,72,0,10,162,27,36,0,0.9420289855072463,0.16666666666666666
2018,12973,326,1312.0,905,348,59,0,6,86,20,77,0,0.9550304878048781,0.23255813953488372
2018,12973,327,1836.0,1205,561,70,0,5,77,21,140,0,0.9618736383442266,0.2727272727272727
2018,12973,328,2063.0,1504,492,67,0,17,120,34,128,0,0.9675230247212797,0.2833333333333333
2018,12973,329,1773.0,1199,517,57,0,18,137,33,105,0,0.9678510998307953,0.24087591240875914
2018,12973,331,2066.0,1532,483,51,1,8,96,44,104,0,0.9753146176185866,0.4583333333333333
2018,12973,332,1443.0,983,379,81,0,22,90,37,74,0,0.9438669438669439,0.4111111111111111
2018,12973,333,1144.0,882,231,31,0,0,47,14,73,0,0.9729020979020979,0.2978723404255319
2018,12973,334,1989.0,1468,467,54,0,5,59,11,83,0,0.9728506787330317,0.1864406779661017
2018,12973,335,1265.0,872,313,80,0,7,106,28,45,0,0.9367588932806324,0.2641509433962264
2018,12973,336,1308.0,869,379,60,0,5,121,22,66,0,0.9541284403669725,0.18181818181818182
2018,12973,339,1292.0,923,317,52,1,16,88,14,57,0,0.9597523219814241,0.1590909090909091
2018,12973,340,2023.0,1442,525,56,1,11,235,47,90,0,0.972318339100346,0.2
2018,12973,341,1489.0,1018,414,57,0,9,64,30,90,0,0.9617192746809939,0.46875
2018,12973,342,1810.0,1243,481,86,2,13,121,39,85,0,0.9524861878453039,0.32231404958677684
2018,12973,346,2044.0,1452,516,76,1,12,106,46,118,0,0.9628180039138943,0.4339622641509434
2018,12973,347,1361.0,912,321,128,0,43,216,52,55,0,0.9059515062454078,0.24074074074074073
2018,12973,348,1195.0,801,310,84,0,5,90,30,52,0,0.9297071129707113,0.3333333333333333
2018,12973,349,1851.0,1329,472,50,0,11,106,31,106,0,0.9729875742841707,0.29245283018867924
2018,12973,350,649.0,468,134,47,0,30,158,12,35,0,0.9275808936825886,0.0759493670886076
2018,12973,351,1118.0,762,274,82,0,9,180,42,37,0,0.9266547406082289,0.23333333333333334
2018,12973,352,1777.0,1213,507,57,1,10,112,44,88,0,0.967923466516601,0.39285714285714285
2018,12973,354,1625.0,1108,453,64,1,10,82,36,72,0,0.9606153846153846,0.43902439024390244
2018,12973,355,1943.0,1459,442,42,0,6,46,36,96,0,0.9783839423571796,0.782608695652174
2018,12973,357,627.0,407,154,66,0,27,203,18,6,0,0.8947368421052632,0.08866995073891626
2018,12973,358,1554.0,1140,349,65,0,21,92,29,66,0,0.9581724581724582,0.31521739130434784
2018,12973,360,1198.0,848,281,69,0,14,94,28,53,0,0.9424040066777963,0.2978723404255319
2018,12973,361,2097.0,1464,576,57,0,7,148,49,133,2,0.9728183118741058,0.3310810810810811
2018,12973,363,1765.0,1360,342,63,0,25,190,43,57,0,0.9643059490084985,0.22631578947368422
2018,12973,364,1459.0,1017,397,45,0,9,64,25,76,0,0.9691569568197396,0.390625
2018,12973,365,2267.0,1677,541,49,0,12,117,34,99,0,0.9783855315394795,0.2905982905982906
2018,12973,366,1877.0,1379,446,52,0,7,90,38,80,0,0.9722962173681406,0.4222222222222222
2018,12973,367,2318.0,1712,530,76,0,20,95,34,97,0,0.9672131147540983,0.35789473684210527
2018,12973,368,1842.0,1338,449,55,1,10,166,43,107,0,0.9701411509229099,0.25903614457831325
2018,12973,370,1819.0,1279,495,45,0,8,68,49,67,0,0.9752611324903794,0.7205882352941176
2018,12973,372,1351.0,880,412,59,0,14,58,34,66,0,0.9563286454478165,0.5862068965517241
2018,12973,374,1489.0,994,418,77,0,14,72,49,84,0,0.9482874412357287,0.6805555555555556
2018,12973,379,1022.0,702,278,42,3,31,112,14,43,0,0.958904109589041,0.125
2018,12973,380,1901.0,1345,505,51,0,18,132,34,95,0,0.97317201472909,0.25757575757575757
2018,12973,381,1768.0,1260,444,64,0,8,125,24,91,0,0.9638009049773756,0.192
2018,12973,382,1166.0,802,300,64,0,9,150,9,60,0,0.9451114922813036,0.06
2018,12973,383,1060.0,734,289,37,0,3,94,44,41,0,0.9650943396226415,0.46808510638297873
2018,12973,384,1268.0,879,328,61,0,14,72,26,49,0,0.9518927444794952,0.3611111111111111
2018,12973,385,1601.0,1159,394,48,0,7,50,23,96,0,0.9700187382885697,0.46
2018,12973,386,1796.0,1255,466,75,0,9,89,28,95,0,0.9582405345211581,0.3146067415730337
2018,12973,388,1752.0,1221,457,74,1,5,46,35,86,0,0.9577625570776256,0.7608695652173914
2018,12973,390,1337.0,936,336,65,2,16,159,28,51,0,0.9513836948391923,0.1761006289308176
2018,12973,391,1605.0,1192,358,55,0,6,132,30,51,0,0.9657320872274143,0.22727272727272727
2018,12973,392,2038.0,1432,548,58,1,16,108,34,87,0,0.971540726202159,0.3148148148148148
2018,12973,393,1800.0,1233,470,97,0,11,209,51,94,0,0.9461111111111111,0.24401913875598086
2018,12973,394,1344.0,917,364,63,6,14,104,22,71,0,0.953125,0.21153846153846154
2018,12973,395,1872.0,1295,525,52,0,9,124,50,89,0,0.9722222222222222,0.4032258064516129
2018,12973,396,1497.0,1010,410,77,0,3,118,47,65,0,0.948563794255177,0.3983050847457627
2018,12973,397,1140.0,786,286,68,0,10,194,28,39,0,0.9403508771929825,0.14432989690721648
2018,12973,398,1287.0,891,321,75,0,19,106,23,56,0,0.9417249417249417,0.2169811320754717
2018,12973,399,1079.0,759,280,40,1,13,115,22,22,0,0.9629286376274329,0.19130434782608696
2018,12973,400,1651.0,1153,434,64,1,13,132,47,93,0,0.9612356147789218,0.3560606060606061
2018,12973,401,1795.0,1249,502,44,3,18,126,27,112,0,0.9754874651810584,0.21428571428571427
2018,12973,402,1973.0,1353,549,71,2,7,113,25,126,0,0.9640141915864167,0.22123893805309736
2018,12973,404,1785.0,1234,501,50,0,6,92,42,105,0,0.9719887955182073,0.45652173913043476
2018,12973,406,1758.0,1337,367,54,1,9,140,31,70,0,0.9692832764505119,0.22142857142857142
2018,12973,407,1793.0,1211,490,92,1,31,226,42,73,0,0.9486893474623536,0.18584070796460178
2018,12973,408,1558.0,1075,430,53,0,9,73,32,69,0,0.9659820282413351,0.4383561643835616
2018,12973,410,1993.0,1353,559,81,1,17,108,37,122,0,0.9593577521324637,0.3425925925925926
2018,12973,411,1331.0,901,351,79,3,20,67,27,48,0,0.9406461307287753,0.40298507462686567
2018,12973,412,1645.0,1156,435,54,0,4,71,39,91,2,0.9671732522796352,0.5492957746478874
2018,12973,413,1716.0,1190,461,65,2,14,75,16,68,0,0.9621212121212122,0.21333333333333335
2018,12973,414,2043.0,1419,579,45,0,12,84,57,135,0,0.9779735682819384,0.6785714285714286
2018,12973,415,2087.0,1467,543,77,0,15,50,30,109,0,0.9631049353138477,0.6
2018,12973,416,1593.0,1121,406,66,0,9,97,29,98,0,0.9585687382297552,0.29896907216494845
2018,12973,418,2070.0,1425,568,77,2,28,80,44,134,0,0.9628019323671497,0.55
2018,12973,419,2046.0,1465,516,65,1,11,132,32,118,0,0.9682306940371457,0.24242424242424243
2018,12973,420,1154.0,789,317,48,0,12,76,23,49,0,0.9584055459272097,0.3026315789473684
2018,12973,422,1688.0,1142,468,78,3,4,148,56,115,0,0.9537914691943128,0.3783783783783784
2018,12973,423,1898.0,1319,519,60,0,16,82,36,124,0,0.9683877766069547,0.43902439024390244
2018,12973,424,1422.0,957,393,72,0,5,57,19,48,0,0.9493670886075949,0.3333333333333333
2018,12973,426,1379.0,1030,297,52,1,9,129,30,45,0,0.962291515591008,0.23255813953488372
2018,12973,427,1231.0,893,280,58,0,10,82,16,33,0,0.9528838342810723,0.1951219512195122
2018,12973,428,2291.0,1603,633,55,0,7,78,31,137,0,0.9759930161501528,0.3974358974358974
2018,12973,430,2494.0,1810,619,65,0,14,86,53,169,0,0.9739374498797113,0.6162790697674418
2018,12973,431,338.0,235,89,14,0,1,34,13,20,0,0.9585798816568047,0.38235294117647056
2018,12973,432,1581.0,1032,425,124,0,12,152,27,61,0,0.9215686274509803,0.17763157894736842
2018,12973,433,1957.0,1370,541,46,1,15,62,27,90,0,0.9764946346448646,0.43548387096774194
2018,12973,434,2012.0,1479,496,37,0,13,43,33,111,2,0.981610337972167,0.7674418604651163
2018,12973,435,1825.0,1264,476,85,0,16,100,22,84,0,0.9534246575342465,0.22
2018,12973,436,1700.0,1196,424,80,0,23,154,33,50,0,0.9529411764705882,0.21428571428571427
2018,12973,437,1944.0,1328,549,67,0,24,136,61,146,0,0.9655349794238683,0.4485294117647059
2018,12973,438,1353.0,993,296,64,0,12,146,19,60,0,0.9526977087952697,0.13013698630136986
2018,12973,439,1699.0,1155,492,52,1,1,128,43,59,0,0.9693937610359035,0.3359375
2018,12973,442,1462.0,980,419,63,0,6,112,27,55,0,0.9569083447332422,0.24107142857142858
2018,12973,443,1462.0,1002,394,66,0,14,104,31,48,0,0.9548563611491108,0.2980769230769231
2018,12973,444,2381.0,1670,637,74,0,9,108,30,183,0,0.9689206215875682,0.2777777777777778
2018,12973,445,1344.0,882,379,83,3,15,200,45,67,0,0.9382440476190477,0.225
2018,12973,450,1840.0,1316,462,62,0,19,130,56,101,0,0.966304347826087,0.4307692307692308
2018,12973,451,1167.0,801,314,52,0,6,132,44,47,0,0.9554413024850043,0.3333333333333333
2018,12973,452,1341.0,948,340,53,1,19,66,17,67,0,0.9604772557792692,0.25757575757575757
2018,12973,453,1430.0,978,397,55,0,3,112,40,70,0,0.9615384615384616,0.35714285714285715
2018,12973,454,1591.0,1286,258,47,0,11,123,35,66,0,0.9704588309239472,0.2845528455284553
2018,12973,455,1435.0,958,390,87,0,18,118,33,53,0,0.9393728222996516,0.2796610169491525
2018,12973,456,1839.0,1303,479,57,0,10,130,27,98,0,0.9690048939641109,0.2076923076923077
2018,12973,457,2264.0,1663,543,58,2,16,76,36,103,0,0.9743816254416962,0.47368421052631576
2018,12973,458,1804.0,1255,478,71,0,1,56,29,108,0,0.9606430155210643,0.5178571428571429
2018,12973,459,2045.0,1456,543,46,0,16,94,33,104,0,0.9775061124694376,0.35106382978723405
2018,12973,460,2383.0,1680,611,92,2,12,132,30,109,0,0.9613932018464121,0.22727272727272727
2018,12973,463,1934.0,1365,509,60,1,9,73,32,108,0,0.9689762150982419,0.4383561643835616
2018,12973,464,1788.0,1253,472,63,4,6,117,35,72,0,0.964765100671141,0.29914529914529914
2018,12973,465,1808.0,1260,502,46,1,2,100,14,141,0,0.9745575221238938,0.14
2018,12973,466,1730.0,1230,448,52,0,4,39,9,126,0,0.9699421965317919,0.23076923076923078
2018,12973,467,1291.0,917,315,59,0,11,72,26,77,0,0.95429899302866,0.3611111111111111
2018,12973,468,2149.0,1538,550,61,1,22,128,38,93,0,0.9716147045137273,0.296875
2018,12973,470,1909.0,1346,511,52,0,6,112,27,69,0,0.9727606076479832,0.24107142857142858
2018,12973,471,1678.0,1192,434,52,0,17,152,23,83,0,0.9690107270560191,0.1513157894736842
2018,12973,472,1856.0,1472,354,30,0,23,89,45,79,0,0.9838362068965517,0.5056179775280899
2018,12973,473,1606.0,1161,385,60,0,4,67,27,101,0,0.962640099626401,0.40298507462686567
2018,12973,474,2298.0,1661,563,74,0,14,141,34,72,0,0.9677980852915579,0.24113475177304963
2018,12973,475,1197.0,842,305,50,0,9,90,30,70,0,0.9582289055973267,0.3333333333333333
2018,12973,477,1473.0,987,420,66,2,10,160,47,88,0,0.955193482688391,0.29375
2018,12973,478,1164.0,770,339,55,0,9,108,24,60,0,0.9527491408934707,0.2222222222222222
2018,12973,479,1291.0,857,387,47,2,10,117,31,76,0,0.9635941130906274,0.26495726495726496
2018,12973,480,839.0,634,153,52,0,13,136,17,34,0,0.9380214541120382,0.125
2018,12973,482,1803.0,1270,462,71,1,28,152,44,98,0,0.9606211869107044,0.2894736842105263
2018,12973,483,2051.0,1360,619,72,1,11,97,46,165,0,0.9648951730862994,0.4742268041237113
2018,12973,484,1477.0,955,452,70,0,47,184,28,87,0,0.95260663507109,0.15217391304347827
2018,12973,485,1417.0,1047,278,92,0,15,133,64,50,0,0.9350741002117149,0.48120300751879697
2018,12973,486,954.0,644,262,48,0,8,74,10,36,0,0.949685534591195,0.13513513513513514
2018,12973,487,1775.0,1262,449,64,0,8,106,42,73,0,0.963943661971831,0.39622641509433965
2018,12973,488,1637.0,1056,502,79,0,15,110,36,62,0,0.9517409896151496,0.32727272727272727
2018,12973,489,1711.0,1199,443,69,0,13,121,30,78,0,0.9596727060198714,0.24793388429752067
2018,12973,490,1389.0,1090,271,28,0,19,83,36,38,0,0.9798416126709864,0.43373493975903615
2018,12973,491,1319.0,859,403,57,0,6,80,21,109,0,0.9567854435178166,0.2625
2018,12973,492,973.0,672,264,37,0,2,52,15,57,0,0.9619732785200411,0.28846153846153844
2018,12973,496,1682.0,1125,484,73,0,5,94,29,103,0,0.9565992865636147,0.30851063829787234
2018,12973,498,1937.0,1403,467,67,0,18,174,38,87,0,0.9654104284976768,0.21839080459770116
2018,12973,499,1644.0,1120,442,82,2,7,110,39,55,0,0.9501216545012166,0.35454545454545455
2018,12973,500,2126.0,1530,538,58,2,7,120,34,105,0,0.9727187206020697,0.2833333333333333
2018,12973,502,1896.0,1340,490,66,0,5,98,49,80,0,0.9651898734177216,0.5
2018,12973,503,1885.0,1385,428,72,0,20,99,50,88,0,0.9618037135278514,0.5050505050505051
2018,12973,505,1905.0,1362,473,70,0,11,230,29,103,0,0.963254593175853,0.12608695652173912
2018,12973,507,1866.0,1338,443,85,0,11,111,33,105,0,0.9544480171489818,0.2972972972972973
2018,12973,508,2208.0,1599,545,64,2,8,102,34,158,0,0.9710144927536232,0.3333333333333333
2018,12973,509,1840.0,1298,489,53,0,18,148,42,89,0,0.971195652173913,0.28378378378378377
2018,12973,510,1916.0,1344,496,76,0,13,80,31,71,0,0.9603340292275574,0.3875
2018,12973,511,913.0,609,260,44,0,12,120,25,30,0,0.9518072289156626,0.20833333333333334
2018,12973,513,1975.0,1426,499,50,0,19,122,46,121,0,0.9746835443037974,0.3770491803278688
2018,12973,514,1625.0,1152,402,71,0,14,166,28,74,0,0.9563076923076923,0.1686746987951807
2018,12973,515,1434.0,951,395,88,0,6,153,25,87,0,0.9386331938633193,0.16339869281045752
2018,12973,517,1059.0,722,286,51,0,4,55,11,65,0,0.9518413597733711,0.2
2018,12973,518,2183.0,1531,559,93,1,18,106,43,137,0,0.9573980760421439,0.4056603773584906
2018,12973,519,1992.0,1393,526,73,1,12,107,32,137,0,0.9633534136546185,0.29906542056074764
2018,12973,520,1529.0,1023,403,103,0,24,106,37,92,0,0.9326357096141269,0.3490566037735849
2018,12973,521,1975.0,1429,483,63,1,17,141,40,103,0,0.9681012658227848,0.28368794326241137
2018,12973,522,1817.0,1473,300,44,2,9,78,27,88,0,0.9757842597688497,0.34615384615384615
2018,12973,523,1704.0,1269,382,53,0,11,114,29,87,0,0.9688967136150235,0.2543859649122807
2018,12973,524,1272.0,847,356,69,0,9,140,40,60,0,0.9457547169811321,0.2857142857142857
2018,12973,525,1328.0,892,373,63,1,9,78,34,77,0,0.9525602409638554,0.4358974358974359
2018,12973,527,2095.0,1510,521,64,2,4,78,18,132,0,0.9694510739856802,0.23076923076923078
2018,12973,528,2507.0,1822,632,53,0,9,32,32,143,3,0.9788591942560829,1.0
2018,12973,529,1975.0,1437,492,46,0,16,78,23,109,0,0.9767088607594937,0.2948717948717949
2018,12973,530,1664.0,1141,433,90,0,8,72,32,61,0,0.9459134615384616,0.4444444444444444
2018,12973,531,1650.0,1191,408,51,1,9,74,19,58,0,0.9690909090909091,0.25675675675675674
2018,12973,532,1271.0,878,334,59,0,11,198,36,55,0,0.953579858379229,0.18181818181818182
2018,12973,533,1292.0,948,302,42,1,13,46,24,55,0,0.9674922600619195,0.5217391304347826
2018,12973,534,1496.0,974,474,48,0,18,94,37,82,0,0.9679144385026738,0.39361702127659576
2018,12973,536,1534.0,993,491,50,1,13,88,34,91,0,0.9674054758800521,0.38636363636363635
2018,12973,537,1984.0,1401,507,76,2,16,103,25,80,0,0.9616935483870968,0.24271844660194175
2018,12973,538,1510.0,1034,405,71,0,13,80,34,68,0,0.9529801324503311,0.425
2018,12973,539,1734.0,1265,400,69,0,20,96,31,66,0,0.9602076124567474,0.3229166666666667
2018,12973,540,1421.0,1039,344,38,0,10,94,26,89,0,0.9732582688247713,0.2765957446808511
2018,12973,541,2000.0,1456,493,51,0,9,40,36,112,0,0.9745,0.9
2018,12973,543,1216.0,786,366,64,0,0,63,18,47,0,0.9473684210526315,0.2857142857142857
2018,12973,545,2071.0,1467,553,51,3,4,102,41,102,0,0.975374215354901,0.4019607843137255
2018,12973,546,1272.0,864,325,83,0,15,152,37,62,0,0.934748427672956,0.24342105263157895
2018,12973,547,1383.0,928,404,51,1,19,116,29,68,4,0.9631236442516269,0.25
2018,12973,548,1216.0,822,318,76,3,11,90,38,66,0,0.9375,0.4222222222222222
2018,12973,549,1558.0,1074,424,60,1,10,82,37,94,0,0.9614890885750963,0.45121951219512196
2018,12973,551,1970.0,1408,496,66,1,3,71,36,109,0,0.966497461928934,0.5070422535211268
2018,12973,553,1708.0,1164,443,101,1,11,161,55,98,0,0.9408665105386417,0.3416149068322981
2018,12973,554,1344.0,946,338,60,0,15,82,32,50,0,0.9553571428571429,0.3902439024390244
2018,12973,557,1452.0,1038,341,73,0,12,91,21,56,0,0.949724517906336,0.23076923076923078
2018,12973,559,1761.0,1395,324,42,0,19,81,46,75,0,0.9761499148211243,0.5679012345679012
2018,12973,560,1557.0,1078,397,82,1,14,196,27,57,0,0.9473346178548491,0.1377551020408163
2018,12973,561,2060.0,1447,546,67,2,22,154,34,101,0,0.9674757281553398,0.22077922077922077
2018,12973,562,2021.0,1394,526,101,0,13,121,54,106,0,0.9500247402276101,0.4462809917355372
2018,12973,563,1242.0,697,492,53,0,4,86,18,79,0,0.9573268921095008,0.20930232558139536
2018,12973,564,1833.0,1300,478,55,0,18,148,39,93,0,0.9699945444626296,0.2635135135135135
2018,12973,565,1225.0,744,438,43,0,3,40,4,109,0,0.9648979591836735,0.1
2018,12973,567,1745.0,1209,478,58,1,21,54,21,130,0,0.9667621776504298,0.3888888888888889
2018,12973,568,1706.0,1175,486,45,0,14,90,21,93,0,0.9736225087924971,0.23333333333333334
2018,12973,570,1451.0,984,403,64,2,12,140,24,52,0,0.9558924879393522,0.17142857142857143
2018,12973,571,1296.0,889,347,60,1,13,108,40,59,0,0.9537037037037037,0.37037037037037035
2018,12973,572,1852.0,1338,447,67,0,19,122,29,112,0,0.9638228941684666,0.23770491803278687
2018,12973,573,1517.0,1003,442,72,0,4,56,26,118,0,0.952537903757416,0.4642857142857143
2018,12973,574,2139.0,1532,538,69,1,13,106,31,126,3,0.967741935483871,0.29245283018867924
2018,12973,575,2053.0,1489,508,56,0,10,130,50,89,0,0.9727228446176327,0.38461538461538464
2018,12973,576,1657.0,1162,427,68,1,9,136,15,98,0,0.9589619794809897,0.11029411764705882
2018,12973,577,1220.0,809,327,84,0,9,72,24,46,0,0.9311475409836065,0.3333333333333333
2018,12973,578,1646.0,1147,447,52,0,9,58,34,81,0,0.968408262454435,0.5862068965517241
2018,12973,580,1329.0,903,386,40,2,11,69,23,73,0,0.9699021820917983,0.3333333333333333
2018,12973,581,1278.0,837,376,65,0,11,80,26,98,0,0.9491392801251957,0.325
2018,12973,583,1212.0,772,382,58,0,13,72,45,73,0,0.9521452145214522,0.625
2018,12973,584,1819.0,1286,442,91,2,3,141,29,111,0,0.9499725123694338,0.20567375886524822
2018,12973,585,1142.0,771,313,58,1,5,96,25,43,0,0.9492119089316988,0.2604166666666667
2018,12973,587,1865.0,1306,501,58,0,14,116,36,137,0,0.9689008042895443,0.3103448275862069
2018,12973,588,1375.0,851,441,83,0,1,26,8,81,0,0.9396363636363636,0.3076923076923077
2018,12973,589,1433.0,942,420,71,0,9,120,29,89,0,0.9504535938590369,0.24166666666666667
2018,12973,590,1825.0,1303,453,69,0,8,132,52,108,0,0.9621917808219178,0.3939393939393939
2018,12973,591,1571.0,1092,396,83,0,29,102,24,82,0,0.9471674092934437,0.23529411764705882
2018,12973,593,1320.0,965,298,57,1,12,136,41,64,0,0.9568181818181818,0.3014705882352941
2018,12973,596,1560.0,1094,383,83,0,26,170,43,48,0,0.9467948717948718,0.2529411764705882
2018,12973,601,1634.0,1102,480,52,1,10,69,22,104,0,0.9681762545899633,0.3188405797101449
2018,12973,602,1272.0,919,320,33,0,2,30,6,78,0,0.9740566037735849,0.2
2018,12973,603,2079.0,1508,518,53,1,11,74,30,101,0,0.9745069745069745,0.40540540540540543
2018,12973,605,1446.0,989,395,62,0,25,102,28,71,0,0.9571230982019364,0.27450980392156865
2018,12973,606,1798.0,1257,497,44,1,10,84,46,104,0,0.9755283648498332,0.5476190476190477
2018,12973,607,1167.0,805,310,52,0,7,142,28,53,0,0.9554413024850043,0.19718309859154928
2018,12973,608,1584.0,1153,373,58,4,3,103,34,90,0,0.9633838383838383,0.3300970873786408
2018,12973,609,2130.0,1524,553,53,0,12,53,31,102,0,0.9751173708920188,0.5849056603773585
2018,12973,610,2003.0,1428,512,63,0,6,73,36,134,0,0.9685471792311533,0.4931506849315068
2018,12973,611,1084.0,750,257,77,0,7,174,26,38,0,0.9289667896678967,0.14942528735632185
2018,12973,613,1348.0,913,360,75,1,19,232,41,71,0,0.9443620178041543,0.17672413793103448
2018,12973,614,1379.0,920,395,64,1,4,60,19,77,3,0.9535895576504714,0.31666666666666665
2018,12973,617,1432.0,1041,296,95,0,32,264,16,41,0,0.9336592178770949,0.06060606060606061
2018,12973,618,776.0,610,148,18,0,4,37,17,57,2,0.9768041237113402,0.4594594594594595
2018,12973,621,1391.0,944,374,73,0,12,76,21,72,0,0.9475197699496765,0.27631578947368424
2018,12973,622,1804.0,1234,508,62,1,22,96,34,78,0,0.9656319290465631,0.3541666666666667
2018,12973,623,1387.0,987,337,63,0,10,84,32,73,0,0.9545782263878875,0.38095238095238093
2018,12973,624,2098.0,1493,546,59,0,11,64,20,116,0,0.9718779790276454,0.3125
2018,12973,625,2356.0,1688,585,83,1,9,136,39,68,0,0.9647707979626485,0.2867647058823529
2018,12973,626,1599.0,1032,523,44,0,5,82,28,80,0,0.9724828017510945,0.34146341463414637
2018,12973,627,2025.0,1449,516,60,3,22,64,40,113,0,0.9703703703703703,0.625
2018,12973,628,1872.0,1331,465,76,0,7,108,26,78,0,0.9594017094017094,0.24074074074074073
2018,12973,629,2008.0,1380,567,61,2,12,124,34,157,0,0.9696215139442231,0.27419354838709675
2018,12973,630,1995.0,1422,530,43,0,13,100,49,148,0,0.9784461152882206,0.49
2018,12973,631,2010.0,1389,549,72,1,7,94,52,129,0,0.9641791044776119,0.5531914893617021
2018,12973,632,1418.0,1024,331,63,1,14,156,7,62,0,0.9555712270803949,0.04487179487179487
2018,12973,633,1572.0,1083,433,56,0,9,122,34,80,0,0.9643765903307888,0.2786885245901639
2018,12973,635,1513.0,1124,323,66,0,5,40,8,85,0,0.9563780568407139,0.2
2018,12973,637,1794.0,1233,494,67,0,8,88,31,130,0,0.9626532887402452,0.3522727272727273
2018,12973,638,1628.0,1153,419,56,0,17,64,26,74,0,0.9656019656019657,0.40625
2018,12973,639,1955.0,1362,529,64,0,7,137,37,97,0,0.9672634271099744,0.27007299270072993
2018,12973,642,1293.0,881,342,70,0,9,136,49,69,0,0.945862335653519,0.3602941176470588
2018,12973,643,1403.0,993,357,53,0,6,116,44,70,0,0.962223806129722,0.3793103448275862
2018,12973,645,1873.0,1266,534,73,0,6,130,35,114,0,0.9610250934329952,0.2692307692307692
2018,12973,646,1989.0,1474,471,44,1,11,102,35,108,0,0.9778783308195073,0.3431372549019608
2018,12973,648,1545.0,988,518,39,0,2,62,27,109,0,0.974757281553398,0.43548387096774194
2018,12973,649,1860.0,1299,504,57,1,22,144,32,73,0,0.9693548387096774,0.2222222222222222
2018,12973,651,1758.0,1271,437,50,1,10,110,48,89,0,0.9715585893060296,0.43636363636363634
2018,12973,654,1924.0,1329,535,60,0,10,120,30,140,0,0.9688149688149689,0.25
2018,12973,655,2249.0,1587,590,72,0,8,62,46,119,4,0.9679857714539796,0.7419354838709677
2018,12973,656,1531.0,1038,420,73,2,14,96,28,59,0,0.9523187459177008,0.2916666666666667
2018,12973,657,1972.0,1428,502,42,0,14,110,36,122,0,0.9787018255578094,0.32727272727272727
2018,12973,659,2151.0,1515,568,68,0,21,109,25,128,0,0.9683867968386797,0.22935779816513763
2018,12973,660,1943.0,1372,515,56,0,11,106,41,105,0,0.9711785898095728,0.3867924528301887
2018,12973,661,2129.0,1505,529,95,0,10,90,49,158,0,0.9553781117895725,0.5444444444444444
2018,12973,662,1752.0,1206,478,68,3,9,122,30,93,0,0.9611872146118722,0.2459016393442623
2018,12973,664,2326.0,1651,611,64,0,4,96,36,107,0,0.9724849527085124,0.375
2018,12973,665,1562.0,1083,413,66,0,15,146,39,99,0,0.9577464788732394,0.2671232876712329
2018,12973,669,2075.0,1507,517,51,0,8,104,19,131,0,0.9754216867469879,0.18269230769230768
2018,12973,670,2208.0,1521,626,61,0,4,112,40,153,0,0.9723731884057971,0.35714285714285715
2018,12973,671,2023.0,1456,532,35,1,15,103,36,129,3,0.9826989619377162,0.34951456310679613
2018,12973,673,1520.0,1026,433,61,1,13,96,20,86,0,0.9598684210526316,0.20833333333333334
2018,12973,674,2142.0,1556,538,48,1,17,38,43,81,0,0.9775910364145658,1.131578947368421
2018,12973,676,1843.0,1282,502,59,0,18,157,56,112,0,0.9679869777536625,0.35668789808917195
2018,12973,678,2253.0,1636,561,56,0,14,75,38,74,0,0.9751442521083,0.5066666666666667
2018,12973,679,1603.0,1090,452,61,0,11,130,47,66,0,0.9619463505926388,0.36153846153846153
2018,12973,681,1090.0,752,285,53,2,12,90,46,50,0,0.9513761467889909,0.5111111111111111
2018,12973,682,1506.0,1017,424,65,0,20,127,32,77,0,0.9568393094289509,0.25196850393700787
2018,12973,683,1753.0,1251,467,35,0,9,77,46,103,0,0.980034227039361,0.5974025974025974
2018,12973,684,1484.0,1026,402,56,2,27,125,18,67,0,0.9622641509433962,0.144
2018,12973,685,1265.0,825,357,83,0,17,52,28,72,0,0.9343873517786562,0.5384615384615384
2018,12973,686,1677.0,1231,395,51,1,7,110,39,86,0,0.9695885509838998,0.35454545454545455
2018,12973,689,2012.0,1425,531,56,0,16,128,39,135,0,0.9721669980119284,0.3046875
2018,12973,692,2360.0,1754,537,69,1,14,84,32,148,0,0.9707627118644068,0.38095238095238093
2018,12973,694,2086.0,1486,536,64,0,12,136,29,126,0,0.9693192713326941,0.21323529411764705
2018,12973,695,1813.0,1301,430,82,0,10,106,46,93,0,0.9547710976282405,0.4339622641509434
2018,12973,696,1950.0,1427,468,55,0,6,90,32,77,0,0.9717948717948718,0.35555555555555557
2018,12973,697,2303.0,1619,627,57,0,12,107,31,125,0,0.9752496743378203,0.2897196261682243
2018,12973,698,2056.0,1502,499,55,0,5,66,27,102,0,0.9732490272373541,0.4090909090909091
2018,12973,699,1947.0,1378,503,66,2,15,133,36,84,2,0.9661016949152542,0.2706766917293233
2018,12973,700,2423.0,1713,642,68,3,18,176,33,156,0,0.9719356170037144,0.1875
2018,12973,702,2079.0,1499,516,64,0,8,127,40,126,0,0.9692159692159692,0.31496062992125984
2018,12973,703,1842.0,1152,640,50,0,1,69,29,183,0,0.9728555917480999,0.42028985507246375
2018,12973,706,2086.0,1469,552,65,1,2,100,30,128,0,0.9688398849472675,0.3
2018,12973,707,1412.0,937,398,77,0,11,123,53,49,0,0.9454674220963173,0.43089430894308944
2018,12973,711,2001.0,1393,533,75,0,31,191,63,123,0,0.9625187406296851,0.3298429319371728
2018,12973,712,1502.0,1045,424,33,0,7,60,25,98,0,0.978029294274301,0.4166666666666667
2018,12973,713,1208.0,832,328,48,1,8,94,20,67,0,0.9602649006622517,0.2127659574468085
2018,12973,715,1318.0,994,265,59,1,8,83,31,62,0,0.9552352048558422,0.37349397590361444
2018,12973,716,2304.0,1667,581,56,1,4,78,43,127,0,0.9756944444444444,0.5512820512820513
2018,12973,717,1367.0,940,366,61,1,15,104,20,67,0,0.9553767373811266,0.19230769230769232
2018,12973,718,1926.0,1351,521,54,0,16,139,32,124,3,0.9719626168224299,0.2302158273381295
2018,12973,720,1597.0,1053,443,101,3,4,151,78,58,0,0.936756418284283,0.5165562913907285
2018,12973,721,1806.0,1282,485,39,1,5,70,47,122,1,0.978405315614618,0.6714285714285714
2018,12973,722,248.0,189,45,14,0,0,10,5,12,0,0.9435483870967742,0.5
2018,12973,724,1471.0,1006,393,72,0,11,110,34,63,0,0.9510537049626104,0.3090909090909091
2018,12973,725,1929.0,1461,420,48,1,6,117,41,82,0,0.9751166407465007,0.3504273504273504
2018,12973,726,1667.0,1123,502,42,0,4,50,27,84,0,0.9748050389922016,0.54
2018,12973,727,1533.0,1041,441,51,0,14,72,35,81,0,0.9667318982387475,0.4861111111111111
2018,12973,728,1357.0,919,380,58,0,2,108,21,50,0,0.9572586588061901,0.19444444444444445
2018,12973,732,1872.0,1349,473,50,0,19,112,51,102,0,0.9732905982905983,0.45535714285714285
2018,12973,733,564.0,380,159,25,1,6,66,14,14,0,0.9556737588652482,0.21212121212121213
2018,12973,734,911.0,566,283,62,0,8,49,23,52,0,0.9319429198682766,0.46938775510204084
2018,12973,735,1949.0,1382,514,53,0,9,86,43,108,0,0.9728065674704977,0.5
2018,12973,736,2141.0,1594,512,35,2,9,98,39,112,0,0.9836524988323213,0.3979591836734694
2018,12973,737,1319.0,876,396,47,0,6,60,30,109,0,0.9643669446550417,0.5
2018,12973,739,1746.0,1248,428,70,0,13,117,53,93,0,0.9599083619702177,0.452991452991453
2018,12973,740,1977.0,1494,452,31,0,7,100,46,96,0,0.9843196762771876,0.46
2018,12973,741,1799.0,1279,453,67,0,10,149,30,81,0,0.962757087270706,0.20134228187919462
2018,12973,742,2041.0,1454,511,76,1,9,143,38,121,0,0.9627633512983832,0.26573426573426573
2018,12973,743,1181.0,834,284,63,0,9,254,20,38,0,0.9466553767993227,0.07874015748031496
2018,12973,745,1353.0,908,381,64,0,10,60,16,88,0,0.9526977087952697,0.26666666666666666
2018,12973,746,2010.0,1459,495,56,0,13,69,35,99,0,0.972139303482587,0.5072463768115942
2018,12973,748,1957.0,1349,555,53,2,9,172,34,115,0,0.972917731221257,0.19767441860465115
2018,12973,749,2105.0,1538,505,62,0,11,119,19,92,0,0.9705463182897862,0.15966386554621848
2018,12973,750,1070.0,861,190,19,0,2,56,17,43,0,0.9822429906542056,0.30357142857142855
2018,12973,751,1280.0,995,234,51,0,3,63,17,48,0,0.96015625,0.2698412698412698
2018,12973,752,1380.0,958,364,58,0,15,143,35,73,0,0.9579710144927536,0.24475524475524477
2018,12973,753,1481.0,995,400,86,0,1,119,24,73,0,0.9419311276164753,0.20168067226890757
2018,12973,754,1854.0,1321,490,43,0,9,92,38,117,3,0.97680690399137,0.41304347826086957
2018,12973,755,1299.0,908,321,70,0,2,76,21,37,0,0.9461123941493457,0.27631578947368424
2018,12973,756,2282.0,1602,627,53,0,9,65,34,136,0,0.976774758983348,0.5230769230769231
2018,12973,757,1603.0,1119,418,66,2,21,58,31,96,0,0.9588271990018715,0.5344827586206896
2018,12973,759,1750.0,1215,484,51,2,15,70,24,121,3,0.9708571428571429,0.34285714285714286
2018,12973,761,136.0,67,54,15,0,0,0,0,5,0,0.8897058823529411,
2018,12973,762,1016.0,678,279,59,1,9,144,20,35,0,0.9419291338582677,0.1388888888888889
2018,12973,764,1199.0,877,276,46,1,24,142,43,58,0,0.9616346955796498,0.3028169014084507
2018,12973,765,1585.0,1103,413,69,0,14,74,19,81,3,0.9564668769716088,0.25675675675675674
2018,12973,766,1761.0,1242,452,67,0,5,76,43,93,0,0.9619534355479841,0.5657894736842105
2018,12973,767,1880.0,1325,483,72,0,11,106,22,118,0,0.9617021276595744,0.20754716981132076
2018,12973,768,1963.0,1449,440,74,0,5,96,42,128,0,0.9623025980641875,0.4375
2018,12973,769,2013.0,1414,512,87,2,6,163,49,95,0,0.9567809239940388,0.3006134969325153
2018,12973,771,1761.0,1244,451,66,0,11,152,39,65,0,0.9625212947189097,0.2565789473684211
2018,12973,772,1336.0,883,416,37,0,0,61,11,82,0,0.9723053892215568,0.18032786885245902
2018,12973,773,776.0,630,124,22,0,13,86,14,38,0,0.9716494845360825,0.16279069767441862
2018,12973,774,1739.0,1257,427,55,1,3,68,31,103,0,0.968372627947096,0.45588235294117646
2018,12973,775,1642.0,1138,436,68,2,19,104,37,134,0,0.9585870889159561,0.3557692307692308
2018,12973,777,1508.0,1035,423,50,1,23,108,48,93,0,0.96684350132626,0.4444444444444444
2018,12973,778,1465.0,974,404,87,0,22,106,28,74,0,0.9406143344709897,0.2641509433962264
2018,12973,779,1512.0,1032,403,77,0,18,35,17,64,0,0.9490740740740741,0.4857142857142857
2018,12973,780,1077.0,726,320,31,0,10,105,32,55,0,0.9712163416898792,0.3047619047619048
2018,12973,782,2069.0,1505,502,62,1,10,70,32,142,0,0.9700338327694539,0.45714285714285713
2018,12973,783,1386.0,956,372,58,0,5,104,32,87,0,0.9581529581529582,0.3076923076923077
2018,12973,784,1173.0,802,302,69,0,9,164,23,77,0,0.9411764705882353,0.1402439024390244
2018,12973,785,1915.0,1315,538,62,1,7,48,28,119,0,0.9676240208877285,0.5833333333333334
2018,12973,786,2051.0,1432,557,62,0,11,176,65,104,0,0.96977084349098,0.3693181818181818
2018,12973,787,1445.0,1001,373,71,0,9,96,24,77,0,0.9508650519031142,0.25
2018,12973,789,1007.0,717,234,56,0,8,72,22,59,0,0.9443892750744787,0.3055555555555556
2018,12973,790,1348.0,974,318,56,1,3,96,37,49,0,0.9584569732937686,0.3854166666666667
2018,12973,792,1880.0,1429,405,46,1,10,181,31,61,0,0.975531914893617,0.1712707182320442
2018,12973,795,1490.0,1044,380,66,0,7,100,61,78,0,0.9557046979865772,0.61
2018,12973,797,1966.0,1390,496,80,1,21,130,40,124,0,0.9593082400813835,0.3076923076923077
2018,12973,798,1662.0,1155,460,47,0,10,64,33,85,0,0.9717208182912154,0.515625
2018,12973,799,1175.0,814,284,77,0,23,158,11,50,0,0.934468085106383,0.06962025316455696
2018,12973,800,1456.0,1012,351,93,1,43,220,37,53,0,0.9361263736263736,0.16818181818181818
2018,12973,802,1403.0,973,375,55,0,12,68,42,85,0,0.9607982893799002,0.6176470588235294
2018,12973,803,1348.0,933,347,68,0,25,98,48,57,0,0.9495548961424333,0.4897959183673469
2018,12973,804,1279.0,884,316,79,0,6,176,16,54,0,0.9382329945269742,0.09090909090909091
2018,12973,805,1437.0,997,385,55,4,7,50,24,82,0,0.9617258176757133,0.48
2018,12973,806,1362.0,958,333,71,2,12,86,33,49,0,0.9478707782672541,0.38372093023255816
2018,12973,807,1922.0,1335,545,42,1,18,70,26,136,0,0.9781477627471384,0.37142857142857144
2018,12973,808,1226.0,872,288,66,1,15,112,32,35,0,0.9461663947797716,0.2857142857142857
2018,12973,809,1291.0,880,337,74,0,11,112,22,38,0,0.9426800929512006,0.19642857142857142
2018,12973,810,2156.0,1492,619,45,0,12,82,27,131,0,0.9791280148423006,0.32926829268292684
2018,12973,812,1249.0,792,411,46,1,5,69,43,62,0,0.9631705364291433,0.6231884057971014
2018,12973,813,1669.0,1187,457,25,0,6,100,26,106,0,0.9850209706411025,0.26
2018,12973,815,1483.0,1046,361,76,0,11,91,41,54,0,0.9487525286581254,0.45054945054945056
2018,12973,817,2043.0,1420,531,92,0,14,142,47,105,0,0.9549681840430739,0.33098591549295775
2018,12973,929,1652.0,1154,414,84,3,13,130,39,90,0,0.9491525423728814,0.3
2018,12973,934,1107.0,710,316,81,0,19,142,26,32,0,0.926829268292683,0.18309859154929578
2018,12973,938,1333.0,980,308,45,0,8,114,33,55,0,0.9662415603900976,0.2894736842105263
2018,12973,939,1299.0,928,314,57,3,11,102,27,86,0,0.9561200923787528,0.2647058823529412
2018,12973,947,1837.0,1297,462,78,0,3,72,28,110,0,0.9575394665215025,0.3888888888888889
2018,12973,953,1097.0,740,294,63,0,12,147,24,47,0,0.9425706472196901,0.16326530612244897
2018,12973,962,1245.0,840,341,64,0,11,133,31,48,3,0.9485943775100402,0.23308270676691728
2018,12973,966,1721.0,1194,450,77,0,20,174,36,76,0,0.9552585705984893,0.20689655172413793
2018,12973,973,1480.0,1064,367,49,0,5,92,19,100,3,0.9668918918918918,0.20652173913043478
2018,12973,984,1513.0,1046,403,64,0,21,126,37,92,0,0.9576999339061467,0.29365079365079366
2018,12973,985,798.0,551,207,40,0,17,133,23,35,0,0.949874686716792,0.17293233082706766
2018,12973,987,929.0,551,311,67,0,7,141,15,49,0,0.9278794402583423,0.10638297872340426
2018,12973,995,1634.0,1095,451,88,0,12,186,50,78,0,0.9461444308445532,0.26881720430107525
2018,12973,996,1534.0,1075,381,78,1,17,152,29,63,0,0.9491525423728814,0.19078947368421054
2018,12973,1000,1784.0,1259,454,71,0,12,64,34,129,3,0.9602017937219731,0.53125
2018,12973,1004,2045.0,1409,589,47,2,9,95,80,108,3,0.9770171149144254,0.8421052631578947
2018,12973,1009,1872.0,1385,442,45,0,16,76,58,88,0,0.9759615384615384,0.7631578947368421
2018,12973,1010,1789.0,1271,429,89,0,24,118,48,91,0,0.9502515371716043,0.4067796610169492
2018,12973,1013,1867.0,1300,479,88,0,12,122,22,99,0,0.9528655597214784,0.18032786885245902
2018,12973,1014,1678.0,1107,530,41,1,2,41,16,123,0,0.9755661501787842,0.3902439024390244
2018,12973,1015,1683.0,1172,421,90,2,15,143,35,73,0,0.946524064171123,0.24475524475524477
2018,12973,1023,1436.0,1008,343,85,1,19,146,32,80,0,0.9408077994428969,0.2191780821917808
2018,12973,1028,1247.0,953,235,59,0,6,94,25,61,0,0.9526864474739375,0.26595744680851063
2018,12973,1036,1226.0,879,304,43,1,7,108,28,68,0,0.9649265905383361,0.25925925925925924
2018,12973,1045,1864.0,1292,530,42,0,6,66,16,113,0,0.9774678111587983,0.24242424242424243
2018,12973,1057,1692.0,1186,453,53,1,11,83,27,118,0,0.9686761229314421,0.3253012048192771
2018,12973,1062,1060.0,756,267,37,1,14,67,40,29,0,0.9650943396226415,0.5970149253731343
2018,12973,1064,977.0,653,270,54,0,0,72,31,53,0,0.9447287615148413,0.4305555555555556
2018,12973,1066,1349.0,917,349,83,2,20,108,32,56,0,0.938472942920682,0.2962962962962963
2018,12973,1068,2236.0,1591,577,68,0,17,138,38,100,0,0.9695885509838998,0.2753623188405797
2018,12973,1071,2227.0,1540,606,81,0,11,70,35,133,0,0.9636281993713516,0.5
2018,12973,1072,1700.0,1244,366,90,0,30,222,24,74,0,0.9470588235294117,0.10810810810810811
2018,12973,1076,1315.0,925,313,77,0,21,110,34,44,0,0.9414448669201521,0.3090909090909091
2018,12973,1079,1202.0,904,255,43,0,28,76,29,53,0,0.9642262895174709,0.3815789473684211
2018,12973,1085,1493.0,1090,351,52,0,9,100,30,72,0,0.9651707970529136,0.3
2018,12973,1092,2134.0,1499,570,65,0,6,130,32,107,0,0.9695407685098407,0.24615384615384617
2018,12973,1096,1963.0,1469,457,37,0,8,84,26,82,0,0.9811512990320937,0.30952380952380953
2018,12973,1097,1566.0,1089,411,66,0,16,137,42,78,0,0.9578544061302682,0.30656934306569344
2018,12973,1098,1386.0,954,365,67,0,11,110,52,59,0,0.9516594516594516,0.4727272727272727
2018,12973,1099,1200.0,813,318,69,1,8,116,23,74,0,0.9425,0.19827586206896552
2018,12973,1104,2137.0,1522,561,54,2,8,69,26,106,0,0.9747309312119794,0.37681159420289856
2018,12973,1111,1551.0,1037,438,76,2,9,60,46,93,0,0.9509993552546744,0.7666666666666667
2018,12973,1112,1473.0,972,431,70,0,14,106,34,94,0,0.9524779361846571,0.32075471698113206
2018,12973,1115,1097.0,783,265,49,0,16,96,17,60,0,0.9553327256153145,0.17708333333333334
2018,12973,1123,1683.0,1241,384,58,0,5,77,24,79,0,0.9655377302436126,0.3116883116883117
2018,12973,1124,1448.0,981,401,66,0,11,128,35,87,0,0.9544198895027625,0.2734375
2018,12973,1130,965.0,569,347,49,0,1,58,20,64,0,0.9492227979274611,0.3448275862068966
2018,12973,1133,943.0,669,243,31,1,5,85,13,45,0,0.9671261930010604,0.15294117647058825
2018,12973,1157,2062.0,1454,546,62,1,8,114,44,107,0,0.9699321047526673,0.38596491228070173
2018,12973,1159,1237.0,834,325,78,2,7,74,22,36,0,0.936944219886823,0.2972972972972973
2018,12973,1162,1376.0,1085,244,47,0,14,77,29,71,0,0.965843023255814,0.37662337662337664
2018,12973,1163,1616.0,1124,403,89,0,16,109,16,59,0,0.9449257425742574,0.14678899082568808
2018,12973,1164,781.0,585,161,35,0,13,133,18,23,0,0.9551856594110115,0.13533834586466165
2018,12973,1167,1696.0,1247,366,83,1,27,107,34,73,0,0.9510613207547169,0.3177570093457944
2018,12973,1170,1549.0,1171,309,69,0,14,76,37,73,5,0.9554551323434474,0.4868421052631579
2018,12973,1174,1378.0,917,404,57,0,5,103,13,103,2,0.9586357039187228,0.1262135922330097
2018,12973,1176,2017.0,1437,523,57,0,19,108,47,88,0,0.9717402082300446,0.4351851851851852
2018,12973,1179,722.0,555,138,29,1,9,66,28,12,0,0.9598337950138505,0.42424242424242425
2018,12973,1192,1176.0,694,401,81,0,9,75,21,73,0,0.9311224489795918,0.28
2018,12973,1196,1179.0,852,284,43,0,2,83,34,54,0,0.9635284139100933,0.40963855421686746
2018,12973,1199,1505.0,1024,400,81,1,6,86,18,79,3,0.9461794019933555,0.20930232558139536
2018,12973,1203,1332.0,943,319,70,2,13,112,22,44,0,0.9474474474474475,0.19642857142857142
2018,12973,1226,1078.0,742,270,66,0,4,151,30,55,0,0.9387755102040817,0.1986754966887417
2018,12973,1238,1413.0,1094,269,50,0,8,75,19,78,0,0.9646142958244869,0.25333333333333335
2018,12973,1245,1606.0,1158,398,50,1,13,70,30,87,0,0.9688667496886675,0.42857142857142855
2018,12973,1254,1564.0,1039,440,85,0,11,104,41,75,0,0.9456521739130435,0.3942307692307692
2018,12973,1257,1380.0,937,396,47,1,16,50,31,70,0,0.9659420289855073,0.62
2018,12973,1274,1593.0,1121,408,64,2,18,88,34,56,0,0.9598242310106717,0.38636363636363635
2018,12973,1277,1754.0,1214,459,81,0,6,92,56,110,1,0.9538198403648803,0.6086956521739131
2018,12973,1289,1286.0,889,336,61,0,10,50,20,77,0,0.9525660964230172,0.4
2018,12973,1297,1661.0,1129,461,71,1,4,126,32,82,0,0.9572546658639374,0.25396825396825395
2018,12973,1305,1247.0,824,375,48,1,14,74,40,62,0,0.9615076182838813,0.5405405405405406
2018,12973,1314,1913.0,1328,514,71,2,15,68,33,90,0,0.9628855201254574,0.4852941176470588
2018,12973,1315,1114.0,746,311,57,0,4,71,20,47,0,0.9488330341113106,0.28169014084507044
2018,12973,1318,1816.0,1246,487,83,0,22,144,50,80,0,0.954295154185022,0.3472222222222222
2018,12973,1320,1912.0,1390,462,60,0,17,166,46,87,0,0.9686192468619247,0.27710843373493976
2018,12973,1328,1695.0,1180,442,73,0,8,112,32,93,0,0.9569321533923304,0.2857142857142857
2018,12973,1332,1163.0,841,281,41,0,5,60,24,46,0,0.9647463456577816,0.4
2018,12973,1334,1806.0,1310,427,69,0,9,59,33,84,0,0.9617940199335548,0.559322033898305
2018,12973,1340,1536.0,1055,431,50,0,10,83,53,74,0,0.9674479166666666,0.6385542168674698
2018,12973,1343,1665.0,1133,449,83,0,21,134,29,108,0,0.9501501501501501,0.21641791044776118
2018,12973,1346,1816.0,1269,472,75,0,11,96,23,120,0,0.9587004405286343,0.23958333333333334
2018,12973,1347,1452.0,992,393,67,0,6,117,33,62,0,0.9538567493112947,0.28205128205128205
2018,12973,1348,1786.0,1255,477,54,0,12,116,27,106,0,0.9697648376259799,0.23275862068965517
2018,12973,1355,986.0,650,278,58,1,4,73,15,60,0,0.9411764705882353,0.2054794520547945
2018,12973,1356,2056.0,1458,535,63,2,12,101,35,89,0,0.9693579766536965,0.3465346534653465
2018,12973,1371,1078.0,691,327,60,0,1,70,9,70,0,0.9443413729128015,0.12857142857142856
2018,12973,1376,1902.0,1339,485,78,1,10,77,37,68,0,0.9589905362776026,0.4805194805194805
2018,12973,1390,1494.0,1018,418,58,1,18,86,33,88,0,0.9611780455153949,0.38372093023255816
2018,12973,1395,1744.0,1223,458,63,2,16,61,37,86,0,0.9638761467889908,0.6065573770491803
2018,12973,1400,2005.0,1416,515,74,1,5,48,40,124,0,0.9630922693266832,0.8333333333333334
2018,12973,1403,1509.0,1067,375,67,0,16,116,29,62,0,0.9555997349237906,0.25
2018,12973,1433,1464.0,1024,375,65,1,6,153,43,70,0,0.9556010928961749,0.28104575163398693
2018,12973,1438,1421.0,1014,343,64,0,14,131,21,61,0,0.9549612948627727,0.16030534351145037
2018,12973,1439,1387.0,992,350,45,1,13,87,6,91,0,0.9675558759913482,0.06896551724137931
2018,12973,1446,1526.0,1006,473,47,0,7,41,26,108,0,0.9692005242463958,0.6341463414634146
2018,12973,1450,1252.0,835,355,62,0,11,82,16,52,0,0.950479233226837,0.1951219512195122
2018,12973,1460,2024.0,1431,527,66,0,7,98,28,104,0,0.967391304347826,0.2857142857142857
2018,12973,1461,1392.0,949,371,72,0,12,152,28,81,0,0.9482758620689655,0.18421052631578946
2018,12973,1462,1967.0,1346,534,87,0,8,66,30,100,0,0.9557702084392475,0.45454545454545453
2018,12973,1468,1209.0,812,349,48,0,10,136,16,79,0,0.9602977667493796,0.11764705882352941
2018,12973,2678,1187.0,892,242,53,3,6,114,30,46,0,0.9553496208930076,0.2631578947368421
2018,12973,2683,1669.0,1136,488,45,0,9,48,17,109,0,0.9730377471539844,0.3541666666666667
2018,12973,2694,1237.0,875,296,66,1,2,89,13,49,0,0.946645109135004,0.14606741573033707
2018,12973,2696,1389.0,919,389,81,1,1,32,13,63,0,0.9416846652267818,0.40625
2018,12973,2697,1672.0,1203,394,75,0,6,195,32,99,0,0.9551435406698564,0.1641025641025641
2018,12973,2711,1902.0,1381,460,61,1,8,110,34,86,0,0.9679284963196635,0.3090909090909091
2018,12973,2713,1476.0,1012,388,76,0,10,108,36,83,0,0.948509485094851,0.3333333333333333
2018,12973,2720,1665.0,1197,416,52,1,10,108,27,95,0,0.9687687687687687,0.25
2018,12973,2741,1334.0,930,340,64,1,20,128,23,63,0,0.952023988005997,0.1796875
2018,12973,2743,2103.0,1490,538,75,0,17,88,48,96,0,0.9643366619115549,0.5454545454545454
2018,12973,2746,758.0,507,218,33,0,14,85,19,18,0,0.9564643799472295,0.2235294117647059
2018,12973,2751,1131.0,746,346,39,2,14,89,30,62,0,0.9655172413793104,0.33707865168539325
2018,12973,2755,1618.0,1188,353,77,0,6,122,37,58,0,0.9524103831891224,0.30327868852459017
2018,12973,2758,1229.0,825,330,74,0,15,136,30,55,0,0.9397884458909682,0.22058823529411764
2018,12973,2814,1783.0,1202,504,77,0,14,89,47,92,0,0.9568143578238923,0.5280898876404494
2018,12973,2915,2278.0,1598,596,84,0,8,62,30,83,0,0.9631255487269534,0.4838709677419355
2018,12973,8366,1656.0,1126,452,78,1,11,122,49,71,0,0.9528985507246377,0.4016393442622951
2018,12973,8398,941.0,581,296,64,0,24,168,20,41,0,0.9319872476089267,0.11904761904761904
2018,12973,8411,1717.0,1225,436,56,0,7,85,49,113,0,0.9673849737914968,0.5764705882352941
2018,12973,8486,1036.0,676,304,56,1,21,92,17,65,0,0.9459459459459459,0.18478260869565216
2018,12973,8530,689.0,607,66,16,0,8,78,12,36,0,0.97677793904209,0.15384615384615385
2018,12973,8744,1412.0,1049,316,47,0,17,100,19,77,0,0.96671388101983,0.19
2018,12973,8746,1456.0,1058,337,61,0,4,159,41,45,0,0.9581043956043956,0.2578616352201258
2018,12973,8875,1162.0,811,288,63,1,10,89,35,30,0,0.9457831325301205,0.39325842696629215
2018,12973,8911,1040.0,648,320,72,0,7,162,21,32,0,0.9307692307692308,0.12962962962962962
2018,12973,8956,1720.0,1158,470,92,2,15,221,45,72,0,0.9465116279069767,0.20361990950226244
2018,12973,8968,1124.0,810,261,53,1,7,129,36,50,0,0.952846975088968,0.27906976744186046
2018,12973,8981,1618.0,1088,480,50,1,11,106,37,116,2,0.969097651421508,0.3490566037735849
2018,12973,9011,1757.0,1156,510,91,0,17,220,32,90,3,0.9482071713147411,0.14545454545454545
2018,12973,9012,1851.0,1296,490,65,0,14,84,44,88,0,0.9648838465694219,0.5238095238095238
2018,12973,9013,1900.0,1276,555,69,0,11,86,21,133,0,0.9636842105263158,0.2441860465116279
2018,12973,9223,2003.0,1437,496,70,0,7,62,21,83,0,0.9650524213679481,0.3387096774193548
2018,12973,9680,1831.0,1288,443,100,0,14,114,40,108,0,0.945385035499727,0.3508771929824561
2018,12973,9754,1779.0,1202,506,71,0,16,54,34,94,0,0.9600899381675099,0.6296296296296297
2018,12973,10411,1882.0,1373,431,78,1,8,105,41,52,0,0.9585547290116897,0.3904761904761905
2018,12973,10870,1764.0,1259,434,71,0,13,120,18,66,0,0.9597505668934241,0.15
2018,12973,11416,2042.0,1479,493,70,4,21,80,38,100,0,0.9657198824681684,0.475
2018,12973,11538,1167.0,888,236,43,1,18,126,13,50,0,0.9631533847472151,0.10317460317460317
2018,12973,11740,1641.0,1081,498,62,0,4,59,21,91,0,0.9622181596587447,0.3559322033898305
2018,12973,11839,1371.0,894,391,86,0,17,74,42,93,0,0.937272064186725,0.5675675675675675
2018,12973,12399,1297.0,867,361,69,1,13,70,20,67,0,0.9468003084040093,0.2857142857142857
2018,12973,12799,1077.0,772,249,56,0,22,113,23,49,0,0.9480037140204272,0.20353982300884957
2018,12973,12810,1742.0,1220,447,75,0,12,76,42,88,0,0.9569460390355913,0.5526315789473685
2018,12973,12830,1756.0,1206,473,77,2,16,68,26,148,0,0.9561503416856492,0.38235294117647056
2018,12973,12884,1076.0,699,329,48,1,9,134,26,56,0,0.9553903345724907,0.19402985074626866
2018,12973,13028,1577.0,1090,406,81,0,23,110,34,49,0,0.9486366518706405,0.3090909090909091
2018,12973,14927,2136.0,1479,589,68,2,15,162,52,105,0,0.9681647940074907,0.32098765432098764
2018,12973,15646,1562.0,1119,367,76,1,35,153,38,70,0,0.9513444302176697,0.24836601307189543
2018,12973,16142,1937.0,1300,563,74,0,10,86,33,147,0,0.9617965926690759,0.38372093023255816
2018,12973,17094,1300.0,932,320,48,0,17,164,29,74,0,0.963076923076923,0.17682926829268292
2018,12973,19651,1716.0,1156,505,55,0,18,68,22,139,0,0.967948717948718,0.3235294117647059
2018,12973,20220,1273.0,805,395,73,0,2,90,13,97,0,0.9426551453260016,0.14444444444444443
2018,12973,21830,1107.0,777,289,41,0,4,27,17,72,0,0.9629629629629629,0.6296296296296297
2018,12973,21852,1432.0,971,380,81,2,13,184,33,36,0,0.9434357541899442,0.1793478260869565
2018,12973,22235,1472.0,990,398,84,0,6,96,31,58,0,0.9429347826086957,0.3229166666666667
2018,12973,22626,1487.0,1021,404,62,0,16,162,27,86,0,0.9583053127101546,0.16666666666666666
2018,12973,23008,1223.0,890,274,59,0,8,124,48,40,0,0.9517579721995094,0.3870967741935484
2018,12973,23121,1497.0,1130,320,47,4,13,103,23,74,0,0.9686038744154977,0.22330097087378642
2018,12973,23157,1733.0,1271,402,60,2,17,206,34,87,0,0.9653779572994806,0.1650485436893204
2018,12973,23260,1439.0,1046,339,54,0,10,75,23,79,0,0.9624739402362752,0.30666666666666664
2018,12973,23624,1042.0,687,276,79,1,23,118,33,37,0,0.9241842610364683,0.2796610169491525
2018,12973,24317,1281.0,881,365,35,0,10,54,25,59,0,0.9726775956284153,0.46296296296296297
2018,12973,24639,1750.0,1315,366,69,0,9,91,28,53,0,0.9605714285714285,0.3076923076923077
2018,12973,25719,1269.0,882,318,69,0,6,104,33,84,0,0.9456264775413712,0.3173076923076923
2018,12973,26172,1546.0,1021,470,55,0,10,84,24,62,0,0.964424320827943,0.2857142857142857
2018,12973,27892,1282.0,885,356,41,0,18,72,26,81,0,0.96801872074883,0.3611111111111111
2018,12973,28593,1458.0,984,410,64,0,12,84,50,57,0,0.9561042524005487,0.5952380952380952
2018,12973,28594,1437.0,1017,329,91,0,11,252,40,34,0,0.9366736256089074,0.15873015873015872
2018,12973,28600,1965.0,1408,490,67,0,7,96,47,56,0,0.9659033078880407,0.4895833333333333
2018,12973,28749,1473.0,1020,379,74,1,10,132,27,72,0,0.9497623896809233,0.20454545454545456
2018,12973,28755,2010.0,1402,538,70,0,14,84,30,93,0,0.9651741293532339,0.35714285714285715
2018,12973,30002,1595.0,1097,428,70,0,11,89,47,62,0,0.9561128526645768,0.5280898876404494
2018,12973,30013,1887.0,1299,516,72,1,15,117,32,121,3,0.9618441971383148,0.27350427350427353
2018,12973,30024,1382.0,992,337,53,0,3,62,26,70,0,0.9616497829232996,0.41935483870967744
2018,12973,30028,2161.0,1486,604,71,0,7,79,37,135,0,0.967144840351689,0.46835443037974683
2018,12973,30031,1356.0,909,377,70,0,6,78,34,64,0,0.948377581120944,0.4358974358974359
2018,12973,30032,499.0,361,108,30,0,4,19,5,32,0,0.9398797595190381,0.2631578947368421
2018,12973,30035,928.0,632,219,77,0,16,100,22,33,0,0.9170258620689655,0.22
2018,12973,30036,1243.0,808,370,65,1,30,166,18,37,0,0.9477071600965407,0.10843373493975904
2018,12973,30037,1339.0,932,342,65,0,7,80,39,59,0,0.9514563106796117,0.4875
2018,12973,30038,1189.0,817,318,54,1,8,82,26,48,0,0.9545836837678722,0.3170731707317073
2018,12973,30042,1502.0,1014,419,69,0,6,52,20,113,0,0.9540612516644474,0.38461538461538464
2018,12973,30044,1292.0,887,344,61,1,22,114,18,56,0,0.9527863777089783,0.15789473684210525
2018,12973,30045,1669.0,1292,317,60,1,7,116,35,43,0,0.9640503295386459,0.3017241379310345
2018,12973,30047,1727.0,1200,438,89,0,13,60,22,83,0,0.9484655471916619,0.36666666666666664
2018,12973,30050,1350.0,969,333,48,0,7,57,31,50,0,0.9644444444444444,0.543859649122807
2018,12973,30051,1223.0,799,378,46,0,9,67,13,93,0,0.9623875715453802,0.19402985074626866
2018,12973,30052,1645.0,1168,434,43,0,8,56,41,85,0,0.9738601823708206,0.7321428571428571
2018,12973,30055,2151.0,1471,598,82,1,15,61,44,139,0,0.9618781961878197,0.7213114754098361
2018,12973,30058,1704.0,1170,427,107,3,13,176,19,67,0,0.937206572769953,0.10795454545454546
2018,12973,30063,1706.0,1202,438,66,0,12,79,13,88,0,0.9613130128956624,0.16455696202531644
2018,12973,30064,1207.0,867,283,57,1,5,130,13,74,0,0.9527754763877382,0.1
2018,12973,30081,1695.0,1167,458,70,0,32,122,20,77,0,0.9587020648967551,0.16393442622950818
2018,12973,30083,1000.0,636,268,96,1,20,178,30,38,0,0.904,0.16853932584269662
2018,12973,30084,1163.0,777,313,73,2,11,74,24,76,0,0.937231298366294,0.32432432432432434
2018,12973,30085,1075.0,752,258,65,0,8,100,18,38,0,0.9395348837209302,0.18
2018,12973,30088,1476.0,1085,319,72,0,15,262,43,61,0,0.9512195121951219,0.16412213740458015
2018,12973,30090,1570.0,1104,401,65,0,21,112,36,73,0,0.9585987261146497,0.32142857142857145
2018,12973,30092,1862.0,1264,557,41,0,7,64,31,121,0,0.9779806659505907,0.484375
2018,12973,30093,1742.0,1194,485,63,0,6,68,49,117,0,0.9638346727898967,0.7205882352941176
2018,12973,30094,1087.0,737,277,73,0,22,189,34,45,0,0.9328426862925483,0.17989417989417988
2018,12973,30095,1758.0,1217,476,65,0,9,66,51,106,0,0.9630261660978384,0.7727272727272727
2018,12973,30105,1660.0,1155,452,53,2,15,45,26,99,0,0.9680722891566265,0.5777777777777777
2018,12973,30114,1404.0,914,419,71,2,13,68,47,124,0,0.9494301994301995,0.6911764705882353
2018,12973,30120,1415.0,1003,338,74,2,5,62,32,56,0,0.9477031802120142,0.5161290322580645
2018,12973,30123,1767.0,1229,469,69,1,13,82,49,103,0,0.9609507640067911,0.5975609756097561
2018,12973,30124,1303.0,903,327,73,0,27,124,34,44,0,0.9439754412893323,0.27419354838709675
2018,12973,30125,1680.0,1174,443,63,0,12,86,34,74,0,0.9625,0.3953488372093023
2018,12973,30126,1744.0,1200,475,69,0,12,150,44,85,0,0.9604357798165137,0.29333333333333333
2018,12973,30128,1309.0,908,347,54,0,10,92,27,85,0,0.9587471352177235,0.29347826086956524
2018,12973,30135,1650.0,1225,370,55,0,20,60,41,82,0,0.9666666666666667,0.6833333333333333
2018,12973,30136,1148.0,818,292,38,0,2,59,16,49,0,0.9668989547038328,0.2711864406779661
2018,12973,30137,1106.0,755,316,35,0,6,45,26,37,0,0.9683544303797469,0.5777777777777777
2018,12973,30138,1573.0,1098,410,65,0,13,184,40,66,0,0.9586776859504132,0.21739130434782608
2018,12973,30141,1639.0,1166,410,63,1,21,52,21,90,0,0.961561928004881,0.40384615384615385
2018,12973,30146,1786.0,1335,401,50,0,6,68,21,119,0,0.9720044792833147,0.3088235294117647
2018,12973,30147,1651.0,1142,437,72,0,11,60,23,94,0,0.9563900666262871,0.38333333333333336
2018,12973,30149,1902.0,1345,468,89,0,3,88,32,70,0,0.9532071503680336,0.36363636363636365
2018,12973,30151,1690.0,1163,457,70,0,19,98,47,93,0,0.9585798816568047,0.47959183673469385
2018,12973,30152,1372.0,942,353,77,0,5,78,19,74,0,0.9438775510204082,0.24358974358974358
2018,12973,30153,1718.0,1204,436,78,3,5,122,52,70,0,0.9545983701979045,0.4262295081967213
2018,12973,30154,1791.0,1291,439,61,0,4,78,39,70,0,0.9659408151870463,0.5
2018,12973,30160,1091.0,742,311,38,0,19,98,25,65,0,0.9651695692025665,0.25510204081632654
2018,12973,30164,1256.0,893,312,51,1,9,63,18,68,0,0.9593949044585988,0.2857142857142857
2018,12973,30166,879.0,587,219,73,0,44,316,10,44,0,0.9169510807736063,0.03164556962025317
2018,12973,30170,1080.0,659,345,76,1,17,161,37,45,0,0.9296296296296296,0.22981366459627328
2018,12973,30172,1440.0,991,362,87,0,25,168,30,46,0,0.9395833333333333,0.17857142857142858
2018,12973,30175,1695.0,1155,446,94,1,9,133,43,104,0,0.9445427728613569,0.3233082706766917
2018,12973,30177,1848.0,1271,506,71,0,9,82,40,106,0,0.9615800865800865,0.4878048780487805
2018,12973,30179,1578.0,1129,376,73,1,17,71,19,79,0,0.9537389100126743,0.2676056338028169
2018,12973,30180,1673.0,1173,447,53,0,10,116,25,100,0,0.968320382546324,0.21551724137931033
2018,12973,30181,864.0,618,201,45,0,9,83,27,25,0,0.9479166666666666,0.3253012048192771
2018,12973,30190,1271.0,834,373,64,0,23,94,21,69,0,0.9496459480723839,0.22340425531914893
2018,12973,30191,1366.0,916,378,72,0,12,128,18,79,2,0.9472913616398243,0.140625
2018,12973,30192,1635.0,1196,360,79,3,29,134,32,63,0,0.9516819571865444,0.23880597014925373
2018,12973,30197,1420.0,955,367,98,0,16,128,41,37,0,0.9309859154929577,0.3203125
2018,12973,30198,1122.0,671,405,46,0,2,63,8,65,0,0.9590017825311943,0.12698412698412698
2018,12973,30199,1796.0,1256,472,68,2,10,48,39,87,0,0.9621380846325167,0.8125
2018,12973,30202,1593.0,1208,327,58,1,21,101,29,84,0,0.9635907093534212,0.2871287128712871
2018,12973,30219,1333.0,863,376,94,0,25,240,37,27,0,0.9294823705926482,0.15416666666666667
2018,12973,30220,1796.0,1234,503,59,2,23,102,34,120,0,0.9671492204899778,0.3333333333333333
2018,12973,30222,1318.0,963,301,54,0,7,100,31,57,0,0.9590288315629742,0.31
