season,season_id,school_id,division,TC,PO,A,E,CI,PB,SBA,CSB,IDP,TP,FLD%,CS%
2024,16580,2,1.0,970.0,723,221,26,1,17,74,9,37,0,0.9731958762886598,0.12162162162162163
2024,16580,3,2.0,563.0,377,173,13,0,3,61,15,51,0,0.9769094138543517,0.2459016393442623
2024,16580,4,3.0,351.0,222,112,17,0,4,24,6,8,0,0.9515669515669516,0.25
2024,16580,5,1.0,916.0,652,230,34,0,6,94,20,35,0,0.962882096069869,0.2127659574468085
2024,16580,6,1.0,766.0,565,164,37,0,20,87,8,56,0,0.9516971279373369,0.09195402298850575
2024,16580,7,1.0,856.0,628,198,30,0,8,62,10,35,0,0.9649532710280374,0.16129032258064516
2024,16580,8,1.0,928.0,702,200,26,0,2,51,10,43,0,0.9719827586206896,0.19607843137254902
2024,16580,9,1.0,925.0,671,221,33,0,3,80,10,33,0,0.9643243243243244,0.125
2024,16580,10,2.0,1155.0,819,280,56,0,7,112,11,66,0,0.9515151515151515,0.09821428571428571
2024,16580,15,3.0,528.0,359,151,18,0,4,32,8,18,0,0.9659090909090909,0.25
2024,16580,16,3.0,309.0,198,89,22,0,0,45,6,6,0,0.9288025889967637,0.13333333333333333
2024,16580,17,1.0,495.0,339,126,30,0,11,65,5,25,0,0.9393939393939394,0.07692307692307693
2024,16580,19,3.0,398.0,294,89,15,0,0,29,4,5,0,0.9623115577889447,0.13793103448275862
2024,16580,20,3.0,675.0,473,157,45,1,8,56,3,32,0,0.9333333333333333,0.05357142857142857
2024,16580,21,3.0,708.0,501,174,33,1,10,116,7,24,0,0.9533898305084746,0.0603448275862069
2024,16580,22,2.0,828.0,589,195,44,0,17,78,16,53,0,0.9468599033816425,0.20512820512820512
2024,16580,24,3.0,257.0,172,76,9,0,3,10,2,28,0,0.9649805447470817,0.2
2024,16580,25,2.0,1072.0,795,250,27,0,5,44,22,42,0,0.9748134328358209,0.5
2024,16580,26,3.0,18.0,13,2,3,0,0,2,1,0,0,0.8333333333333334,0.5
2024,16580,28,1.0,1021.0,764,225,32,0,4,76,19,46,0,0.9686581782566112,0.25
2024,16580,29,1.0,976.0,714,229,33,1,2,49,9,50,0,0.9661885245901639,0.1836734693877551
2024,16580,30,1.0,1128.0,794,297,37,0,12,104,10,65,0,0.9671985815602837,0.09615384615384616
2024,16580,31,1.0,887.0,682,188,17,1,3,38,5,45,0,0.9808342728297632,0.13157894736842105
2024,16580,32,1.0,1002.0,738,234,30,0,5,64,9,60,0,0.9700598802395209,0.140625
2024,16580,35,2.0,747.0,543,180,24,0,7,21,12,23,0,0.9678714859437751,0.5714285714285714
2024,16580,36,2.0,812.0,576,192,44,0,20,65,8,26,0,0.9458128078817734,0.12307692307692308
2024,16580,37,1.0,912.0,672,215,25,0,4,53,7,40,0,0.9725877192982456,0.1320754716981132
2024,16580,38,3.0,226.0,147,69,10,0,3,39,3,7,0,0.9557522123893806,0.07692307692307693
2024,16580,39,2.0,1208.0,876,294,38,0,10,78,6,29,0,0.9685430463576159,0.07692307692307693
2024,16580,42,3.0,485.0,402,73,10,0,12,39,10,22,0,0.979381443298969,0.2564102564102564
2024,16580,43,1.0,925.0,680,213,32,0,6,68,3,38,0,0.9654054054054054,0.04411764705882353
2024,16580,44,3.0,717.0,505,161,51,0,5,134,6,28,0,0.9288702928870293,0.04477611940298507
2024,16580,45,3.0,338.0,234,86,18,0,0,26,1,22,0,0.9467455621301775,0.038461538461538464
2024,16580,46,3.0,607.0,426,155,26,0,3,40,4,33,0,0.957166392092257,0.1
2024,16580,47,1.0,1000.0,744,227,29,0,11,67,17,37,0,0.971,0.2537313432835821
2024,16580,48,1.0,1065.0,750,265,50,2,4,80,16,73,0,0.9530516431924883,0.2
2024,16580,49,2.0,1249.0,909,290,50,0,6,106,28,71,0,0.9599679743795037,0.2641509433962264
2024,16580,50,3.0,449.0,290,131,28,0,7,62,11,19,0,0.9376391982182628,0.1774193548387097
2024,16580,51,1.0,898.0,665,202,31,0,4,42,11,68,0,0.965478841870824,0.2619047619047619
2024,16580,52,1.0,877.0,602,223,52,0,14,99,9,40,0,0.9407069555302167,0.09090909090909091
2024,16580,53,3.0,374.0,259,106,9,0,2,18,5,14,0,0.9759358288770054,0.2777777777777778
2024,16580,54,2.0,613.0,449,130,34,0,3,183,14,21,0,0.9445350734094616,0.07650273224043716
2024,16580,55,2.0,606.0,417,164,25,0,17,112,28,29,0,0.9587458745874587,0.25
2024,16580,56,2.0,786.0,558,195,33,1,9,29,16,37,0,0.9580152671755725,0.5517241379310345
2024,16580,58,3.0,371.0,200,140,31,0,2,58,12,23,0,0.9164420485175202,0.20689655172413793
2024,16580,61,1.0,1008.0,727,252,29,0,1,52,16,31,0,0.9712301587301587,0.3076923076923077
2024,16580,62,1.0,840.0,606,208,26,1,4,84,19,40,0,0.969047619047619,0.2261904761904762
2024,16580,64,3.0,341.0,216,95,30,0,4,18,3,25,0,0.9120234604105572,0.16666666666666666
2024,16580,65,2.0,590.0,442,126,22,0,5,62,2,26,0,0.9627118644067797,0.03225806451612903
2024,16580,67,1.0,942.0,703,222,17,0,4,28,11,69,0,0.9819532908704883,0.39285714285714285
2024,16580,69,3.0,384.0,261,105,18,0,2,18,4,17,0,0.953125,0.2222222222222222
2024,16580,71,1.0,744.0,558,161,25,0,5,48,6,25,0,0.9663978494623656,0.125
2024,16580,72,1.0,852.0,589,232,31,0,7,91,14,43,0,0.9636150234741784,0.15384615384615385
2024,16580,73,3.0,163.0,128,32,3,0,4,45,4,3,0,0.9815950920245399,0.08888888888888889
2024,16580,74,2.0,450.0,354,83,13,0,4,47,9,10,0,0.9711111111111111,0.19148936170212766
2024,16580,76,3.0,198.0,103,83,12,0,0,7,0,16,0,0.9393939393939394,0.0
2024,16580,77,1.0,877.0,609,243,25,0,5,51,17,46,0,0.9714937286202965,0.3333333333333333
2024,16580,78,3.0,287.0,209,64,14,0,1,28,6,9,0,0.9512195121951219,0.21428571428571427
2024,16580,80,1.0,589.0,388,181,20,0,3,38,6,31,0,0.966044142614601,0.15789473684210525
2024,16580,81,1.0,804.0,547,231,26,0,8,38,9,38,0,0.9676616915422885,0.23684210526315788
2024,16580,83,1.0,883.0,630,212,41,0,6,101,14,23,0,0.9535673839184597,0.13861386138613863
2024,16580,84,3.0,632.0,454,155,23,0,12,39,5,34,0,0.9636075949367089,0.1282051282051282
2024,16580,87,1.0,885.0,652,209,24,0,5,118,15,47,0,0.9728813559322034,0.1271186440677966
2024,16580,88,3.0,477.0,341,121,15,0,0,52,8,22,0,0.9685534591194969,0.15384615384615385
2024,16580,89,3.0,878.0,633,208,37,0,28,162,11,49,0,0.9578587699316629,0.06790123456790123
2024,16580,90,1.0,914.0,660,229,25,0,3,52,24,25,0,0.9726477024070022,0.46153846153846156
2024,16580,91,2.0,936.0,690,222,24,0,3,26,10,32,0,0.9743589743589743,0.38461538461538464
2024,16580,92,2.0,1180.0,858,284,38,2,4,56,12,67,0,0.9677966101694915,0.21428571428571427
2024,16580,94,1.0,1015.0,734,253,28,0,5,64,23,57,0,0.9724137931034482,0.359375
2024,16580,95,2.0,973.0,695,248,30,1,4,40,4,65,0,0.9691675231243576,0.1
2024,16580,96,1.0,960.0,710,226,24,0,2,12,8,63,0,0.975,0.6666666666666666
2024,16580,97,1.0,901.0,652,220,29,0,2,37,9,54,0,0.9678135405105438,0.24324324324324326
2024,16580,98,2.0,1146.0,800,307,39,0,10,76,19,71,0,0.9659685863874345,0.25
2024,16580,99,1.0,989.0,719,234,36,0,8,31,8,26,0,0.9635995955510617,0.25806451612903225
2024,16580,100,2.0,1076.0,729,294,53,0,4,50,19,56,0,0.9507434944237918,0.38
2024,16580,101,1.0,985.0,713,252,20,2,4,34,11,62,0,0.9796954314720813,0.3235294117647059
2024,16580,102,1.0,973.0,714,226,33,0,6,67,13,53,0,0.9660842754367934,0.19402985074626866
2024,16580,103,2.0,1084.0,780,261,43,0,6,34,12,35,0,0.9603321033210332,0.35294117647058826
2024,16580,104,1.0,766.0,589,151,26,0,2,33,3,24,0,0.9660574412532638,0.09090909090909091
2024,16580,105,3.0,611.0,428,173,10,1,1,13,4,32,0,0.983633387888707,0.3076923076923077
2024,16580,107,1.0,902.0,647,231,24,1,0,40,12,33,0,0.9733924611973392,0.3
2024,16580,108,1.0,975.0,698,254,23,0,3,50,15,61,0,0.9764102564102564,0.3
2024,16580,109,1.0,929.0,669,241,19,0,7,24,9,45,0,0.9795479009687836,0.375
2024,16580,110,1.0,904.0,657,217,30,0,4,51,10,43,0,0.9668141592920354,0.19607843137254902
2024,16580,111,1.0,881.0,638,210,33,0,2,68,9,50,0,0.9625425652667423,0.1323529411764706
2024,16580,112,1.0,927.0,691,220,16,0,5,34,14,34,0,0.982740021574973,0.4117647058823529
2024,16580,114,3.0,465.0,320,128,17,0,0,22,6,29,0,0.9634408602150538,0.2727272727272727
2024,16580,115,1.0,914.0,698,189,27,0,7,90,3,19,0,0.9704595185995624,0.03333333333333333
2024,16580,116,1.0,643.0,447,169,27,0,3,41,8,39,0,0.9580093312597201,0.1951219512195122
2024,16580,117,3.0,530.0,353,147,30,0,4,39,13,38,0,0.9433962264150944,0.3333333333333333
2024,16580,118,3.0,389.0,269,95,25,0,2,82,12,8,0,0.9357326478149101,0.14634146341463414
2024,16580,121,3.0,96.0,75,17,4,0,2,18,0,3,0,0.9583333333333334,0.0
2024,16580,122,3.0,591.0,468,103,20,0,7,48,6,12,0,0.9661590524534687,0.125
2024,16580,124,3.0,584.0,412,152,20,0,3,46,14,26,0,0.9657534246575342,0.30434782608695654
2024,16580,127,1.0,710.0,487,198,25,0,2,58,20,38,0,0.9647887323943662,0.3448275862068966
2024,16580,128,1.0,825.0,596,213,16,0,4,60,8,54,0,0.9806060606060606,0.13333333333333333
2024,16580,129,1.0,927.0,688,215,24,0,9,80,13,38,0,0.9741100323624595,0.1625
2024,16580,130,2.0,1245.0,908,319,18,0,9,46,13,78,0,0.9855421686746988,0.2826086956521739
2024,16580,132,3.0,888.0,638,218,32,0,4,59,13,47,0,0.963963963963964,0.22033898305084745
2024,16580,134,3.0,803.0,557,215,31,0,2,74,11,47,0,0.9613947696139477,0.14864864864864866
2024,16580,137,3.0,442.0,310,118,14,0,5,68,11,15,0,0.9683257918552036,0.16176470588235295
2024,16580,139,3.0,707.0,502,169,36,1,5,42,13,35,0,0.9490806223479491,0.30952380952380953
2024,16580,140,1.0,1047.0,745,268,34,0,7,50,11,60,0,0.9675262655205349,0.22
2024,16580,141,1.0,974.0,709,244,21,1,2,72,7,71,0,0.9784394250513347,0.09722222222222222
2024,16580,142,3.0,739.0,509,193,37,1,4,49,11,51,0,0.9499323410013532,0.22448979591836735
2024,16580,143,2.0,738.0,533,160,45,0,13,92,6,16,0,0.9390243902439024,0.06521739130434782
2024,16580,144,2.0,1139.0,774,296,69,0,26,216,44,54,0,0.9394205443371378,0.2037037037037037
2024,16580,146,3.0,373.0,278,81,14,0,4,52,11,20,0,0.9624664879356568,0.21153846153846154
2024,16580,147,1.0,1172.0,878,255,39,2,14,41,14,70,0,0.9667235494880546,0.34146341463414637
2024,16580,149,1.0,1033.0,734,274,25,0,2,9,5,90,0,0.9757986447241046,0.5555555555555556
2024,16580,150,3.0,521.0,397,106,18,0,2,47,18,25,0,0.9654510556621881,0.3829787234042553
2024,16580,151,3.0,365.0,270,82,13,0,3,29,7,22,0,0.9643835616438357,0.2413793103448276
2024,16580,152,3.0,279.0,163,99,17,0,1,35,4,12,0,0.9390681003584229,0.11428571428571428
2024,16580,155,2.0,987.0,701,234,52,1,8,74,10,24,0,0.9473150962512664,0.13513513513513514
2024,16580,158,1.0,553.0,414,122,17,0,4,41,8,26,0,0.969258589511754,0.1951219512195122
2024,16580,159,2.0,1115.0,763,312,40,0,5,90,9,70,0,0.9641255605381166,0.1
2024,16580,160,3.0,418.0,334,70,14,0,9,42,5,9,0,0.9665071770334929,0.11904761904761904
2024,16580,161,3.0,308.0,227,69,12,0,2,57,8,10,0,0.961038961038961,0.14035087719298245
2024,16580,164,1.0,852.0,638,191,23,0,3,70,9,43,0,0.9730046948356808,0.12857142857142856
2024,16580,165,1.0,756.0,548,181,27,0,9,116,17,36,0,0.9642857142857143,0.14655172413793102
2024,16580,166,3.0,346.0,276,61,9,0,8,32,9,10,0,0.9739884393063584,0.28125
2024,16580,167,1.0,443.0,338,97,8,0,5,31,2,25,0,0.981941309255079,0.06451612903225806
2024,16580,169,1.0,821.0,618,185,18,0,3,41,5,22,0,0.9780755176613886,0.12195121951219512
2024,16580,170,3.0,203.0,169,22,12,0,1,12,3,3,0,0.9408866995073891,0.25
2024,16580,172,1.0,554.0,405,119,30,0,3,52,26,14,0,0.9458483754512635,0.5
2024,16580,173,1.0,890.0,644,217,29,0,6,59,11,37,0,0.9674157303370786,0.1864406779661017
2024,16580,174,2.0,715.0,497,159,59,2,15,133,17,19,0,0.9174825174825175,0.12781954887218044
2024,16580,175,1.0,955.0,696,229,30,0,10,39,12,55,0,0.9685863874345549,0.3076923076923077
2024,16580,177,3.0,364.0,301,58,5,0,3,36,10,16,0,0.9862637362637363,0.2777777777777778
2024,16580,178,1.0,721.0,540,156,25,0,5,84,5,18,0,0.9653259361997226,0.05952380952380952
2024,16580,179,3.0,496.0,348,122,26,0,14,73,13,19,0,0.9475806451612904,0.1780821917808219
2024,16580,180,1.0,891.0,646,229,16,0,9,66,15,48,0,0.9820426487093153,0.22727272727272727
2024,16580,181,2.0,1210.0,850,306,54,0,19,42,14,55,0,0.9553719008264463,0.3333333333333333
2024,16580,182,3.0,596.0,422,155,19,0,0,16,6,33,0,0.9681208053691275,0.375
2024,16580,185,3.0,474.0,371,89,14,0,1,46,10,27,0,0.9704641350210971,0.21739130434782608
2024,16580,190,3.0,507.0,366,122,19,1,5,51,22,28,0,0.9625246548323472,0.43137254901960786
2024,16580,192,3.0,674.0,494,156,24,0,8,18,10,25,0,0.9643916913946587,0.5555555555555556
2024,16580,193,1.0,1000.0,764,221,15,1,7,38,6,17,0,0.985,0.15789473684210525
2024,16580,195,3.0,517.0,349,137,31,1,10,27,13,17,0,0.9400386847195358,0.48148148148148145
2024,16580,196,1.0,974.0,724,230,20,1,6,28,14,32,0,0.9794661190965093,0.5
2024,16580,197,2.0,839.0,609,204,26,0,5,50,10,40,0,0.9690107270560191,0.2
2024,16580,198,1.0,919.0,675,221,23,0,1,32,8,33,0,0.9749727965179543,0.25
2024,16580,200,3.0,518.0,344,155,19,0,2,28,9,38,0,0.9633204633204633,0.32142857142857145
2024,16580,201,1.0,768.0,563,170,35,0,2,66,12,34,0,0.9544270833333334,0.18181818181818182
2024,16580,202,1.0,1023.0,727,260,36,0,3,95,18,39,0,0.9648093841642229,0.18947368421052632
2024,16580,203,3.0,638.0,462,148,28,2,0,66,13,21,0,0.9561128526645768,0.19696969696969696
2024,16580,204,1.0,839.0,611,198,30,1,11,117,12,39,0,0.964243146603099,0.10256410256410256
2024,16580,205,2.0,1131.0,751,315,65,0,24,58,19,71,0,0.9425287356321839,0.3275862068965517
2024,16580,206,2.0,1119.0,795,267,57,1,14,88,12,60,0,0.9490616621983914,0.13636363636363635
2024,16580,208,2.0,1037.0,724,277,36,0,5,87,12,88,0,0.9652844744455159,0.13793103448275862
2024,16580,211,3.0,652.0,447,187,18,0,4,35,4,45,0,0.9723926380368099,0.11428571428571428
2024,16580,212,3.0,336.0,233,86,17,0,2,33,17,6,0,0.9494047619047619,0.5151515151515151
2024,16580,213,3.0,326.0,250,66,10,0,6,79,7,10,0,0.9693251533742331,0.08860759493670886
2024,16580,214,3.0,248.0,181,58,9,0,12,34,8,7,0,0.9637096774193549,0.23529411764705882
2024,16580,216,2.0,1162.0,809,293,60,0,8,138,31,38,0,0.9483648881239243,0.2246376811594203
2024,16580,217,3.0,818.0,566,201,51,0,3,70,7,45,0,0.9376528117359413,0.1
2024,16580,218,3.0,304.0,203,82,19,1,8,42,1,11,0,0.9375,0.023809523809523808
2024,16580,219,1.0,1002.0,728,247,27,0,11,97,7,46,0,0.9730538922155688,0.07216494845360824
2024,16580,220,1.0,851.0,615,202,34,0,3,79,13,51,0,0.9600470035252644,0.16455696202531644
2024,16580,221,3.0,577.0,378,170,29,0,4,87,19,22,0,0.949740034662045,0.21839080459770116
2024,16580,225,3.0,768.0,530,184,54,0,15,113,9,65,0,0.9296875,0.07964601769911504
2024,16580,227,3.0,371.0,278,70,23,0,4,72,11,5,0,0.9380053908355795,0.1527777777777778
2024,16580,228,1.0,963.0,678,254,31,0,5,41,26,60,0,0.9678089304257529,0.6341463414634146
2024,16580,229,1.0,841.0,636,181,24,0,0,54,9,34,0,0.9714625445897741,0.16666666666666666
2024,16580,230,2.0,1200.0,837,326,37,0,6,126,13,63,0,0.9691666666666666,0.10317460317460317
2024,16580,231,1.0,1001.0,720,234,47,1,9,51,19,33,0,0.9530469530469531,0.37254901960784315
2024,16580,233,2.0,1066.0,756,278,32,0,8,117,21,54,0,0.9699812382739212,0.1794871794871795
2024,16580,234,1.0,966.0,740,206,20,1,4,28,2,43,0,0.979296066252588,0.07142857142857142
2024,16580,235,1.0,974.0,728,231,15,0,3,30,16,30,0,0.9845995893223819,0.5333333333333333
2024,16580,236,1.0,930.0,673,219,38,1,13,91,11,44,0,0.9591397849462365,0.12087912087912088
2024,16580,238,3.0,269.0,197,56,16,0,1,52,4,11,0,0.9405204460966543,0.07692307692307693
2024,16580,239,3.0,648.0,474,135,39,0,8,73,10,18,0,0.9398148148148148,0.136986301369863
2024,16580,241,2.0,296.0,159,119,18,0,0,26,7,14,0,0.9391891891891891,0.2692307692307692
2024,16580,242,3.0,255.0,178,63,14,0,9,30,6,14,0,0.9450980392156862,0.2
2024,16580,246,2.0,396.0,274,102,20,0,11,19,7,18,0,0.9494949494949495,0.3684210526315789
2024,16580,248,1.0,955.0,665,253,37,0,5,62,15,21,0,0.9612565445026178,0.24193548387096775
2024,16580,249,1.0,1035.0,724,286,25,0,3,72,14,52,0,0.9758454106280193,0.19444444444444445
2024,16580,251,1.0,1005.0,702,263,40,0,0,54,13,82,0,0.9601990049751243,0.24074074074074073
2024,16580,253,1.0,775.0,488,257,30,1,5,54,12,33,0,0.9612903225806452,0.2222222222222222
2024,16580,254,1.0,1012.0,732,244,36,1,6,44,17,68,0,0.9644268774703557,0.38636363636363635
2024,16580,255,1.0,952.0,695,234,23,0,1,73,10,38,0,0.9758403361344538,0.136986301369863
2024,16580,257,1.0,949.0,713,212,24,0,3,80,7,47,0,0.9747102212855637,0.0875
2024,16580,258,3.0,726.0,508,183,35,0,5,52,27,39,0,0.9517906336088154,0.5192307692307693
2024,16580,259,3.0,430.0,348,72,10,0,3,17,3,12,0,0.9767441860465116,0.17647058823529413
2024,16580,260,1.0,778.0,560,194,24,1,4,63,9,50,0,0.9691516709511568,0.14285714285714285
2024,16580,261,1.0,782.0,553,196,33,1,10,84,8,43,0,0.9578005115089514,0.09523809523809523
2024,16580,262,2.0,813.0,571,213,29,0,1,30,9,40,0,0.964329643296433,0.3
2024,16580,263,3.0,770.0,529,217,24,0,8,110,14,23,0,0.9688311688311688,0.12727272727272726
2024,16580,264,3.0,505.0,370,111,24,0,9,45,11,29,0,0.9524752475247524,0.24444444444444444
2024,16580,265,3.0,425.0,289,110,26,0,3,12,7,23,0,0.9388235294117647,0.5833333333333334
2024,16580,266,3.0,126.0,84,39,3,0,0,4,2,12,0,0.9761904761904762,0.5
2024,16580,267,3.0,264.0,206,47,11,0,0,44,6,7,0,0.9583333333333334,0.13636363636363635
2024,16580,268,3.0,580.0,402,138,40,0,11,32,11,16,0,0.9310344827586207,0.34375
2024,16580,269,3.0,586.0,415,147,24,0,13,83,8,27,0,0.9590443686006825,0.0963855421686747
2024,16580,271,3.0,729.0,538,162,29,0,6,64,12,19,0,0.9602194787379973,0.1875
2024,16580,272,1.0,150.0,90,51,9,0,1,23,2,8,0,0.94,0.08695652173913043
2024,16580,275,1.0,587.0,453,115,19,0,3,42,10,21,0,0.9676320272572402,0.23809523809523808
2024,16580,276,3.0,507.0,361,120,26,0,4,26,11,23,0,0.9487179487179487,0.4230769230769231
2024,16580,277,1.0,922.0,670,233,19,0,3,16,12,44,0,0.9793926247288504,0.75
2024,16580,278,3.0,746.0,509,201,36,0,9,38,18,62,0,0.9517426273458445,0.47368421052631576
2024,16580,279,3.0,193.0,118,54,21,0,0,10,0,10,0,0.8911917098445595,0.0
2024,16580,280,2.0,879.0,614,232,33,1,8,97,12,39,0,0.962457337883959,0.12371134020618557
2024,16580,281,3.0,277.0,206,61,10,0,0,4,1,30,0,0.9638989169675091,0.25
2024,16580,283,1.0,937.0,681,232,24,0,4,103,13,41,0,0.9743863393810032,0.1262135922330097
2024,16580,285,1.0,897.0,652,213,32,1,14,95,12,29,0,0.9643255295429208,0.12631578947368421
2024,16580,286,3.0,553.0,383,149,21,0,2,48,12,30,0,0.9620253164556962,0.25
2024,16580,288,1.0,911.0,629,248,34,0,2,52,12,37,0,0.9626783754116356,0.23076923076923078
2024,16580,297,3.0,508.0,385,104,19,0,9,52,4,29,0,0.9625984251968503,0.07692307692307693
2024,16580,299,1.0,908.0,655,233,20,0,1,38,8,58,0,0.9779735682819384,0.21052631578947367
2024,16580,300,3.0,344.0,231,101,12,0,0,5,2,17,0,0.9651162790697675,0.4
2024,16580,301,1.0,934.0,682,229,23,0,6,26,13,46,0,0.9753747323340471,0.5
2024,16580,302,1.0,967.0,690,257,20,0,5,28,15,49,0,0.9793174767321613,0.5357142857142857
2024,16580,303,3.0,617.0,413,174,30,0,5,29,12,36,0,0.9513776337115073,0.41379310344827586
2024,16580,305,1.0,926.0,675,220,31,0,4,26,9,32,0,0.9665226781857451,0.34615384615384615
2024,16580,306,1.0,875.0,639,203,33,1,5,24,9,37,0,0.9622857142857143,0.375
2024,16580,308,1.0,856.0,585,235,36,0,2,42,12,44,0,0.9579439252336449,0.2857142857142857
2024,16580,309,2.0,868.0,606,214,48,0,3,79,15,64,0,0.9447004608294931,0.189873417721519
2024,16580,310,1.0,883.0,625,214,44,0,9,72,31,35,0,0.9501698754246886,0.4305555555555556
2024,16580,312,1.0,892.0,662,208,22,1,4,47,2,49,0,0.9753363228699552,0.0425531914893617
2024,16580,313,3.0,451.0,293,125,33,0,3,37,6,13,0,0.926829268292683,0.16216216216216217
2024,16580,314,1.0,800.0,615,162,23,0,6,30,6,38,0,0.97125,0.2
2024,16580,315,1.0,871.0,651,202,18,0,3,53,21,47,0,0.9793340987370838,0.39622641509433965
2024,16580,316,1.0,911.0,684,195,32,0,5,88,8,22,0,0.964873765093304,0.09090909090909091
2024,16580,317,1.0,1003.0,710,265,28,0,4,47,21,76,0,0.9720837487537388,0.44680851063829785
2024,16580,319,3.0,319.0,211,100,8,0,10,22,12,9,0,0.9749216300940439,0.5454545454545454
2024,16580,320,3.0,459.0,307,132,20,1,5,51,19,11,0,0.9564270152505446,0.37254901960784315
2024,16580,321,3.0,56.0,28,25,3,0,0,20,4,0,0,0.9464285714285714,0.2
2024,16580,322,3.0,631.0,450,164,17,0,0,55,9,33,0,0.9730586370839936,0.16363636363636364
2024,16580,325,3.0,514.0,394,96,24,0,3,28,5,13,0,0.953307392996109,0.17857142857142858
2024,16580,326,3.0,440.0,344,82,14,0,0,25,2,16,0,0.9681818181818181,0.08
2024,16580,327,1.0,940.0,675,248,17,0,8,33,10,38,0,0.9819148936170212,0.30303030303030304
2024,16580,328,1.0,919.0,659,228,32,0,1,48,14,55,0,0.9651795429815017,0.2916666666666667
2024,16580,329,3.0,710.0,497,183,30,1,3,72,15,29,0,0.9577464788732394,0.20833333333333334
2024,16580,330,3.0,486.0,362,103,21,0,4,50,10,14,0,0.9567901234567902,0.2
2024,16580,331,1.0,867.0,636,204,27,0,5,80,12,51,0,0.9688581314878892,0.15
2024,16580,332,2.0,971.0,661,249,61,0,13,75,25,42,0,0.937178166838311,0.3333333333333333
2024,16580,333,2.0,841.0,609,190,42,0,13,105,31,21,0,0.9500594530321046,0.29523809523809524
2024,16580,334,1.0,922.0,693,208,21,0,5,25,6,49,0,0.9772234273318872,0.24
2024,16580,335,3.0,418.0,308,100,10,0,2,30,2,30,0,0.9760765550239234,0.06666666666666667
2024,16580,337,3.0,303.0,212,77,14,2,9,40,10,20,0,0.9537953795379538,0.25
2024,16580,339,2.0,845.0,602,215,28,0,7,114,29,36,0,0.9668639053254438,0.2543859649122807
2024,16580,341,3.0,474.0,339,118,17,0,2,27,2,26,0,0.9641350210970464,0.07407407407407407
2024,16580,342,1.0,878.0,628,202,48,0,10,94,12,41,0,0.9453302961275627,0.1276595744680851
2024,16580,346,1.0,1009.0,736,251,22,0,9,28,13,51,0,0.9781962338949455,0.4642857142857143
2024,16580,347,2.0,960.0,714,190,56,2,12,176,21,32,0,0.9416666666666667,0.11931818181818182
2024,16580,348,3.0,492.0,371,100,21,0,9,29,15,17,0,0.9573170731707317,0.5172413793103449
2024,16580,349,2.0,809.0,570,204,35,0,6,118,16,37,0,0.9567367119901112,0.13559322033898305
2024,16580,350,2.0,370.0,266,80,24,0,18,158,11,8,0,0.9351351351351351,0.06962025316455696
2024,16580,351,3.0,493.0,350,120,23,0,5,33,8,33,0,0.9533468559837728,0.24242424242424243
2024,16580,352,1.0,756.0,523,197,36,0,5,67,8,21,0,0.9523809523809523,0.11940298507462686
2024,16580,354,2.0,927.0,647,240,40,0,7,62,13,44,0,0.9568500539374326,0.20967741935483872
2024,16580,355,1.0,1052.0,736,282,34,0,10,72,10,76,0,0.967680608365019,0.1388888888888889
2024,16580,358,2.0,1211.0,859,297,55,1,9,86,8,74,0,0.9545829892650702,0.09302325581395349
2024,16580,360,2.0,709.0,480,194,35,0,7,142,18,20,0,0.9506346967559943,0.1267605633802817
2024,16580,361,1.0,821.0,596,192,33,0,3,65,12,23,0,0.9598051157125457,0.18461538461538463
2024,16580,363,1.0,918.0,683,209,26,0,4,92,9,44,0,0.971677559912854,0.09782608695652174
2024,16580,365,1.0,1005.0,765,218,22,0,1,38,12,45,0,0.9781094527363184,0.3157894736842105
2024,16580,366,1.0,1094.0,788,281,25,0,4,47,12,70,0,0.9771480804387569,0.2553191489361702
2024,16580,367,1.0,971.0,701,236,34,1,2,37,12,64,0,0.964984552008239,0.32432432432432434
2024,16580,368,1.0,836.0,590,220,26,0,3,72,10,58,0,0.9688995215311005,0.1388888888888889
2024,16580,370,1.0,943.0,670,246,27,1,2,42,14,20,0,0.9713679745493107,0.3333333333333333
2024,16580,372,3.0,562.0,377,155,30,1,9,42,4,38,0,0.9466192170818505,0.09523809523809523
2024,16580,374,3.0,804.0,548,231,25,0,7,56,9,49,0,0.9689054726368159,0.16071428571428573
2024,16580,376,3.0,424.0,303,95,26,0,8,47,8,9,0,0.9386792452830188,0.1702127659574468
2024,16580,379,3.0,301.0,195,84,22,0,0,42,3,6,0,0.9269102990033222,0.07142857142857142
2024,16580,380,1.0,768.0,563,176,29,0,5,60,9,48,0,0.9622395833333334,0.15
2024,16580,381,1.0,871.0,617,221,33,3,15,120,11,36,0,0.9621125143513203,0.09166666666666666
2024,16580,382,3.0,252.0,158,74,20,0,0,18,4,12,0,0.9206349206349206,0.2222222222222222
2024,16580,383,2.0,788.0,564,205,19,1,2,34,10,39,0,0.9758883248730964,0.29411764705882354
2024,16580,384,2.0,693.0,517,147,29,0,14,83,21,22,0,0.9581529581529582,0.25301204819277107
2024,16580,385,3.0,607.0,422,156,29,0,2,26,8,24,0,0.9522240527182867,0.3076923076923077
2024,16580,386,1.0,875.0,625,219,31,0,5,75,25,32,0,0.9645714285714285,0.3333333333333333
2024,16580,388,1.0,1015.0,708,268,39,0,5,49,10,47,0,0.961576354679803,0.20408163265306123
2024,16580,389,3.0,334.0,202,86,46,0,2,24,7,9,0,0.8622754491017964,0.2916666666666667
2024,16580,390,3.0,772.0,563,184,25,0,5,40,21,25,0,0.9676165803108808,0.525
2024,16580,391,1.0,600.0,405,176,19,0,0,42,4,21,0,0.9683333333333334,0.09523809523809523
2024,16580,392,1.0,1014.0,732,251,31,0,6,60,20,56,0,0.9694280078895463,0.3333333333333333
2024,16580,393,1.0,867.0,604,216,47,0,10,175,26,51,0,0.9457900807381776,0.14857142857142858
2024,16580,397,3.0,349.0,247,82,20,1,2,24,6,11,0,0.9426934097421203,0.25
2024,16580,398,3.0,361.0,243,96,22,0,1,35,11,13,0,0.9390581717451524,0.3142857142857143
2024,16580,399,3.0,448.0,293,140,15,0,3,61,16,37,0,0.9665178571428571,0.26229508196721313
2024,16580,400,1.0,449.0,378,55,16,0,3,32,23,17,0,0.9643652561247216,0.71875
2024,16580,401,3.0,452.0,349,91,12,0,4,21,6,21,0,0.9734513274336283,0.2857142857142857
2024,16580,402,1.0,857.0,637,197,23,0,3,55,11,32,0,0.9731621936989499,0.2
2024,16580,404,1.0,1125.0,797,284,44,0,11,48,22,67,0,0.9608888888888889,0.4583333333333333
2024,16580,406,1.0,924.0,672,231,21,0,6,33,11,32,0,0.9772727272727273,0.3333333333333333
2024,16580,407,2.0,1000.0,687,276,37,0,16,97,19,55,0,0.963,0.1958762886597938
2024,16580,408,2.0,528.0,406,105,17,0,4,78,15,17,0,0.9678030303030303,0.19230769230769232
2024,16580,410,1.0,880.0,608,234,38,0,11,91,15,40,0,0.9568181818181818,0.16483516483516483
2024,16580,411,3.0,722.0,512,192,18,0,4,34,13,53,0,0.9750692520775623,0.38235294117647056
2024,16580,412,3.0,834.0,582,217,35,1,9,36,19,55,0,0.9580335731414868,0.5277777777777778
2024,16580,413,2.0,1130.0,788,308,34,3,10,101,15,57,0,0.9699115044247788,0.1485148514851485
2024,16580,414,1.0,951.0,682,240,29,0,11,98,9,66,0,0.9695057833859095,0.09183673469387756
2024,16580,415,1.0,1005.0,720,254,31,0,6,27,11,39,0,0.9691542288557214,0.4074074074074074
2024,16580,416,1.0,931.0,649,246,36,0,4,36,19,57,0,0.9613319011815252,0.5277777777777778
2024,16580,418,1.0,1101.0,760,313,28,0,8,46,13,88,0,0.9745685740236149,0.2826086956521739
2024,16580,419,1.0,928.0,658,229,41,0,4,62,12,44,0,0.9558189655172413,0.1935483870967742
2024,16580,420,3.0,435.0,302,112,21,0,14,46,4,15,0,0.9517241379310345,0.08695652173913043
2024,16580,422,2.0,1062.0,748,263,51,0,12,77,19,54,0,0.9519774011299436,0.24675324675324675
2024,16580,423,2.0,907.0,675,208,24,1,10,29,10,25,0,0.9735391400220507,0.3448275862068966
2024,16580,424,3.0,681.0,499,166,16,0,4,52,14,28,0,0.9765051395007343,0.2692307692307692
2024,16580,426,3.0,889.0,627,218,44,0,11,147,30,28,0,0.9505061867266592,0.20408163265306123
2024,16580,427,2.0,642.0,466,140,36,0,9,50,21,9,0,0.9439252336448598,0.42
2024,16580,428,1.0,836.0,590,211,35,1,5,63,3,51,0,0.9581339712918661,0.047619047619047616
2024,16580,429,2.0,1117.0,759,326,32,0,5,60,24,59,0,0.9713518352730528,0.4
2024,16580,430,1.0,1023.0,785,220,18,0,3,45,15,39,0,0.9824046920821115,0.3333333333333333
2024,16580,431,3.0,567.0,402,134,31,0,19,87,9,20,0,0.9453262786596119,0.10344827586206896
2024,16580,432,1.0,408.0,247,139,22,0,5,26,1,19,0,0.946078431372549,0.038461538461538464
2024,16580,433,1.0,1010.0,746,231,33,0,12,60,12,43,0,0.9673267326732673,0.2
2024,16580,434,1.0,985.0,710,248,27,2,5,63,9,42,0,0.9725888324873097,0.14285714285714285
2024,16580,435,2.0,758.0,533,188,37,0,5,46,20,52,0,0.9511873350923483,0.43478260869565216
2024,16580,436,2.0,927.0,667,220,40,0,11,42,17,29,0,0.9568500539374326,0.40476190476190477
2024,16580,437,2.0,919.0,664,217,38,0,6,71,11,61,0,0.9586507072905331,0.15492957746478872
2024,16580,439,1.0,822.0,569,223,30,0,5,70,26,49,0,0.9635036496350365,0.37142857142857144
2024,16580,442,3.0,653.0,469,156,28,0,7,63,5,35,0,0.9571209800918836,0.07936507936507936
2024,16580,443,3.0,548.0,377,146,25,0,3,68,10,37,0,0.9543795620437956,0.14705882352941177
2024,16580,444,1.0,983.0,696,257,30,0,3,42,17,50,0,0.9694811800610377,0.40476190476190477
2024,16580,445,2.0,842.0,584,223,35,0,20,188,16,51,0,0.9584323040380047,0.0851063829787234
2024,16580,450,1.0,831.0,639,160,32,0,6,60,11,34,0,0.9614921780986763,0.18333333333333332
2024,16580,451,3.0,336.0,240,85,11,0,4,51,6,9,0,0.9672619047619048,0.11764705882352941
2024,16580,452,3.0,625.0,451,152,22,1,10,27,12,56,0,0.9648,0.4444444444444444
2024,16580,453,3.0,413.0,285,102,26,0,7,50,11,21,0,0.937046004842615,0.22
2024,16580,454,1.0,929.0,652,239,38,0,5,63,13,31,0,0.9590958019375673,0.20634920634920634
2024,16580,455,3.0,535.0,413,103,19,0,12,38,7,15,0,0.9644859813084112,0.18421052631578946
2024,16580,456,1.0,1032.0,701,294,37,0,8,55,16,88,0,0.9641472868217055,0.2909090909090909
2024,16580,457,1.0,1016.0,753,226,37,0,4,26,4,60,0,0.9635826771653543,0.15384615384615385
2024,16580,458,1.0,947.0,723,193,31,1,2,59,11,33,0,0.9672650475184794,0.1864406779661017
2024,16580,459,1.0,926.0,658,243,25,0,7,61,7,35,0,0.9730021598272138,0.11475409836065574
2024,16580,460,1.0,916.0,678,217,21,0,7,30,18,45,0,0.9770742358078602,0.6
2024,16580,462,3.0,287.0,177,100,10,0,6,23,4,7,0,0.9651567944250871,0.17391304347826086
2024,16580,463,1.0,845.0,641,178,26,0,2,13,7,34,0,0.9692307692307692,0.5384615384615384
2024,16580,464,1.0,858.0,625,199,34,4,5,87,14,20,0,0.9603729603729604,0.16091954022988506
2024,16580,465,1.0,975.0,703,241,31,0,1,36,9,31,0,0.9682051282051282,0.25
2024,16580,466,1.0,870.0,628,220,22,0,3,60,15,48,0,0.9747126436781609,0.25
2024,16580,467,3.0,331.0,238,79,14,0,3,95,27,6,0,0.9577039274924471,0.28421052631578947
2024,16580,468,2.0,895.0,618,238,39,0,4,95,14,45,0,0.9564245810055866,0.14736842105263157
2024,16580,470,2.0,734.0,568,149,17,0,5,51,12,36,0,0.9768392370572208,0.23529411764705882
2024,16580,471,1.0,949.0,667,252,30,1,6,89,19,40,0,0.9683877766069547,0.21348314606741572
2024,16580,472,1.0,858.0,637,197,24,2,6,67,13,35,0,0.972027972027972,0.19402985074626866
2024,16580,473,1.0,947.0,676,239,32,0,2,52,7,83,0,0.9662090813093981,0.1346153846153846
2024,16580,474,1.0,945.0,667,251,27,0,0,46,9,50,0,0.9714285714285714,0.1956521739130435
2024,16580,475,3.0,478.0,332,124,22,0,8,76,9,11,0,0.9539748953974896,0.11842105263157894
2024,16580,478,3.0,460.0,325,114,21,0,2,26,4,31,0,0.9543478260869566,0.15384615384615385
2024,16580,479,3.0,545.0,388,136,21,0,3,39,5,21,0,0.9614678899082569,0.1282051282051282
2024,16580,480,3.0,474.0,330,119,25,0,8,73,9,23,0,0.9472573839662447,0.1232876712328767
2024,16580,482,1.0,859.0,629,200,30,0,9,68,18,49,0,0.9650756693830035,0.2647058823529412
2024,16580,484,3.0,475.0,316,140,19,0,1,26,2,31,0,0.96,0.07692307692307693
2024,16580,485,1.0,1057.0,738,255,64,2,25,125,31,50,0,0.9394512771996215,0.248
2024,16580,486,3.0,219.0,151,54,14,1,4,46,10,3,0,0.9360730593607306,0.21739130434782608
2024,16580,487,1.0,876.0,643,201,32,0,5,67,7,26,0,0.9634703196347032,0.1044776119402985
2024,16580,488,1.0,981.0,717,237,27,0,2,42,23,55,0,0.9724770642201835,0.5476190476190477
2024,16580,490,1.0,888.0,659,203,26,2,6,27,16,33,0,0.9707207207207207,0.5925925925925926
2024,16580,491,3.0,723.0,525,173,25,0,10,72,8,42,0,0.9654218533886584,0.1111111111111111
2024,16580,493,1.0,759.0,543,192,24,0,7,31,17,31,0,0.9683794466403162,0.5483870967741935
2024,16580,496,3.0,199.0,142,49,8,0,3,10,0,3,0,0.9597989949748744,0.0
2024,16580,499,2.0,960.0,680,253,27,1,7,98,10,12,0,0.971875,0.10204081632653061
2024,16580,500,1.0,966.0,708,237,21,0,1,49,12,32,0,0.9782608695652174,0.24489795918367346
2024,16580,502,1.0,911.0,630,237,44,0,4,88,18,49,0,0.9517014270032931,0.20454545454545456
2024,16580,505,1.0,954.0,683,233,38,0,3,60,17,49,0,0.960167714884696,0.2833333333333333
2024,16580,507,2.0,1183.0,807,316,60,2,5,97,22,54,0,0.9492814877430262,0.2268041237113402
2024,16580,508,1.0,1011.0,729,246,36,0,10,65,11,34,0,0.9643916913946587,0.16923076923076924
2024,16580,509,1.0,871.0,634,217,20,0,1,59,20,38,0,0.9770378874856487,0.3389830508474576
2024,16580,510,2.0,452.0,368,70,14,0,3,62,7,20,0,0.9690265486725663,0.11290322580645161
2024,16580,511,3.0,328.0,261,53,14,0,4,37,7,7,0,0.9573170731707317,0.1891891891891892
2024,16580,513,1.0,913.0,671,228,14,0,7,40,0,65,0,0.9846659364731654,0.0
2024,16580,514,1.0,929.0,667,232,30,0,4,28,11,44,0,0.9677072120559742,0.39285714285714285
2024,16580,515,3.0,400.0,270,99,31,2,3,53,8,13,0,0.9225,0.1509433962264151
2024,16580,516,3.0,918.0,610,251,57,0,4,78,15,59,0,0.9379084967320261,0.19230769230769232
2024,16580,517,3.0,440.0,329,93,18,0,3,24,15,17,0,0.9590909090909091,0.625
2024,16580,518,1.0,794.0,558,212,24,0,1,33,16,54,0,0.9697732997481109,0.48484848484848486
2024,16580,519,1.0,806.0,569,206,31,0,2,72,6,32,0,0.9615384615384616,0.08333333333333333
2024,16580,520,3.0,643.0,489,132,22,1,6,33,8,62,0,0.9657853810264385,0.24242424242424243
2024,16580,521,1.0,890.0,652,203,35,0,1,45,4,50,0,0.9606741573033708,0.08888888888888889
2024,16580,522,1.0,1018.0,737,245,36,1,5,52,22,41,0,0.9646365422396856,0.4230769230769231
2024,16580,523,1.0,996.0,717,248,31,0,5,52,11,37,0,0.9688755020080321,0.21153846153846154
2024,16580,524,3.0,386.0,276,86,24,0,5,55,9,11,0,0.9378238341968912,0.16363636363636364
2024,16580,525,3.0,460.0,336,104,20,0,10,76,8,37,0,0.9565217391304348,0.10526315789473684
2024,16580,526,3.0,570.0,459,84,27,0,5,55,9,12,0,0.9526315789473684,0.16363636363636364
2024,16580,527,1.0,1021.0,756,243,22,0,17,50,10,37,0,0.9784524975514202,0.2
2024,16580,528,1.0,945.0,675,242,28,0,2,19,14,64,0,0.9703703703703703,0.7368421052631579
2024,16580,529,1.0,923.0,688,206,29,0,4,18,10,38,0,0.9685807150595883,0.5555555555555556
2024,16580,530,3.0,329.0,258,56,15,0,1,38,8,9,0,0.9544072948328267,0.21052631578947367
2024,16580,531,3.0,739.0,524,186,29,0,3,32,15,47,0,0.9607577807848444,0.46875
2024,16580,532,3.0,65.0,48,15,2,0,0,9,2,0,0,0.9692307692307692,0.2222222222222222
2024,16580,533,2.0,561.0,396,151,14,0,2,30,8,22,0,0.9750445632798574,0.26666666666666666
2024,16580,534,1.0,983.0,714,236,33,0,6,71,17,46,0,0.9664292980671414,0.23943661971830985
2024,16580,536,1.0,918.0,664,233,21,0,2,30,8,60,0,0.9771241830065359,0.26666666666666666
2024,16580,537,2.0,1256.0,908,302,46,0,8,100,8,63,0,0.9633757961783439,0.08
2024,16580,538,3.0,328.0,247,68,13,0,2,25,11,12,0,0.9603658536585366,0.44
2024,16580,539,1.0,908.0,650,224,34,0,5,51,14,60,0,0.9625550660792952,0.27450980392156865
2024,16580,540,1.0,420.0,296,106,18,0,2,60,12,4,0,0.9571428571428572,0.2
2024,16580,541,1.0,980.0,713,233,34,0,8,45,11,39,0,0.9653061224489796,0.24444444444444444
2024,16580,542,3.0,654.0,457,168,29,0,8,74,9,43,0,0.9556574923547401,0.12162162162162163
2024,16580,543,2.0,610.0,466,128,16,0,0,54,15,29,0,0.9737704918032787,0.2777777777777778
2024,16580,545,1.0,836.0,613,197,26,0,2,47,11,46,0,0.9688995215311005,0.23404255319148937
2024,16580,546,2.0,722.0,513,174,35,0,4,43,13,57,0,0.9515235457063712,0.3023255813953488
2024,16580,547,3.0,373.0,267,96,10,0,6,37,2,15,0,0.9731903485254692,0.05405405405405406
2024,16580,548,3.0,234.0,162,64,8,0,3,26,6,14,0,0.9658119658119658,0.23076923076923078
2024,16580,549,3.0,855.0,623,199,33,0,6,82,9,57,0,0.9614035087719298,0.10975609756097561
2024,16580,551,1.0,975.0,697,244,34,1,12,51,12,34,0,0.9651282051282051,0.23529411764705882
2024,16580,553,1.0,854.0,614,197,43,0,11,45,15,37,0,0.949648711943794,0.3333333333333333
2024,16580,554,1.0,598.0,468,107,23,0,4,97,14,32,0,0.9615384615384616,0.14432989690721648
2024,16580,555,3.0,275.0,208,53,14,0,7,53,11,16,0,0.9490909090909091,0.20754716981132076
2024,16580,557,3.0,735.0,528,174,33,0,12,51,13,28,0,0.9551020408163265,0.2549019607843137
2024,16580,559,1.0,1076.0,769,280,27,0,6,36,8,86,0,0.974907063197026,0.2222222222222222
2024,16580,561,2.0,920.0,646,235,39,0,8,101,11,40,0,0.9576086956521739,0.10891089108910891
2024,16580,562,1.0,853.0,591,224,38,0,8,88,12,30,0,0.9554513481828839,0.13636363636363635
2024,16580,563,1.0,964.0,657,281,26,0,0,110,11,71,0,0.9730290456431535,0.1
2024,16580,564,3.0,492.0,353,118,21,0,3,65,9,23,0,0.9573170731707317,0.13846153846153847
2024,16580,565,3.0,530.0,408,105,17,0,2,55,9,37,0,0.9679245283018868,0.16363636363636364
2024,16580,567,3.0,849.0,605,209,35,0,5,52,15,27,0,0.9587750294464076,0.28846153846153844
2024,16580,570,3.0,257.0,151,97,9,0,1,14,6,11,0,0.9649805447470817,0.42857142857142855
2024,16580,571,3.0,440.0,331,91,18,0,4,33,5,21,0,0.9590909090909091,0.15151515151515152
2024,16580,572,1.0,632.0,478,134,20,0,7,52,7,19,0,0.9683544303797469,0.1346153846153846
2024,16580,573,3.0,789.0,570,186,33,0,12,68,15,9,0,0.9581749049429658,0.22058823529411764
2024,16580,574,1.0,979.0,687,259,33,0,5,37,15,76,0,0.9662921348314607,0.40540540540540543
2024,16580,575,1.0,970.0,699,233,38,2,6,128,23,35,0,0.9608247422680413,0.1796875
2024,16580,576,1.0,789.0,576,196,17,0,7,51,9,55,0,0.9784537389100126,0.17647058823529413
2024,16580,577,3.0,338.0,245,86,7,0,2,18,12,14,0,0.9792899408284024,0.6666666666666666
2024,16580,578,3.0,827.0,568,231,28,0,7,87,13,45,0,0.966142684401451,0.14942528735632185
2024,16580,580,3.0,342.0,219,110,13,0,0,12,7,22,0,0.9619883040935673,0.5833333333333334
2024,16580,582,3.0,466.0,319,130,17,0,3,40,17,15,0,0.9635193133047211,0.425
2024,16580,583,3.0,436.0,306,112,18,0,4,22,6,19,0,0.9587155963302753,0.2727272727272727
2024,16580,584,2.0,1122.0,773,318,31,0,3,48,19,80,0,0.9723707664884136,0.3958333333333333
2024,16580,585,3.0,648.0,440,182,26,0,2,39,7,68,0,0.9598765432098766,0.1794871794871795
2024,16580,587,1.0,1040.0,733,283,24,0,6,58,12,58,0,0.9769230769230769,0.20689655172413793
2024,16580,588,3.0,500.0,344,135,21,1,2,12,7,37,0,0.958,0.5833333333333334
2024,16580,589,3.0,548.0,373,155,20,0,3,24,15,23,0,0.9635036496350365,0.625
2024,16580,590,1.0,829.0,609,172,48,1,1,104,19,28,0,0.9420989143546441,0.18269230769230768
2024,16580,591,2.0,788.0,593,178,17,0,5,86,9,45,0,0.9784263959390863,0.10465116279069768
2024,16580,593,2.0,537.0,401,120,16,0,10,38,16,15,0,0.9702048417132216,0.42105263157894735
2024,16580,596,1.0,824.0,569,216,39,0,10,74,18,34,0,0.9526699029126213,0.24324324324324326
2024,16580,598,2.0,835.0,601,207,27,0,7,52,14,25,0,0.9676646706586827,0.2692307692307692
2024,16580,601,3.0,522.0,373,135,14,0,11,57,1,20,0,0.9731800766283525,0.017543859649122806
2024,16580,603,1.0,759.0,529,213,17,0,2,37,15,52,0,0.9776021080368906,0.40540540540540543
2024,16580,606,1.0,807.0,604,169,34,0,4,64,9,31,0,0.9578686493184635,0.140625
2024,16580,607,3.0,392.0,252,111,29,0,3,51,8,19,0,0.9260204081632653,0.1568627450980392
2024,16580,608,2.0,1168.0,841,289,38,1,6,57,25,56,0,0.9674657534246576,0.43859649122807015
2024,16580,609,1.0,803.0,611,177,15,1,5,61,10,39,0,0.9813200498132005,0.16393442622950818
2024,16580,610,1.0,881.0,652,205,24,0,4,32,7,22,0,0.9727582292849035,0.21875
2024,16580,613,2.0,419.0,325,71,23,0,9,50,14,24,0,0.9451073985680191,0.28
2024,16580,614,3.0,396.0,279,98,19,0,9,47,6,21,0,0.952020202020202,0.1276595744680851
2024,16580,615,3.0,550.0,391,137,22,0,8,51,8,25,0,0.96,0.1568627450980392
2024,16580,617,1.0,968.0,686,249,33,0,7,123,17,66,0,0.9659090909090909,0.13821138211382114
2024,16580,618,3.0,178.0,136,38,4,0,1,13,0,7,0,0.9775280898876404,0.0
2024,16580,621,3.0,237.0,163,64,10,0,3,24,8,17,0,0.9578059071729957,0.3333333333333333
2024,16580,622,3.0,908.0,607,271,30,0,1,71,19,40,0,0.9669603524229075,0.2676056338028169
2024,16580,623,3.0,419.0,271,120,28,1,6,41,10,14,0,0.9331742243436754,0.24390243902439024
2024,16580,625,1.0,868.0,638,203,27,0,6,71,14,47,0,0.9688940092165899,0.19718309859154928
2024,16580,626,1.0,880.0,646,199,35,0,14,85,18,52,0,0.9602272727272727,0.21176470588235294
2024,16580,627,1.0,913.0,691,200,22,0,1,24,11,27,0,0.9759036144578314,0.4583333333333333
2024,16580,628,2.0,1225.0,866,312,47,0,5,42,19,83,0,0.9616326530612245,0.4523809523809524
2024,16580,629,1.0,1088.0,757,307,24,0,3,44,35,54,0,0.9779411764705882,0.7954545454545454
2024,16580,630,1.0,992.0,723,233,36,0,5,60,14,49,0,0.9637096774193549,0.23333333333333334
2024,16580,631,1.0,935.0,698,221,16,0,6,25,7,31,0,0.9828877005347594,0.28
2024,16580,632,1.0,723.0,518,168,37,0,7,95,14,38,0,0.9488243430152143,0.14736842105263157
2024,16580,633,3.0,478.0,349,117,12,0,7,47,1,16,0,0.9748953974895398,0.02127659574468085
2024,16580,635,1.0,911.0,658,226,27,0,13,74,19,47,0,0.9703622392974753,0.25675675675675674
2024,16580,637,3.0,638.0,412,205,21,0,4,35,19,51,0,0.9670846394984326,0.5428571428571428
2024,16580,638,2.0,835.0,606,198,31,0,8,68,16,38,0,0.962874251497006,0.23529411764705882
2024,16580,639,1.0,743.0,518,173,52,0,6,106,15,21,0,0.9300134589502019,0.14150943396226415
2024,16580,641,3.0,491.0,382,82,27,0,7,48,5,15,0,0.945010183299389,0.10416666666666667
2024,16580,642,3.0,353.0,252,88,13,0,3,34,16,19,0,0.9631728045325779,0.47058823529411764
2024,16580,643,2.0,569.0,436,124,9,0,2,45,7,8,0,0.984182776801406,0.15555555555555556
2024,16580,645,2.0,1024.0,721,268,35,0,4,114,26,66,0,0.9658203125,0.22807017543859648
2024,16580,646,1.0,971.0,716,230,25,0,4,59,7,43,0,0.9742533470648815,0.11864406779661017
2024,16580,648,1.0,972.0,713,234,25,0,4,24,5,64,0,0.9742798353909465,0.20833333333333334
2024,16580,649,1.0,907.0,647,219,41,0,19,71,17,35,0,0.9547960308710033,0.23943661971830985
2024,16580,651,1.0,866.0,595,244,27,0,8,63,13,59,0,0.9688221709006929,0.20634920634920634
2024,16580,652,3.0,815.0,576,209,30,0,10,82,35,42,0,0.9631901840490797,0.4268292682926829
2024,16580,654,1.0,1046.0,741,271,34,0,6,54,23,39,0,0.9674952198852772,0.42592592592592593
2024,16580,655,1.0,1017.0,730,249,38,0,4,49,19,45,0,0.9626352015732547,0.3877551020408163
2024,16580,656,3.0,302.0,217,76,9,0,11,41,7,8,0,0.9701986754966887,0.17073170731707318
2024,16580,657,1.0,839.0,581,235,23,0,5,47,11,36,0,0.9725864123957092,0.23404255319148937
2024,16580,658,2.0,967.0,657,277,33,0,12,20,18,62,0,0.9658738366080661,0.9
2024,16580,659,1.0,1007.0,720,255,32,0,4,48,13,70,0,0.968222442899702,0.2708333333333333
2024,16580,660,1.0,961.0,693,231,37,0,5,84,6,49,0,0.9614984391259105,0.07142857142857142
2024,16580,661,2.0,986.0,698,248,40,0,9,53,16,76,0,0.9594320486815415,0.3018867924528302
2024,16580,662,3.0,425.0,307,101,17,0,5,58,7,5,0,0.96,0.1206896551724138
2024,16580,664,1.0,942.0,708,205,29,0,7,48,8,42,0,0.9692144373673036,0.16666666666666666
2024,16580,665,1.0,343.0,210,111,22,0,2,35,13,20,0,0.9358600583090378,0.37142857142857144
2024,16580,669,1.0,940.0,668,234,38,0,4,77,14,49,0,0.9595744680851064,0.18181818181818182
2024,16580,670,1.0,1025.0,728,271,26,0,6,45,17,69,0,0.9746341463414634,0.37777777777777777
2024,16580,671,1.0,1004.0,723,249,32,0,3,45,15,61,0,0.9681274900398407,0.3333333333333333
2024,16580,673,3.0,399.0,335,56,8,0,8,24,8,12,0,0.9799498746867168,0.3333333333333333
2024,16580,674,1.0,877.0,637,216,24,0,3,51,16,52,0,0.9726339794754846,0.3137254901960784
2024,16580,676,1.0,915.0,670,204,41,2,14,115,12,42,0,0.9551912568306011,0.10434782608695652
2024,16580,678,1.0,928.0,685,213,30,0,7,43,10,32,0,0.9676724137931034,0.23255813953488372
2024,16580,679,3.0,640.0,456,161,23,0,7,33,13,20,0,0.9640625,0.3939393939393939
2024,16580,681,3.0,613.0,428,142,43,1,6,92,12,21,0,0.9298531810766721,0.13043478260869565
2024,16580,682,2.0,709.0,510,175,24,0,7,94,14,39,0,0.9661495063469676,0.14893617021276595
2024,16580,683,1.0,990.0,694,268,28,0,4,56,9,52,0,0.9717171717171718,0.16071428571428573
2024,16580,684,3.0,464.0,329,114,21,0,0,27,4,27,0,0.9547413793103449,0.14814814814814814
2024,16580,685,3.0,725.0,503,185,37,1,5,64,8,35,0,0.9489655172413793,0.125
2024,16580,686,3.0,531.0,346,150,35,0,4,50,8,25,0,0.9340866290018832,0.16
2024,16580,689,2.0,1201.0,837,330,34,0,7,44,28,73,0,0.9716902581182348,0.6363636363636364
2024,16580,692,1.0,1022.0,727,260,35,1,12,35,18,72,0,0.9657534246575342,0.5142857142857142
2024,16580,694,1.0,883.0,696,170,17,0,3,29,10,33,2,0.9807474518686297,0.3448275862068966
2024,16580,695,1.0,1043.0,745,251,47,0,6,158,17,58,0,0.9549376797698945,0.10759493670886076
2024,16580,696,2.0,1603.0,1109,419,75,1,6,74,13,83,0,0.9532127261384903,0.17567567567567569
2024,16580,697,1.0,998.0,764,218,16,1,5,18,8,33,0,0.9839679358717435,0.4444444444444444
2024,16580,698,1.0,940.0,710,208,22,0,5,56,5,59,0,0.9765957446808511,0.08928571428571429
2024,16580,699,1.0,655.0,458,175,22,0,11,98,15,21,0,0.966412213740458,0.15306122448979592
2024,16580,700,1.0,914.0,669,215,30,0,2,49,17,31,0,0.9671772428884027,0.3469387755102041
2024,16580,702,1.0,986.0,697,256,33,0,4,40,11,46,0,0.9665314401622718,0.275
2024,16580,703,1.0,1071.0,755,288,28,0,5,59,23,46,0,0.9738562091503268,0.3898305084745763
2024,16580,706,1.0,841.0,650,163,28,0,5,32,8,29,0,0.9667063020214031,0.25
2024,16580,707,3.0,325.0,233,71,21,0,5,54,9,12,2,0.9353846153846154,0.16666666666666666
2024,16580,709,1.0,982.0,706,243,33,0,8,58,20,58,0,0.9663951120162932,0.3448275862068966
2024,16580,711,1.0,985.0,676,262,47,1,13,84,19,41,0,0.9522842639593908,0.2261904761904762
2024,16580,712,3.0,400.0,263,125,12,0,0,11,1,34,0,0.97,0.09090909090909091
2024,16580,716,1.0,1009.0,725,250,34,1,6,56,11,59,0,0.9663032705649157,0.19642857142857142
2024,16580,717,3.0,286.0,194,80,12,0,2,10,6,9,0,0.958041958041958,0.6
2024,16580,718,1.0,1067.0,767,269,31,2,2,54,6,54,0,0.9709465791940018,0.1111111111111111
2024,16580,720,2.0,1278.0,896,315,67,0,37,222,66,45,0,0.9475743348982786,0.2972972972972973
2024,16580,721,1.0,1022.0,681,306,35,0,6,57,14,52,0,0.9657534246575342,0.24561403508771928
2024,16580,722,3.0,324.0,217,91,16,0,8,21,3,18,0,0.9506172839506173,0.14285714285714285
2024,16580,724,3.0,287.0,241,34,12,1,6,87,6,8,0,0.9581881533101045,0.06896551724137931
2024,16580,725,1.0,910.0,641,240,29,0,6,26,7,52,0,0.9681318681318681,0.2692307692307692
2024,16580,726,1.0,917.0,684,215,18,0,2,68,6,69,0,0.9803707742639041,0.08823529411764706
2024,16580,728,2.0,677.0,470,175,32,0,5,81,13,32,0,0.9527326440177253,0.16049382716049382
2024,16580,730,3.0,497.0,330,150,17,0,9,67,6,10,0,0.96579476861167,0.08955223880597014
2024,16580,732,1.0,1080.0,760,290,30,0,3,32,11,75,0,0.9722222222222222,0.34375
2024,16580,733,3.0,381.0,274,90,17,1,5,57,3,27,0,0.9553805774278216,0.05263157894736842
2024,16580,734,2.0,990.0,684,255,51,0,3,26,7,60,0,0.9484848484848485,0.2692307692307692
2024,16580,735,1.0,898.0,637,233,28,0,4,76,13,43,0,0.9688195991091314,0.17105263157894737
2024,16580,736,1.0,932.0,675,236,21,0,5,28,7,45,0,0.9774678111587983,0.25
2024,16580,737,3.0,508.0,348,128,32,0,6,45,11,11,0,0.937007874015748,0.24444444444444444
2024,16580,739,1.0,855.0,613,218,24,0,6,82,16,27,0,0.9719298245614035,0.1951219512195122
2024,16580,740,1.0,1037.0,749,262,26,0,8,27,14,52,0,0.9749276759884281,0.5185185185185185
2024,16580,741,1.0,1109.0,807,253,49,0,6,78,14,30,0,0.9558160504959423,0.1794871794871795
2024,16580,742,1.0,866.0,630,215,21,0,2,61,11,27,0,0.9757505773672055,0.18032786885245902
2024,16580,743,2.0,791.0,564,180,47,0,23,152,18,23,0,0.9405815423514539,0.11842105263157894
2024,16580,745,3.0,811.0,562,205,44,1,21,53,17,51,0,0.9457459926017263,0.32075471698113206
2024,16580,746,1.0,1038.0,747,262,29,1,6,40,10,67,0,0.9720616570327553,0.25
2024,16580,747,3.0,586.0,412,154,20,0,3,34,2,46,0,0.9658703071672355,0.058823529411764705
2024,16580,748,1.0,982.0,693,254,35,0,0,64,11,44,0,0.9643584521384929,0.171875
2024,16580,749,1.0,950.0,714,207,29,0,7,52,11,41,0,0.9694736842105263,0.21153846153846154
2024,16580,750,3.0,541.0,367,157,17,0,9,31,13,26,0,0.9685767097966729,0.41935483870967744
2024,16580,751,3.0,529.0,358,153,18,0,4,33,13,20,0,0.9659735349716446,0.3939393939393939
2024,16580,752,3.0,771.0,545,179,47,0,11,80,17,26,0,0.9390402075226978,0.2125
2024,16580,753,3.0,686.0,475,176,35,0,8,70,18,35,0,0.9489795918367347,0.2571428571428571
2024,16580,754,1.0,1019.0,710,287,22,0,1,24,13,74,0,0.9784102060843964,0.5416666666666666
2024,16580,755,3.0,800.0,556,217,27,0,7,45,22,42,0,0.96625,0.4888888888888889
2024,16580,756,1.0,814.0,584,214,16,1,2,36,7,61,0,0.9803439803439803,0.19444444444444445
2024,16580,759,3.0,322.0,264,45,13,0,4,30,2,19,0,0.9596273291925466,0.06666666666666667
2024,16580,761,3.0,484.0,338,126,20,0,6,56,5,29,0,0.9586776859504132,0.08928571428571429
2024,16580,762,3.0,541.0,367,149,25,0,8,51,8,33,0,0.9537892791127541,0.1568627450980392
2024,16580,765,2.0,310.0,176,114,20,0,0,17,4,19,0,0.9354838709677419,0.23529411764705882
2024,16580,766,2.0,1196.0,850,299,47,0,11,148,17,54,0,0.9607023411371237,0.11486486486486487
2024,16580,767,2.0,1119.0,827,251,41,0,7,56,21,52,0,0.9633601429848079,0.375
2024,16580,768,1.0,874.0,653,201,20,0,6,63,14,24,0,0.977116704805492,0.2222222222222222
2024,16580,769,1.0,947.0,656,261,30,0,3,21,9,75,0,0.9683210137275607,0.42857142857142855
2024,16580,771,1.0,688.0,475,183,30,0,1,95,12,31,0,0.9563953488372093,0.12631578947368421
2024,16580,772,1.0,933.0,690,218,25,0,7,57,14,45,0,0.9732047159699893,0.24561403508771928
2024,16580,773,3.0,455.0,331,104,20,0,6,31,4,23,0,0.9560439560439561,0.12903225806451613
2024,16580,774,1.0,896.0,641,224,31,0,7,60,14,47,0,0.9654017857142857,0.23333333333333334
2024,16580,775,3.0,428.0,306,103,19,0,4,36,6,26,0,0.955607476635514,0.16666666666666666
2024,16580,777,3.0,426.0,341,71,14,0,12,42,11,20,0,0.9671361502347418,0.2619047619047619
2024,16580,780,3.0,655.0,455,182,18,0,6,37,7,43,0,0.9725190839694656,0.1891891891891892
2024,16580,781,3.0,627.0,449,144,34,0,5,54,15,33,0,0.9457735247208932,0.2777777777777778
2024,16580,782,1.0,985.0,731,228,26,0,3,25,3,54,0,0.9736040609137055,0.12
2024,16580,783,3.0,600.0,422,141,37,0,10,115,13,10,0,0.9383333333333334,0.11304347826086956
2024,16580,784,3.0,438.0,375,55,8,0,4,34,12,15,0,0.9817351598173516,0.35294117647058826
2024,16580,785,3.0,472.0,312,130,30,0,0,16,6,33,0,0.9364406779661016,0.375
2024,16580,786,1.0,1034.0,762,225,47,0,4,82,22,37,0,0.9545454545454546,0.2682926829268293
2024,16580,787,3.0,339.0,198,123,18,0,0,19,4,9,0,0.9469026548672567,0.21052631578947367
2024,16580,789,3.0,274.0,200,59,15,0,5,15,13,4,0,0.9452554744525548,0.8666666666666667
2024,16580,790,2.0,438.0,251,161,26,0,8,38,14,22,0,0.9406392694063926,0.3684210526315789
2024,16580,792,1.0,938.0,688,207,43,0,2,130,19,28,0,0.9541577825159915,0.14615384615384616
2024,16580,793,3.0,354.0,221,109,24,0,5,38,4,24,0,0.9322033898305084,0.10526315789473684
2024,16580,795,3.0,297.0,208,84,5,0,0,14,0,14,0,0.9831649831649831,0.0
2024,16580,797,1.0,826.0,578,219,29,0,14,66,14,40,0,0.9648910411622276,0.21212121212121213
2024,16580,798,3.0,325.0,249,64,12,0,4,23,12,9,0,0.963076923076923,0.5217391304347826
2024,16580,799,2.0,629.0,486,121,22,1,9,57,10,24,0,0.9650238473767886,0.17543859649122806
2024,16580,800,3.0,264.0,198,59,7,0,3,28,5,9,0,0.9734848484848485,0.17857142857142858
2024,16580,802,3.0,265.0,218,39,8,0,3,12,3,9,0,0.969811320754717,0.25
2024,16580,803,3.0,250.0,167,72,11,0,7,18,4,0,0,0.956,0.2222222222222222
2024,16580,804,3.0,454.0,337,107,10,0,3,34,4,14,0,0.9779735682819384,0.11764705882352941
2024,16580,805,3.0,353.0,243,99,11,0,0,2,4,23,0,0.9688385269121813,2.0
2024,16580,806,3.0,450.0,259,164,27,1,6,45,7,21,0,0.94,0.15555555555555556
2024,16580,807,3.0,536.0,377,134,25,0,2,11,10,25,0,0.9533582089552238,0.9090909090909091
2024,16580,808,3.0,413.0,255,141,17,0,7,36,6,34,0,0.9588377723970944,0.16666666666666666
2024,16580,809,3.0,270.0,215,38,17,1,12,43,6,3,0,0.937037037037037,0.13953488372093023
2024,16580,810,1.0,879.0,626,226,27,0,2,62,13,51,0,0.9692832764505119,0.20967741935483872
2024,16580,812,1.0,980.0,714,232,34,0,2,49,17,37,0,0.9653061224489796,0.3469387755102041
2024,16580,813,1.0,622.0,423,175,24,2,8,56,14,29,0,0.9614147909967846,0.25
2024,16580,814,3.0,80.0,46,28,6,0,0,25,2,1,0,0.925,0.08
2024,16580,817,1.0,884.0,611,228,45,1,5,121,12,41,0,0.9490950226244343,0.09917355371900827
2024,16580,929,2.0,1277.0,931,305,41,0,12,102,23,52,0,0.9678935003915426,0.22549019607843138
2024,16580,938,3.0,486.0,330,133,23,0,2,35,16,18,0,0.9526748971193416,0.45714285714285713
2024,16580,947,2.0,1157.0,861,254,42,0,3,79,14,45,0,0.9636992221261884,0.17721518987341772
2024,16580,953,3.0,713.0,477,189,47,0,10,75,26,33,0,0.9340813464235624,0.3466666666666667
2024,16580,958,3.0,651.0,438,173,40,0,29,128,18,20,0,0.9385560675883257,0.140625
2024,16580,962,3.0,232.0,158,60,14,0,4,37,5,7,0,0.9396551724137931,0.13513513513513514
2024,16580,966,3.0,658.0,460,180,18,0,2,35,13,23,0,0.9726443768996961,0.37142857142857144
2024,16580,973,3.0,935.0,631,269,35,0,7,62,10,74,0,0.9625668449197861,0.16129032258064516
2024,16580,984,2.0,30.0,26,3,1,0,0,10,0,1,0,0.9666666666666667,0.0
2024,16580,985,2.0,929.0,675,204,50,0,16,122,6,36,0,0.946178686759957,0.04918032786885246
2024,16580,987,3.0,481.0,313,140,28,0,0,10,4,32,0,0.9417879417879418,0.4
2024,16580,995,2.0,445.0,319,109,17,0,10,59,18,16,0,0.9617977528089887,0.3050847457627119
2024,16580,996,2.0,1093.0,755,286,52,0,31,161,41,44,0,0.9524245196706312,0.2546583850931677
2024,16580,1000,2.0,1151.0,788,321,42,1,13,56,14,47,0,0.9635099913119027,0.25
2024,16580,1001,2.0,1185.0,822,321,42,0,8,73,19,82,0,0.9645569620253165,0.2602739726027397
2024,16580,1004,1.0,916.0,664,227,25,2,3,37,18,36,0,0.972707423580786,0.4864864864864865
2024,16580,1009,2.0,1170.0,839,305,26,0,2,36,11,74,0,0.9777777777777777,0.3055555555555556
2024,16580,1014,1.0,1011.0,689,291,31,0,1,45,13,74,0,0.9693372898120672,0.28888888888888886
2024,16580,1015,2.0,1181.0,842,298,41,0,4,177,33,86,0,0.9652836579170194,0.1864406779661017
2024,16580,1023,2.0,1175.0,816,321,38,0,11,24,20,39,0,0.9676595744680851,0.8333333333333334
2024,16580,1028,2.0,711.0,464,217,30,0,2,30,12,55,0,0.9578059071729957,0.4
2024,16580,1036,3.0,480.0,360,92,28,0,7,27,1,14,0,0.9416666666666667,0.037037037037037035
2024,16580,1044,3.0,507.0,373,115,19,0,10,51,5,8,0,0.9625246548323472,0.09803921568627451
2024,16580,1045,1.0,991.0,709,265,17,0,8,36,13,86,0,0.9828456104944501,0.3611111111111111
2024,16580,1050,3.0,43.0,31,8,4,0,0,4,0,0,0,0.9069767441860465,0.0
2024,16580,1057,2.0,953.0,655,262,36,0,4,80,23,22,0,0.9622245540398741,0.2875
2024,16580,1062,3.0,753.0,542,196,15,0,2,41,13,24,0,0.9800796812749004,0.3170731707317073
2024,16580,1064,3.0,368.0,244,89,35,0,5,20,4,18,0,0.904891304347826,0.2
2024,16580,1066,3.0,465.0,316,119,30,0,6,60,1,19,0,0.9354838709677419,0.016666666666666666
2024,16580,1068,1.0,934.0,672,232,30,2,12,81,8,43,0,0.9678800856531049,0.09876543209876543
2024,16580,1071,2.0,1247.0,871,334,42,0,3,61,17,52,0,0.9663191659983962,0.2786885245901639
2024,16580,1072,2.0,1164.0,859,257,48,2,12,178,26,39,0,0.9587628865979382,0.14606741573033707
2024,16580,1076,2.0,716.0,499,189,28,0,12,104,19,42,0,0.9608938547486033,0.18269230769230768
2024,16580,1079,2.0,820.0,630,168,22,0,8,90,10,19,0,0.973170731707317,0.1111111111111111
2024,16580,1085,2.0,1161.0,818,303,40,0,9,102,34,76,0,0.9655469422911284,0.3333333333333333
2024,16580,1092,1.0,863.0,593,236,34,0,4,58,13,56,0,0.9606025492468134,0.22413793103448276
2024,16580,1094,3.0,827.0,580,222,25,0,5,22,13,50,0,0.969770253929867,0.5909090909090909
2024,16580,1096,2.0,1209.0,852,313,44,2,8,56,12,54,0,0.9636062861869313,0.21428571428571427
2024,16580,1097,2.0,1220.0,907,284,29,2,5,52,30,18,0,0.9762295081967213,0.5769230769230769
2024,16580,1098,2.0,767.0,575,162,30,0,10,93,16,27,0,0.9608865710560626,0.17204301075268819
2024,16580,1099,3.0,353.0,225,107,21,0,0,24,0,17,0,0.9405099150141643,0.0
2024,16580,1104,1.0,900.0,659,223,18,0,3,36,7,53,0,0.98,0.19444444444444445
2024,16580,1111,3.0,501.0,331,145,25,1,12,44,21,13,0,0.9500998003992016,0.4772727272727273
2024,16580,1112,3.0,838.0,597,201,40,0,3,77,18,33,0,0.9522673031026253,0.23376623376623376
2024,16580,1115,3.0,596.0,432,129,35,0,3,76,10,11,0,0.9412751677852349,0.13157894736842105
2024,16580,1116,2.0,1089.0,800,256,33,1,5,66,11,50,0,0.9696969696969697,0.16666666666666666
2024,16580,1123,2.0,1252.0,881,326,45,0,14,62,22,53,0,0.9640575079872205,0.3548387096774194
2024,16580,1124,3.0,913.0,639,233,41,1,24,102,20,30,0,0.9550930996714129,0.19607843137254902
2024,16580,1130,3.0,682.0,485,176,21,0,15,24,6,43,0,0.969208211143695,0.25
2024,16580,1133,3.0,196.0,124,67,5,0,2,14,0,23,0,0.9744897959183674,0.0
2024,16580,1157,1.0,945.0,683,230,32,0,4,45,10,39,0,0.9661375661375662,0.2222222222222222
2024,16580,1159,3.0,237.0,184,41,12,0,4,43,5,12,1,0.9493670886075949,0.11627906976744186
2024,16580,1162,3.0,543.0,396,126,21,0,5,29,7,26,0,0.9613259668508287,0.2413793103448276
2024,16580,1163,3.0,358.0,256,88,14,0,5,27,10,22,0,0.9608938547486033,0.37037037037037035
2024,16580,1164,3.0,401.0,233,135,33,0,1,4,2,19,0,0.9177057356608479,0.5
2024,16580,1167,2.0,1243.0,904,308,31,0,10,76,20,77,0,0.9750603378921963,0.2631578947368421
2024,16580,1170,2.0,1298.0,918,330,50,1,7,110,30,49,0,0.9614791987673343,0.2727272727272727
2024,16580,1174,2.0,1123.0,858,219,46,0,12,105,22,30,0,0.9590382902938558,0.20952380952380953
2024,16580,1176,2.0,1138.0,789,316,33,0,15,74,16,39,0,0.9710017574692443,0.21621621621621623
2024,16580,1179,3.0,699.0,485,191,23,0,5,27,11,31,0,0.9670958512160229,0.4074074074074074
2024,16580,1192,3.0,611.0,419,163,29,0,10,33,22,22,0,0.9525368248772504,0.6666666666666666
2024,16580,1194,3.0,294.0,188,70,36,1,12,106,2,4,0,0.8775510204081632,0.018867924528301886
2024,16580,1199,2.0,1199.0,838,314,47,0,14,150,26,55,0,0.9608006672226855,0.17333333333333334
2024,16580,1203,3.0,850.0,626,179,45,1,7,49,20,38,0,0.9470588235294117,0.40816326530612246
2024,16580,1226,3.0,304.0,219,67,18,0,7,48,5,10,0,0.9407894736842105,0.10416666666666667
2024,16580,1238,2.0,1206.0,863,307,36,0,4,82,13,53,0,0.9701492537313433,0.15853658536585366
2024,16580,1245,2.0,1121.0,831,262,28,0,6,68,18,40,0,0.9750223015165032,0.2647058823529412
2024,16580,1254,3.0,431.0,289,127,15,0,1,47,10,32,0,0.9651972157772621,0.2127659574468085
2024,16580,1257,2.0,1474.0,1066,356,52,0,6,52,16,101,0,0.9647218453188603,0.3076923076923077
2024,16580,1266,2.0,476.0,354,109,13,0,3,42,5,13,0,0.9726890756302521,0.11904761904761904
2024,16580,1267,3.0,297.0,212,66,19,0,0,45,13,6,0,0.936026936026936,0.28888888888888886
2024,16580,1274,2.0,1052.0,737,288,27,0,5,24,6,70,0,0.9743346007604563,0.25
2024,16580,1289,2.0,1224.0,864,312,48,1,4,50,6,76,0,0.9607843137254902,0.12
2024,16580,1297,3.0,786.0,541,218,27,0,17,58,4,41,0,0.9656488549618321,0.06896551724137931
2024,16580,1305,3.0,546.0,377,134,35,0,7,80,8,16,0,0.9358974358974359,0.1
2024,16580,1314,2.0,1121.0,820,275,26,0,4,22,10,52,0,0.9768064228367529,0.45454545454545453
2024,16580,1315,3.0,548.0,408,120,20,0,8,51,12,26,0,0.9635036496350365,0.23529411764705882
2024,16580,1318,2.0,903.0,688,191,24,0,11,87,22,19,0,0.973421926910299,0.25287356321839083
2024,16580,1320,1.0,1020.0,756,231,33,1,6,90,12,25,0,0.9676470588235294,0.13333333333333333
2024,16580,1328,2.0,875.0,628,205,42,0,9,70,12,43,0,0.952,0.17142857142857143
2024,16580,1334,2.0,1147.0,803,296,48,0,22,80,28,56,0,0.958151700087184,0.35
2024,16580,1347,2.0,659.0,485,147,27,0,7,99,4,22,0,0.9590288315629742,0.04040404040404041
2024,16580,1355,3.0,859.0,588,230,41,0,5,98,29,57,0,0.9522700814901047,0.29591836734693877
2024,16580,1356,1.0,975.0,686,261,28,0,6,65,17,46,0,0.9712820512820513,0.26153846153846155
2024,16580,1371,2.0,1304.0,887,356,61,1,4,103,22,96,0,0.9532208588957055,0.21359223300970873
2024,16580,1376,2.0,1095.0,795,266,34,0,3,42,11,57,0,0.9689497716894977,0.2619047619047619
2024,16580,1390,3.0,846.0,600,210,36,0,19,102,16,36,0,0.9574468085106383,0.1568627450980392
2024,16580,1395,1.0,997.0,710,265,22,0,9,21,8,36,0,0.9779338014042126,0.38095238095238093
2024,16580,1400,3.0,833.0,589,219,25,0,16,52,3,39,0,0.9699879951980792,0.057692307692307696
2024,16580,1403,2.0,825.0,597,197,31,0,12,63,17,24,0,0.9624242424242424,0.2698412698412698
2024,16580,1434,3.0,483.0,298,160,25,0,2,23,13,17,0,0.94824016563147,0.5652173913043478
2024,16580,1438,2.0,560.0,369,157,34,0,5,29,5,56,0,0.9392857142857143,0.1724137931034483
2024,16580,1439,2.0,820.0,591,207,22,0,3,73,15,45,0,0.973170731707317,0.2054794520547945
2024,16580,1446,2.0,975.0,694,257,24,1,1,86,9,54,0,0.9753846153846154,0.10465116279069768
2024,16580,1454,3.0,644.0,465,169,10,0,6,35,7,39,0,0.984472049689441,0.2
2024,16580,1462,2.0,1196.0,840,316,40,0,16,101,15,50,0,0.9665551839464883,0.1485148514851485
2024,16580,2678,1.0,682.0,486,153,43,0,12,86,22,13,0,0.9369501466275659,0.2558139534883721
2024,16580,2683,2.0,1181.0,829,320,32,0,8,125,21,75,0,0.9729043183742591,0.168
2024,16580,2694,3.0,636.0,420,180,36,0,9,48,6,25,0,0.9433962264150944,0.125
2024,16580,2696,2.0,1153.0,829,291,33,0,7,52,12,65,0,0.971379011274935,0.23076923076923078
2024,16580,2697,2.0,1119.0,767,289,63,0,13,104,20,47,0,0.9436997319034852,0.19230769230769232
2024,16580,2711,1.0,983.0,679,243,61,1,3,73,17,57,0,0.9379450661241099,0.2328767123287671
2024,16580,2713,3.0,884.0,583,257,44,0,5,84,17,41,0,0.9502262443438914,0.20238095238095238
2024,16580,2720,2.0,1119.0,780,290,49,1,5,66,30,59,0,0.9562109025915997,0.45454545454545453
2024,16580,2741,3.0,770.0,503,216,51,0,9,68,16,36,0,0.9337662337662338,0.23529411764705882
2024,16580,2743,1.0,894.0,649,219,26,1,14,74,31,41,0,0.970917225950783,0.4189189189189189
2024,16580,2746,2.0,774.0,543,189,42,0,4,74,17,22,0,0.9457364341085271,0.22972972972972974
2024,16580,2755,2.0,974.0,660,260,54,0,15,93,28,63,0,0.944558521560575,0.3010752688172043
2024,16580,2798,3.0,190.0,134,50,6,0,1,24,3,7,0,0.968421052631579,0.125
2024,16580,2814,2.0,1153.0,814,300,39,1,6,78,19,71,0,0.9661751951431049,0.24358974358974358
2024,16580,2915,1.0,853.0,633,203,17,0,3,15,5,42,0,0.9800703399765534,0.3333333333333333
2024,16580,8366,2.0,898.0,644,214,40,0,8,84,13,47,0,0.955456570155902,0.15476190476190477
2024,16580,8398,3.0,409.0,281,108,20,0,8,26,12,19,0,0.9511002444987775,0.46153846153846156
2024,16580,8404,3.0,628.0,449,161,18,0,9,88,18,20,0,0.9713375796178344,0.20454545454545456
2024,16580,8411,2.0,1051.0,792,226,33,0,2,64,28,43,0,0.9686013320647003,0.4375
2024,16580,8486,3.0,402.0,300,92,10,0,2,32,4,24,0,0.9751243781094527,0.125
2024,16580,8490,3.0,761.0,538,176,47,0,12,58,6,36,0,0.938239159001314,0.10344827586206896
2024,16580,8530,3.0,819.0,561,219,39,0,10,42,12,87,0,0.9523809523809523,0.2857142857142857
2024,16580,8567,3.0,484.0,300,153,31,0,5,38,16,20,0,0.9359504132231405,0.42105263157894735
2024,16580,8597,3.0,261.0,193,54,14,0,0,41,7,3,0,0.946360153256705,0.17073170731707318
2024,16580,8736,2.0,245.0,176,59,10,0,2,4,4,21,0,0.9591836734693877,1.0
2024,16580,8744,2.0,1136.0,821,269,46,0,3,61,17,58,0,0.9595070422535211,0.2786885245901639
2024,16580,8875,2.0,1102.0,768,288,46,3,22,106,31,43,0,0.9582577132486388,0.29245283018867924
2024,16580,8911,3.0,346.0,266,58,22,0,9,56,14,9,0,0.9364161849710982,0.25
2024,16580,8965,2.0,1138.0,828,256,54,0,11,128,30,55,0,0.9525483304042179,0.234375
2024,16580,8968,3.0,620.0,451,135,34,0,0,51,8,27,0,0.9451612903225807,0.1568627450980392
2024,16580,8981,3.0,470.0,334,122,14,0,2,17,7,21,0,0.9702127659574468,0.4117647058823529
2024,16580,9011,2.0,1167.0,819,307,41,0,6,58,18,48,0,0.9648671808054842,0.3103448275862069
2024,16580,9012,2.0,1296.0,938,323,35,1,7,38,14,68,0,0.9729938271604939,0.3684210526315789
2024,16580,9013,2.0,1194.0,835,305,54,0,15,120,30,38,0,0.9547738693467337,0.25
2024,16580,9081,2.0,814.0,585,185,44,0,2,49,17,61,0,0.9459459459459459,0.3469387755102041
2024,16580,9223,2.0,1190.0,872,283,35,1,11,70,19,60,0,0.9705882352941176,0.2714285714285714
2024,16580,9500,3.0,23.0,13,7,3,0,0,2,1,0,0,0.8695652173913043,0.5
2024,16580,9630,2.0,550.0,372,143,35,0,15,99,18,31,0,0.9363636363636364,0.18181818181818182
2024,16580,9754,2.0,986.0,674,280,32,0,15,78,10,65,0,0.9675456389452333,0.1282051282051282
2024,16580,10411,1.0,1023.0,766,229,28,0,10,76,5,36,0,0.9726295210166178,0.06578947368421052
2024,16580,10870,2.0,713.0,519,155,39,0,5,110,4,37,0,0.9453015427769986,0.03636363636363636
2024,16580,10972,3.0,458.0,329,115,14,0,5,67,11,14,0,0.9694323144104804,0.16417910447761194
2024,16580,11036,3.0,336.0,218,92,26,0,3,60,10,3,0,0.9226190476190477,0.16666666666666666
2024,16580,11276,2.0,1219.0,866,300,53,0,20,118,33,35,0,0.9565217391304348,0.2796610169491525
2024,16580,11403,2.0,1136.0,767,319,50,0,17,101,17,76,0,0.9559859154929577,0.16831683168316833
2024,16580,11416,2.0,985.0,710,239,36,0,5,68,17,53,0,0.9634517766497462,0.25
2024,16580,11538,3.0,652.0,446,169,37,0,5,69,12,34,0,0.9432515337423313,0.17391304347826086
2024,16580,11740,2.0,1233.0,854,334,45,0,4,60,8,73,3,0.9635036496350365,0.13333333333333333
2024,16580,11839,3.0,366.0,272,73,21,0,7,49,5,11,0,0.9426229508196722,0.10204081632653061
2024,16580,12399,3.0,407.0,334,60,13,0,1,57,6,13,0,0.9680589680589681,0.10526315789473684
2024,16580,12799,2.0,601.0,451,127,23,0,2,20,2,39,0,0.961730449251248,0.1
2024,16580,12810,2.0,1149.0,807,284,58,0,8,92,14,50,0,0.9495213228894691,0.15217391304347827
2024,16580,12830,2.0,1197.0,852,296,49,0,2,105,25,47,0,0.9590643274853801,0.23809523809523808
2024,16580,12973,3.0,292.0,216,60,16,1,2,21,4,16,0,0.9452054794520548,0.19047619047619047
2024,16580,14927,1.0,1021.0,729,267,25,0,3,58,15,56,0,0.9755142017629774,0.25862068965517243
2024,16580,15646,2.0,1183.0,864,273,46,2,15,49,13,42,0,0.9611158072696534,0.2653061224489796
2024,16580,15882,3.0,570.0,402,132,36,0,19,41,23,14,0,0.9368421052631579,0.5609756097560976
2024,16580,16142,3.0,556.0,429,114,13,0,6,34,8,21,0,0.9766187050359713,0.23529411764705882
2024,16580,17094,3.0,689.0,477,175,37,1,12,48,17,19,0,0.9462989840348331,0.3541666666666667
2024,16580,18422,3.0,268.0,175,68,25,0,10,86,4,14,0,0.9067164179104478,0.046511627906976744
2024,16580,19651,1.0,1039.0,756,266,17,0,10,48,17,62,0,0.983638113570741,0.3541666666666667
2024,16580,20220,3.0,215.0,143,68,4,0,0,8,2,24,0,0.9813953488372092,0.25
2024,16580,20794,2.0,1263.0,898,323,42,0,15,125,20,63,0,0.9667458432304038,0.16
2024,16580,21323,2.0,297.0,157,121,19,0,0,29,10,26,0,0.936026936026936,0.3448275862068966
2024,16580,21830,3.0,749.0,533,197,19,0,1,24,4,27,0,0.9746328437917223,0.16666666666666666
2024,16580,21852,3.0,307.0,221,69,17,0,3,72,11,6,0,0.9446254071661238,0.1527777777777778
2024,16580,22235,3.0,732.0,513,201,18,0,1,41,8,26,0,0.9754098360655737,0.1951219512195122
2024,16580,23121,3.0,913.0,643,247,23,0,7,45,17,42,0,0.9748083242059146,0.37777777777777777
2024,16580,23157,2.0,995.0,716,234,45,0,17,142,20,30,0,0.9547738693467337,0.14084507042253522
2024,16580,23260,3.0,645.0,468,142,35,0,2,52,7,20,0,0.9457364341085271,0.1346153846153846
2024,16580,24317,3.0,258.0,181,64,13,0,0,18,3,7,0,0.9496124031007752,0.16666666666666666
2024,16580,24639,2.0,975.0,705,240,30,0,5,51,24,56,0,0.9692307692307692,0.47058823529411764
2024,16580,25719,3.0,404.0,294,97,13,0,7,72,14,22,0,0.9678217821782178,0.19444444444444445
2024,16580,26172,1.0,1146.0,822,283,41,0,11,50,12,66,0,0.9642233856893543,0.24
2024,16580,27854,2.0,772.0,585,170,17,0,7,64,10,37,0,0.977979274611399,0.15625
2024,16580,27892,3.0,295.0,210,72,13,0,4,47,2,17,0,0.9559322033898305,0.0425531914893617
2024,16580,28593,3.0,826.0,572,213,41,0,10,80,11,21,0,0.950363196125908,0.1375
2024,16580,28600,1.0,912.0,646,236,30,0,6,81,12,61,0,0.9671052631578947,0.14814814814814814
2024,16580,28749,3.0,739.0,516,197,26,0,13,57,14,46,0,0.9648173207036536,0.24561403508771928
2024,16580,28755,1.0,857.0,635,187,35,0,4,81,17,38,0,0.9591598599766628,0.20987654320987653
2024,16580,30002,2.0,843.0,606,204,33,0,2,17,5,46,0,0.9608540925266904,0.29411764705882354
2024,16580,30013,2.0,1236.0,855,342,39,0,11,90,12,76,0,0.9684466019417476,0.13333333333333333
2024,16580,30024,1.0,1065.0,740,290,35,0,5,67,8,74,0,0.9671361502347418,0.11940298507462686
2024,16580,30028,2.0,1197.0,824,342,31,1,8,62,18,82,0,0.9741019214703425,0.2903225806451613
2024,16580,30029,3.0,374.0,290,74,10,0,1,25,9,23,0,0.9732620320855615,0.36
2024,16580,30031,3.0,465.0,322,121,22,0,11,47,9,28,0,0.9526881720430107,0.19148936170212766
2024,16580,30036,3.0,465.0,313,127,25,0,0,82,17,15,0,0.946236559139785,0.2073170731707317
2024,16580,30037,3.0,475.0,393,65,17,0,3,33,10,11,0,0.9642105263157895,0.30303030303030304
2024,16580,30038,3.0,177.0,126,36,15,0,0,15,1,16,0,0.9152542372881356,0.06666666666666667
2024,16580,30040,3.0,149.0,102,39,8,0,3,50,1,1,0,0.9463087248322147,0.02
2024,16580,30042,3.0,600.0,420,141,39,0,15,34,4,20,0,0.935,0.11764705882352941
2024,16580,30044,3.0,34.0,22,9,3,0,1,14,2,2,0,0.9117647058823529,0.14285714285714285
2024,16580,30045,2.0,1101.0,779,271,51,1,14,128,25,36,0,0.9536784741144414,0.1953125
2024,16580,30047,3.0,143.0,83,48,12,0,0,5,1,11,0,0.916083916083916,0.2
2024,16580,30050,2.0,888.0,643,223,22,0,4,80,16,29,0,0.9752252252252253,0.2
2024,16580,30052,2.0,1150.0,827,294,29,0,4,48,18,52,0,0.9747826086956521,0.375
2024,16580,30054,2.0,1176.0,796,306,74,0,4,116,30,34,0,0.9370748299319728,0.25862068965517243
2024,16580,30055,2.0,1100.0,810,258,32,0,10,68,5,79,0,0.9709090909090909,0.07352941176470588
2024,16580,30058,2.0,1012.0,709,227,76,2,18,165,28,53,0,0.924901185770751,0.1696969696969697
2024,16580,30063,2.0,895.0,639,235,21,0,4,30,21,37,0,0.976536312849162,0.7
2024,16580,30064,3.0,549.0,399,132,18,0,4,54,10,12,0,0.9672131147540983,0.18518518518518517
2024,16580,30069,3.0,302.0,211,72,19,0,4,62,5,16,0,0.9370860927152318,0.08064516129032258
2024,16580,30075,2.0,761.0,567,172,22,0,4,50,17,26,0,0.9710906701708278,0.34
2024,16580,30081,3.0,599.0,415,164,20,0,6,43,13,39,0,0.9666110183639399,0.3023255813953488
2024,16580,30083,3.0,534.0,356,150,28,0,2,48,7,31,3,0.947565543071161,0.14583333333333334
2024,16580,30084,3.0,365.0,271,76,18,0,4,50,16,7,0,0.9506849315068493,0.32
2024,16580,30085,3.0,453.0,312,120,21,0,8,45,4,16,0,0.9536423841059603,0.08888888888888889
2024,16580,30088,2.0,1226.0,868,310,48,0,13,82,16,65,2,0.9608482871125612,0.1951219512195122
2024,16580,30090,2.0,1218.0,883,289,46,0,33,79,28,52,0,0.9622331691297209,0.35443037974683544
2024,16580,30092,2.0,1253.0,831,376,46,0,4,88,16,108,0,0.9632881085395052,0.18181818181818182
2024,16580,30093,2.0,1235.0,897,299,39,0,5,64,15,58,0,0.968421052631579,0.234375
2024,16580,30094,3.0,714.0,496,190,28,0,5,54,11,31,0,0.9607843137254902,0.2037037037037037
2024,16580,30105,2.0,1087.0,768,275,44,0,5,78,17,59,0,0.9595216191352346,0.21794871794871795
2024,16580,30111,3.0,714.0,496,180,38,0,10,83,10,34,0,0.9467787114845938,0.12048192771084337
2024,16580,30114,3.0,126.0,111,6,9,0,0,15,1,4,0,0.9285714285714286,0.06666666666666667
2024,16580,30119,2.0,606.0,477,111,18,0,8,61,8,24,0,0.9702970297029703,0.13114754098360656
2024,16580,30120,2.0,820.0,581,221,18,0,1,30,10,56,0,0.9780487804878049,0.3333333333333333
2024,16580,30124,2.0,946.0,674,216,56,1,12,106,14,39,0,0.9408033826638478,0.1320754716981132
2024,16580,30125,2.0,622.0,451,142,29,0,3,68,10,27,0,0.9533762057877814,0.14705882352941177
2024,16580,30128,2.0,598.0,424,159,15,0,4,23,2,31,0,0.9749163879598662,0.08695652173913043
2024,16580,30135,1.0,1054.0,744,282,28,0,18,46,27,69,0,0.9734345351043643,0.5869565217391305
2024,16580,30136,2.0,936.0,658,245,33,0,7,101,18,36,0,0.9647435897435898,0.1782178217821782
2024,16580,30137,2.0,517.0,333,159,25,0,8,62,16,27,0,0.9516441005802708,0.25806451612903225
2024,16580,30138,2.0,928.0,667,230,31,0,15,106,17,30,0,0.9665948275862069,0.16037735849056603
2024,16580,30141,2.0,736.0,521,197,18,0,4,31,8,24,0,0.9755434782608695,0.25806451612903225
2024,16580,30146,2.0,1148.0,810,302,36,0,21,110,22,79,0,0.9686411149825784,0.2
2024,16580,30147,2.0,909.0,648,230,31,0,1,30,17,48,0,0.9658965896589659,0.5666666666666667
2024,16580,30149,2.0,1113.0,776,310,27,0,1,41,12,63,0,0.9757412398921833,0.2926829268292683
2024,16580,30151,2.0,1049.0,732,270,47,0,9,62,17,64,0,0.9551954242135366,0.27419354838709675
2024,16580,30152,2.0,1100.0,781,258,61,0,7,134,10,41,0,0.9445454545454546,0.07462686567164178
2024,16580,30154,2.0,1219.0,848,327,44,1,7,48,24,65,0,0.9639048400328137,0.5
2024,16580,30160,3.0,401.0,301,80,20,0,11,39,8,11,0,0.9501246882793017,0.20512820512820512
2024,16580,30164,3.0,556.0,374,146,36,1,14,50,12,11,0,0.935251798561151,0.24
2024,16580,30165,3.0,348.0,255,74,19,1,12,102,16,10,0,0.9454022988505747,0.1568627450980392
2024,16580,30166,3.0,441.0,320,93,28,0,7,74,10,6,0,0.9365079365079365,0.13513513513513514
2024,16580,30170,3.0,632.0,432,162,38,1,5,66,10,11,0,0.939873417721519,0.15151515151515152
2024,16580,30171,3.0,664.0,473,149,42,0,4,57,17,18,0,0.9367469879518072,0.2982456140350877
2024,16580,30172,3.0,435.0,346,68,21,0,9,73,12,10,0,0.9517241379310345,0.1643835616438356
2024,16580,30177,2.0,1143.0,792,314,37,0,13,89,22,67,0,0.9676290463692039,0.24719101123595505
2024,16580,30178,2.0,1177.0,872,280,25,0,22,64,16,59,0,0.9787595581988106,0.25
2024,16580,30179,2.0,1091.0,768,265,58,0,15,78,23,67,0,0.9468377635197067,0.2948717948717949
2024,16580,30180,2.0,1118.0,823,260,35,0,5,74,12,63,0,0.9686940966010733,0.16216216216216217
2024,16580,30181,2.0,1464.0,908,526,30,1,10,120,28,48,0,0.9795081967213115,0.23333333333333334
2024,16580,30191,2.0,1150.0,793,311,46,0,6,112,18,37,0,0.96,0.16071428571428573
2024,16580,30192,2.0,1284.0,888,309,87,0,29,165,14,52,0,0.9322429906542056,0.08484848484848485
2024,16580,30197,3.0,690.0,488,161,41,0,2,40,6,29,0,0.9405797101449276,0.15
2024,16580,30198,2.0,994.0,693,268,33,0,6,38,8,76,0,0.9668008048289738,0.21052631578947367
2024,16580,30199,2.0,973.0,709,217,47,2,4,47,16,42,0,0.9516957862281603,0.3404255319148936
2024,16580,30202,2.0,1150.0,831,281,38,0,7,62,8,42,2,0.9669565217391304,0.12903225806451613
2024,16580,30219,3.0,264.0,199,49,16,1,4,41,5,7,0,0.9393939393939394,0.12195121951219512
2024,16580,30220,2.0,1188.0,838,301,49,0,6,72,9,51,0,0.9587542087542088,0.125
2024,16580,30221,2.0,840.0,597,214,29,0,6,40,21,35,0,0.9654761904761905,0.525
2024,16580,30222,2.0,333.0,237,81,15,0,0,25,5,7,0,0.954954954954955,0.2
