season,season_id,school_id,division,date,game_id,field,opponent_id,opponent_name,runs_scored,runs_allowed,TC,PO,A,E,CI,PB,SBA,CSB,IDP,TP,FLD%,CS%
2024,16580,2,1.0,02/16/2024,4525643,home,503,NIU,16,6,32.0,21,11,0,0,0,2,0,0,0,1.0,0.0
2024,16580,2,1.0,02/16/2024,4542964,home,503,NIU,12,2,28.0,24,4,0,0,0,0,0,0,0,1.0,
2024,16580,2,1.0,02/17/2024,4525964,home,503,NIU,10,4,38.0,27,10,1,0,3,0,0,0,0,0.9736842105263158,
2024,16580,2,1.0,02/18/2024,4526250,home,503,NIU,7,14,35.0,27,7,1,0,2,2,0,0,0,0.9714285714285714,0.0
2024,16580,5,1.0,02/16/2024,4492207,neutral,301,Illinois,5,4,49.0,33,13,3,0,0,0,0,5,0,0.9387755102040817,
2024,16580,5,1.0,02/16/2024,4492208,neutral,301,Illinois,1,3,30.0,24,5,1,0,0,0,0,0,0,0.9666666666666667,
2024,16580,5,1.0,02/17/2024,4526012,away,236,Fordham,14,7,39.0,27,11,1,0,0,2,3,0,0,0.9743589743589743,1.5
2024,16580,5,1.0,02/18/2024,4526022,away,749,Wake Forest,3,14,23.0,18,4,1,0,0,6,0,0,0,0.9565217391304348,0.0
2024,16580,6,1.0,02/16/2024,4525492,away,2678,Ark.-Pine Bluff,10,6,33.0,26,6,1,0,1,2,2,0,0,0.9696969696969697,1.0
2024,16580,6,1.0,02/18/2024,4525728,away,2678,Ark.-Pine Bluff,6,10,28.0,24,4,0,0,2,1,0,0,0,1.0,0.0
2024,16580,6,1.0,02/18/2024,4526050,away,2678,Ark.-Pine Bluff,0,8,31.0,24,7,0,0,2,4,0,0,0,1.0,0.0
2024,16580,7,1.0,02/16/2024,4525689,home,735,Valparaiso,16,5,33.0,24,8,1,0,0,2,2,0,0,0.9696969696969697,1.0
2024,16580,7,1.0,02/17/2024,4525953,home,735,Valparaiso,2,8,34.0,27,6,1,0,0,4,0,0,0,0.9705882352941176,0.0
2024,16580,7,1.0,02/17/2024,4542953,home,735,Valparaiso,1,8,34.0,27,6,1,0,1,6,0,0,0,0.9705882352941176,0.0
2024,16580,7,1.0,02/18/2024,4526159,home,735,Valparaiso,9,1,40.0,27,12,1,0,1,0,0,9,0,0.975,
2024,16580,8,1.0,02/16/2024,4525558,home,381,Manhattan,4,0,32.0,27,5,0,0,0,2,1,0,0,1.0,0.5
2024,16580,8,1.0,02/17/2024,4525782,home,381,Manhattan,15,0,27.0,21,6,0,0,0,0,0,2,0,1.0,
2024,16580,8,1.0,02/18/2024,4526120,home,381,Manhattan,11,8,36.0,27,6,3,0,0,0,0,3,0,0.9166666666666666,
2024,16580,8,1.0,02/20/2024,4526308,home,419,Middle Tenn.,6,1,36.0,27,9,0,0,0,2,3,2,0,1.0,1.5
2024,16580,9,1.0,02/16/2024,4525512,home,1157,Kennesaw St.,7,12,31.0,27,2,2,0,0,4,0,0,0,0.9354838709677419,0.0
2024,16580,9,1.0,02/17/2024,4525741,home,1157,Kennesaw St.,12,4,38.0,27,10,1,0,0,0,0,2,0,0.9736842105263158,
2024,16580,9,1.0,02/18/2024,4526068,home,1157,Kennesaw St.,3,0,40.0,27,13,0,0,0,0,0,0,0,1.0,
2024,16580,9,1.0,02/20/2024,4526304,away,37,Auburn,2,7,26.0,21,4,1,0,0,10,1,0,0,0.9615384615384616,0.1
2024,16580,28,1.0,02/16/2024,4525544,home,631,Santa Clara,11,6,36.0,27,8,1,0,0,0,2,2,0,0.9722222222222222,inf
2024,16580,28,1.0,02/17/2024,4525769,home,631,Santa Clara,14,13,42.0,27,12,3,0,1,4,0,0,0,0.9285714285714286,0.0
2024,16580,28,1.0,02/18/2024,4526097,home,631,Santa Clara,13,14,36.0,27,8,1,0,0,4,0,0,0,0.9722222222222222,0.0
2024,16580,29,1.0,02/16/2024,4525702,home,500,Northeastern,6,1,36.0,27,8,1,0,0,0,0,3,0,0.9722222222222222,
2024,16580,29,1.0,02/17/2024,4526000,home,500,Northeastern,7,8,39.0,27,11,1,1,0,4,0,0,0,0.9743589743589743,0.0
2024,16580,29,1.0,02/18/2024,4526255,home,500,Northeastern,9,3,37.0,27,9,1,0,0,0,0,3,0,0.972972972972973,
2024,16580,30,1.0,02/16/2024,4525520,home,464,Omaha,14,4,43.0,27,13,3,0,1,2,0,6,0,0.9302325581395349,0.0
2024,16580,30,1.0,02/17/2024,4525749,home,464,Omaha,7,5,34.0,27,7,0,0,0,2,0,0,0,1.0,0.0
2024,16580,30,1.0,02/18/2024,4526075,home,464,Omaha,12,0,35.0,27,6,2,0,0,2,0,0,0,0.9428571428571428,0.0
2024,16580,31,1.0,02/16/2024,4525460,home,317,James Madison,6,4,36.0,27,9,0,0,1,0,0,0,0,1.0,
2024,16580,31,1.0,02/17/2024,4525703,home,317,James Madison,15,5,32.0,24,8,0,0,0,0,1,0,0,1.0,inf
2024,16580,31,1.0,02/18/2024,4526019,home,317,James Madison,3,7,33.0,26,6,1,0,0,4,0,0,0,0.9696969696969697,0.0
2024,16580,31,1.0,02/19/2024,4526267,home,317,James Madison,4,0,36.0,27,8,1,0,0,4,0,2,0,0.9722222222222222,0.0
2024,16580,32,1.0,02/16/2024,4525636,home,782,Wichita St.,5,18,34.0,27,6,1,0,0,4,0,3,0,0.9705882352941176,0.0
2024,16580,32,1.0,02/17/2024,4525987,home,782,Wichita St.,0,14,40.0,27,12,1,0,0,0,0,0,0,0.975,
2024,16580,32,1.0,02/18/2024,4526229,home,782,Wichita St.,5,4,38.0,27,10,1,0,0,0,0,5,0,0.9736842105263158,
2024,16580,37,1.0,02/16/2024,4525493,home,202,Eastern Ky.,17,6,33.0,21,10,2,0,0,0,0,3,0,0.9393939393939394,
2024,16580,37,1.0,02/17/2024,4525730,home,202,Eastern Ky.,6,1,39.0,27,11,1,0,0,2,0,8,0,0.9743589743589743,0.0
2024,16580,37,1.0,02/18/2024,4526051,home,202,Eastern Ky.,9,1,33.0,27,6,0,0,0,2,0,0,0,1.0,0.0
2024,16580,43,1.0,02/16/2024,4525648,home,771,Western Ill.,5,6,36.0,27,8,1,0,1,2,0,2,0,0.9722222222222222,0.0
2024,16580,43,1.0,02/18/2024,4525976,home,771,Western Ill.,18,9,37.0,27,10,0,0,0,0,0,3,0,1.0,
2024,16580,43,1.0,02/18/2024,4526207,home,771,Western Ill.,7,6,39.0,27,11,1,0,0,0,0,0,0,0.9743589743589743,
2024,16580,47,1.0,02/16/2024,4525569,neutral,352,Lehigh,8,4,37.0,27,10,0,0,0,4,0,2,0,1.0,0.0
2024,16580,47,1.0,02/17/2024,4492946,neutral,312,Iowa,0,5,42.0,27,12,3,0,2,8,0,2,0,0.9285714285714286,0.0
2024,16580,47,1.0,02/17/2024,4525834,neutral,410,Merrimack,2,1,38.0,27,11,0,0,0,2,0,3,0,1.0,0.0
2024,16580,47,1.0,02/18/2024,4780660,neutral,416,Michigan St.,4,1,35.0,27,8,0,0,0,2,2,3,0,1.0,1.0
2024,16580,48,1.0,02/16/2024,4525656,home,178,Delaware St.,8,5,37.0,27,9,1,0,0,2,0,3,0,0.972972972972973,0.0
2024,16580,48,1.0,02/17/2024,4525970,home,178,Delaware St.,11,4,36.0,27,7,2,0,0,2,0,0,0,0.9444444444444444,0.0
2024,16580,48,1.0,02/18/2024,4526223,home,178,Delaware St.,3,8,35.0,27,5,3,0,0,4,2,2,0,0.9142857142857143,0.5
2024,16580,51,1.0,02/16/2024,4493158,neutral,463,Nebraska,1,4,36.0,27,9,0,0,0,2,2,3,0,1.0,1.0
2024,16580,51,1.0,02/17/2024,4525854,neutral,529,Oregon,4,7,34.0,24,8,2,0,0,0,0,3,0,0.9411764705882353,
2024,16580,51,1.0,02/18/2024,4526129,neutral,694,Tennessee,5,11,31.0,22,7,2,0,0,2,0,2,0,0.9354838709677419,0.0
2024,16580,52,1.0,02/16/2024,4525550,away,692,Tennessee Tech,11,3,34.0,27,7,0,0,0,0,0,0,0,1.0,
2024,16580,52,1.0,02/17/2024,4525775,away,692,Tennessee Tech,1,5,31.0,24,5,2,0,0,2,0,0,0,0.9354838709677419,0.0
2024,16580,52,1.0,02/18/2024,4526110,away,692,Tennessee Tech,1,8,36.0,23,12,1,0,0,7,0,2,0,0.9722222222222222,0.0
2024,16580,61,1.0,02/16/2024,4525470,home,682,Stonehill,12,1,35.0,27,8,0,0,0,0,1,0,0,1.0,inf
2024,16580,61,1.0,02/16/2024,5245906,home,682,Stonehill,7,1,37.0,27,9,1,0,0,0,0,5,0,0.972972972972973,
2024,16580,61,1.0,02/17/2024,4525710,home,682,Stonehill,7,8,38.0,27,7,4,0,0,2,0,0,0,0.8947368421052632,0.0
2024,16580,62,1.0,02/16/2024,4525694,away,288,Houston,4,8,35.0,24,9,2,0,0,4,2,3,0,0.9428571428571428,0.5
2024,16580,62,1.0,02/17/2024,4526018,away,288,Houston,2,8,34.0,24,10,0,0,1,8,2,2,0,1.0,0.25
2024,16580,62,1.0,02/18/2024,4526155,away,288,Houston,0,7,28.0,24,3,1,0,0,2,2,0,0,0.9642857142857143,1.0
2024,16580,67,1.0,02/16/2024,4493113,neutral,518,Ohio St.,9,2,32.0,27,4,1,0,0,6,0,0,0,0.96875,0.0
2024,16580,67,1.0,02/17/2024,4525967,neutral,327,Kansas St.,4,6,32.0,27,5,0,0,0,0,0,3,0,1.0,
2024,16580,67,1.0,02/18/2024,4526146,neutral,107,California,12,10,36.0,27,9,0,0,0,4,0,3,0,1.0,0.0
2024,16580,71,1.0,02/16/2024,4525489,away,419,Middle Tenn.,8,12,32.0,24,7,1,0,0,4,0,2,0,0.96875,0.0
2024,16580,71,1.0,02/17/2024,4525725,away,419,Middle Tenn.,4,5,35.0,25,10,0,0,0,0,0,0,0,1.0,
2024,16580,71,1.0,02/18/2024,4526047,away,419,Middle Tenn.,7,3,38.0,27,8,3,0,0,2,2,0,0,0.9210526315789473,1.0
2024,16580,72,1.0,02/16/2024,4525540,away,772,Western Ky.,5,2,36.0,27,9,0,0,0,2,0,3,0,1.0,0.0
2024,16580,72,1.0,02/18/2024,4525766,away,772,Western Ky.,0,5,25.0,18,6,1,0,1,0,0,0,0,0.96,
2024,16580,72,1.0,02/18/2024,4526093,away,772,Western Ky.,3,5,41.0,24,15,2,0,1,4,0,3,0,0.9512195121951219,0.0
2024,16580,77,1.0,02/16/2024,4525575,neutral,657,Southern California,8,1,36.0,27,7,2,0,0,0,0,0,0,0.9444444444444444,
2024,16580,77,1.0,02/17/2024,4493114,neutral,518,Ohio St.,2,7,40.0,27,10,3,0,0,10,2,0,0,0.925,0.2
2024,16580,77,1.0,02/19/2024,4526283,neutral,1104,Grand Canyon,2,6,34.0,24,9,1,0,1,0,1,3,0,0.9705882352941176,inf
2024,16580,81,1.0,02/16/2024,4525461,away,128,UCF,11,12,37.0,24,10,3,0,1,2,0,0,0,0.918918918918919,0.0
2024,16580,83,1.0,02/17/2024,4525714,away,2915,Wofford,9,17,42.0,24,12,6,0,1,12,3,0,0,0.8571428571428571,0.25
2024,16580,83,1.0,02/17/2024,4525847,neutral,711,Towson,3,14,37.0,27,9,1,0,1,0,0,3,0,0.972972972972973,
2024,16580,83,1.0,02/18/2024,4526147,neutral,711,Towson,7,3,36.0,27,9,0,0,1,6,0,2,0,1.0,0.0
2024,16580,87,1.0,02/16/2024,4525503,away,234,Florida St.,0,11,34.0,24,9,1,0,0,8,0,3,0,0.9705882352941176,0.0
2024,16580,87,1.0,02/18/2024,4526059,away,234,Florida St.,5,15,30.0,24,4,2,0,0,14,0,0,0,0.9333333333333333,0.0
2024,16580,90,1.0,02/16/2024,4525511,home,434,Missouri,1,3,34.0,27,7,0,0,0,0,0,0,0,1.0,
2024,16580,90,1.0,02/16/2024,4526271,home,434,Missouri,3,2,37.0,27,10,0,0,1,0,2,3,0,1.0,inf
2024,16580,90,1.0,02/17/2024,4525740,home,434,Missouri,8,12,38.0,27,10,1,0,0,6,2,0,0,0.9736842105263158,0.3333333333333333
2024,16580,94,1.0,02/16/2024,4491908,neutral,428,Minnesota,7,8,43.0,36,6,1,0,0,4,0,0,0,0.9767441860465116,0.0
2024,16580,94,1.0,02/17/2024,4525848,neutral,473,New Mexico,3,4,30.0,24,6,0,0,0,0,0,0,0,1.0,
2024,16580,94,1.0,02/18/2024,4526148,neutral,528,Oregon St.,2,15,32.0,24,8,0,0,0,0,1,3,0,1.0,inf
2024,16580,94,1.0,02/19/2024,4526277,neutral,473,New Mexico,2,6,32.0,24,7,1,0,0,3,2,6,0,0.96875,0.6666666666666666
2024,16580,96,1.0,02/16/2024,4525693,home,797,Milwaukee,7,3,37.0,27,9,1,0,0,0,1,0,0,0.972972972972973,inf
2024,16580,96,1.0,02/17/2024,4526008,home,797,Milwaukee,9,3,37.0,27,9,1,0,0,0,0,3,0,0.972972972972973,
2024,16580,96,1.0,02/18/2024,4526248,home,797,Milwaukee,2,0,33.0,27,6,0,0,0,0,0,1,0,1.0,
2024,16580,97,1.0,02/16/2024,4525623,away,674,Stanford,4,0,38.0,27,11,0,0,0,0,0,6,0,1.0,
2024,16580,97,1.0,02/16/2024,4525994,away,674,Stanford,15,6,33.0,27,5,1,0,0,0,0,0,0,0.9696969696969697,
2024,16580,97,1.0,02/18/2024,4526249,away,674,Stanford,1,4,37.0,24,12,1,0,0,0,0,0,0,0.972972972972973,
2024,16580,99,1.0,02/16/2024,4525690,home,756,Washington,10,5,35.0,27,8,0,0,0,0,0,3,0,1.0,
2024,16580,99,1.0,02/17/2024,4526015,home,756,Washington,3,2,31.0,27,3,1,0,0,0,0,0,0,0.967741935483871,
2024,16580,99,1.0,02/18/2024,4526232,home,756,Washington,3,3,63.0,51,11,1,0,0,0,1,0,0,0.9841269841269841,inf
2024,16580,101,1.0,02/16/2024,4525630,home,30024,Utah Valley,10,6,36.0,27,9,0,0,0,0,0,3,0,1.0,
2024,16580,101,1.0,02/17/2024,4525999,home,30024,Utah Valley,5,6,35.0,27,8,0,0,0,4,2,0,0,1.0,0.5
2024,16580,101,1.0,02/18/2024,4526253,home,30024,Utah Valley,6,10,36.0,27,7,2,0,1,0,0,0,0,0.9444444444444444,
2024,16580,102,1.0,02/16/2024,4525611,home,370,LMU (CA),0,4,38.0,27,10,1,0,0,2,1,0,0,0.9736842105263158,0.5
2024,16580,102,1.0,02/16/2024,4526014,home,370,LMU (CA),10,12,43.0,33,10,0,0,0,4,0,3,0,1.0,0.0
2024,16580,102,1.0,02/18/2024,4526218,home,370,LMU (CA),9,8,38.0,27,10,1,0,2,6,0,6,0,0.9736842105263158,0.0
2024,16580,104,1.0,02/16/2024,4525676,away,115,Campbell,20,8,36.0,26,9,1,0,0,0,0,0,0,0.9722222222222222,
2024,16580,104,1.0,02/17/2024,4526002,away,115,Campbell,4,5,34.0,24,10,0,0,0,2,0,9,0,1.0,0.0
2024,16580,104,1.0,02/18/2024,4526237,away,115,Campbell,3,7,33.0,24,8,1,0,0,4,0,2,0,0.9696969696969697,0.0
2024,16580,107,1.0,02/16/2024,4525581,neutral,327,Kansas St.,6,3,37.0,27,10,0,0,0,2,0,0,0,1.0,0.0
2024,16580,107,1.0,02/17/2024,4525846,neutral,251,Georgetown,12,3,35.0,27,7,1,0,0,0,1,0,0,0.9714285714285714,inf
2024,16580,107,1.0,02/18/2024,4526146,neutral,67,Boston College,10,12,39.0,27,11,1,0,0,2,0,0,0,0.9743589743589743,0.0
2024,16580,108,1.0,02/16/2024,4525613,home,1356,Seattle U,6,7,32.0,27,4,1,0,0,2,1,0,0,0.96875,0.5
2024,16580,108,1.0,02/16/2024,5245758,home,1356,Seattle U,13,4,41.0,27,12,2,0,0,0,2,0,0,0.9512195121951219,inf
2024,16580,108,1.0,02/18/2024,4526219,home,1356,Seattle U,8,4,43.0,27,13,3,0,1,2,0,3,0,0.9302325581395349,0.0
2024,16580,109,1.0,02/16/2024,4525490,home,493,North Dakota St.,14,2,39.0,27,12,0,0,0,2,0,0,0,1.0,0.0
2024,16580,109,1.0,02/17/2024,4525726,home,493,North Dakota St.,7,2,36.0,27,9,0,0,0,2,0,5,0,1.0,0.0
2024,16580,109,1.0,02/18/2024,4526048,home,493,North Dakota St.,10,4,35.0,27,8,0,0,0,0,1,6,0,1.0,inf
2024,16580,110,1.0,02/16/2024,4525525,home,260,Gonzaga,8,7,40.0,27,11,2,0,1,2,0,0,0,0.95,0.0
2024,16580,110,1.0,02/17/2024,4525754,home,260,Gonzaga,10,3,44.0,27,14,3,0,0,0,0,5,0,0.9318181818181818,
2024,16580,110,1.0,02/18/2024,4526080,home,260,Gonzaga,6,0,37.0,27,9,1,0,0,2,0,3,0,0.972972972972973,0.0
2024,16580,111,1.0,02/16/2024,4525551,home,466,Nevada,3,12,36.0,27,7,2,0,0,0,1,0,0,0.9444444444444444,inf
2024,16580,111,1.0,02/17/2024,4525776,home,466,Nevada,11,7,41.0,27,12,2,0,0,2,1,3,0,0.9512195121951219,0.5
2024,16580,111,1.0,02/18/2024,4526112,home,466,Nevada,3,13,45.0,27,17,1,0,1,6,0,9,0,0.9777777777777777,0.0
2024,16580,111,1.0,02/18/2024,5246393,home,30024,Utah Valley,8,4,33.0,27,4,2,0,0,0,0,0,0,0.9393939393939394,
2024,16580,112,1.0,02/16/2024,4525552,home,630,San Jose St.,3,1,32.0,27,4,1,0,1,0,0,0,0,0.96875,
2024,16580,112,1.0,02/17/2024,4525777,home,630,San Jose St.,15,0,38.0,27,11,0,0,0,0,0,6,0,1.0,
2024,16580,112,1.0,02/18/2024,4526113,home,630,San Jose St.,12,11,36.0,27,8,1,0,0,0,0,3,0,0.9722222222222222,
2024,16580,115,1.0,02/16/2024,4525676,home,104,UC Santa Barbara,8,20,38.0,27,9,2,0,0,10,0,0,0,0.9473684210526315,0.0
2024,16580,115,1.0,02/17/2024,4526002,home,104,UC Santa Barbara,5,4,36.0,27,9,0,0,0,6,0,1,0,1.0,0.0
2024,16580,115,1.0,02/18/2024,4526237,home,104,UC Santa Barbara,7,3,40.0,27,12,1,0,0,6,0,0,0,0.975,0.0
2024,16580,116,1.0,02/16/2024,5245411,away,606,Saint Joseph's,5,6,35.0,26,5,4,0,0,0,0,0,0,0.8857142857142857,
2024,16580,128,1.0,02/16/2024,4525461,home,81,Bryant,12,11,32.0,27,5,0,0,0,6,2,0,0,1.0,0.3333333333333333
2024,16580,129,1.0,02/16/2024,4525615,away,676,SFA,9,4,37.0,27,8,2,0,0,8,3,0,0,0.9459459459459459,0.375
2024,16580,129,1.0,02/16/2024,4525642,neutral,26172,A&M-Corpus Christi,1,3,43.0,33,10,0,0,0,0,0,0,0,1.0,
2024,16580,129,1.0,02/17/2024,4526007,neutral,26172,A&M-Corpus Christi,1,13,28.0,18,8,2,0,0,4,0,3,0,0.9285714285714286,0.0
2024,16580,129,1.0,02/18/2024,4526256,away,676,SFA,5,6,35.0,24,10,1,0,0,4,0,0,0,0.9714285714285714,0.0
2024,16580,140,1.0,02/16/2024,5245944,away,316,Jacksonville,6,8,33.0,26,7,0,0,0,4,2,0,0,1.0,0.5
2024,16580,140,1.0,02/16/2024,5245945,away,316,Jacksonville,3,11,32.0,24,6,2,0,0,4,0,0,0,0.9375,0.0
2024,16580,141,1.0,02/16/2024,4525467,home,596,St. Bonaventure,14,2,34.0,27,7,0,0,0,0,0,4,0,1.0,
2024,16580,141,1.0,02/17/2024,4525708,home,596,St. Bonaventure,10,22,33.0,27,6,0,0,0,0,0,5,0,1.0,
2024,16580,141,1.0,02/18/2024,4526025,home,596,St. Bonaventure,8,4,42.0,27,14,1,0,0,4,0,6,0,0.9761904761904762,0.0
2024,16580,147,1.0,02/16/2024,4525532,home,812,Xavier,14,3,35.0,27,7,1,0,1,0,0,3,0,0.9714285714285714,
2024,16580,147,1.0,02/17/2024,4525759,home,812,Xavier,8,3,39.0,27,10,2,0,0,2,0,6,0,0.9487179487179487,0.0
2024,16580,147,1.0,02/18/2024,4526085,home,812,Xavier,11,7,35.0,27,7,1,0,0,4,0,0,0,0.9714285714285714,0.0
2024,16580,149,1.0,02/16/2024,4525485,home,248,George Mason,26,0,39.0,27,11,1,0,0,0,0,2,0,0.9743589743589743,
2024,16580,149,1.0,02/17/2024,4492095,home,306,Indiana,2,7,36.0,27,8,1,0,0,0,0,0,0,0.9722222222222222,
2024,16580,149,1.0,02/18/2024,4526043,home,193,Duke,3,5,36.0,27,8,1,0,0,1,0,6,0,0.9722222222222222,0.0
2024,16580,164,1.0,02/16/2024,4525502,away,651,South Fla.,2,1,38.0,27,8,3,0,0,2,2,0,0,0.9210526315789473,1.0
2024,16580,164,1.0,02/16/2024,5245949,neutral,367,Louisville,4,3,38.0,27,11,0,0,0,2,2,3,0,1.0,1.0
2024,16580,164,1.0,02/17/2024,4525922,neutral,305,Indiana St.,1,2,32.0,24,8,0,0,0,0,0,5,0,1.0,
2024,16580,165,1.0,02/16/2024,4525610,home,169,Creighton,0,24,36.0,27,6,3,0,0,4,0,0,0,0.9166666666666666,0.0
2024,16580,165,1.0,02/18/2024,5246297,home,169,Creighton,6,9,28.0,24,3,1,0,0,6,0,0,0,0.9642857142857143,0.0
2024,16580,169,1.0,02/16/2024,4525610,away,165,Coppin St.,24,0,35.0,27,8,0,0,0,0,0,3,0,1.0,
2024,16580,169,1.0,02/18/2024,5246297,away,165,Coppin St.,9,6,32.0,24,7,1,0,1,2,0,0,0,0.96875,0.0
2024,16580,173,1.0,02/16/2024,4525545,home,444,Morehead St.,4,7,33.0,27,4,2,0,1,2,0,0,0,0.9393939393939394,0.0
2024,16580,173,1.0,02/17/2024,4525770,home,444,Morehead St.,16,5,36.0,27,7,2,0,0,2,0,0,0,0.9444444444444444,0.0
2024,16580,173,1.0,02/18/2024,4526102,home,444,Morehead St.,3,6,39.0,27,11,1,0,0,4,1,0,0,0.9743589743589743,0.25
2024,16580,175,1.0,02/16/2024,4525538,home,30136,Lindenwood,4,2,35.0,27,8,0,0,0,0,0,3,0,1.0,
2024,16580,175,1.0,02/18/2024,4525814,home,30136,Lindenwood,6,3,42.0,27,13,2,0,1,4,2,0,0,0.9523809523809523,0.5
2024,16580,175,1.0,02/18/2024,4545053,home,30136,Lindenwood,5,6,41.0,27,13,1,0,0,4,2,5,0,0.975609756097561,0.5
2024,16580,178,1.0,02/16/2024,4525656,away,48,Charleston So.,5,8,32.0,24,7,1,0,0,2,0,3,0,0.96875,0.0
2024,16580,178,1.0,02/17/2024,4525970,away,48,Charleston So.,4,11,36.0,24,8,4,0,3,4,0,0,0,0.8888888888888888,0.0
2024,16580,178,1.0,02/18/2024,4526223,away,48,Charleston So.,8,3,34.0,27,6,1,0,0,2,0,0,0,0.9705882352941176,0.0
2024,16580,180,1.0,02/16/2024,4525475,away,2711,North Florida,7,9,29.0,24,4,1,0,0,0,1,0,0,0.9655172413793104,inf
2024,16580,180,1.0,02/16/2024,4525713,away,2711,North Florida,6,1,26.0,21,5,0,0,0,0,0,4,0,1.0,
2024,16580,193,1.0,02/16/2024,4492094,neutral,306,Indiana,6,3,35.0,27,8,0,0,0,0,0,3,0,1.0,
2024,16580,193,1.0,02/17/2024,4525835,neutral,248,George Mason,23,5,32.0,27,5,0,0,1,6,2,0,0,1.0,0.3333333333333333
2024,16580,193,1.0,02/18/2024,4526043,away,149,Coastal Carolina,5,3,33.0,27,4,2,0,0,8,2,0,0,0.9393939393939394,0.25
2024,16580,196,1.0,02/16/2024,4525478,home,576,Rider,16,2,33.0,27,6,0,0,0,0,0,0,0,1.0,
2024,16580,196,1.0,02/17/2024,4525716,home,576,Rider,7,0,34.0,27,6,1,0,0,0,0,0,0,0.9705882352941176,
2024,16580,196,1.0,02/18/2024,4526035,home,576,Rider,7,0,33.0,27,6,0,0,0,0,1,0,0,1.0,inf
2024,16580,198,1.0,02/16/2024,4525553,home,342,Lafayette,27,7,31.0,27,4,0,0,0,0,0,2,0,1.0,
2024,16580,198,1.0,02/17/2024,4525778,home,342,Lafayette,15,5,32.0,27,5,0,0,0,0,1,0,0,1.0,inf
2024,16580,198,1.0,02/18/2024,4526114,home,342,Lafayette,13,1,35.0,27,7,1,0,0,2,0,0,0,0.9714285714285714,0.0
2024,16580,201,1.0,02/16/2024,4525657,away,228,Florida A&M,5,6,30.0,24,4,2,0,0,0,0,0,0,0.9333333333333333,
2024,16580,201,1.0,02/18/2024,4525954,away,228,Florida A&M,0,4,26.0,18,6,2,0,0,0,0,0,0,0.9230769230769231,
2024,16580,201,1.0,02/18/2024,4526224,away,228,Florida A&M,9,8,35.0,29,4,2,0,0,6,0,0,0,0.9428571428571428,0.0
2024,16580,202,1.0,02/16/2024,4525493,away,37,Auburn,6,17,29.0,19,7,3,0,0,0,1,0,0,0.896551724137931,inf
2024,16580,202,1.0,02/17/2024,4525730,away,37,Auburn,1,6,28.0,24,4,0,0,0,6,0,0,0,1.0,0.0
2024,16580,202,1.0,02/18/2024,4526051,away,37,Auburn,1,9,32.0,24,7,1,0,0,12,0,0,0,0.96875,0.0
2024,16580,204,1.0,02/16/2024,4525663,away,14927,Belmont,3,4,30.0,24,5,1,0,1,2,0,0,0,0.9666666666666667,0.0
2024,16580,204,1.0,02/17/2024,5246115,away,14927,Belmont,2,3,31.0,24,6,1,0,1,6,0,0,0,0.967741935483871,0.0
2024,16580,204,1.0,02/18/2024,4525959,away,14927,Belmont,16,6,26.0,21,5,0,0,0,0,0,3,0,1.0,
2024,16580,204,1.0,02/18/2024,4542959,away,14927,Belmont,7,9,27.0,18,8,1,0,0,6,0,0,0,0.9629629629629629,0.0
2024,16580,219,1.0,02/16/2024,4525634,away,527,Oral Roberts,10,12,35.0,24,10,1,0,0,2,0,0,0,0.9714285714285714,0.0
2024,16580,219,1.0,02/17/2024,4525984,away,527,Oral Roberts,14,3,33.0,27,6,0,0,0,0,0,3,0,1.0,
2024,16580,219,1.0,02/18/2024,4526227,away,527,Oral Roberts,7,6,42.0,27,13,2,0,1,0,0,0,0,0.9523809523809523,
2024,16580,220,1.0,02/16/2024,4525527,away,459,UNC Greensboro,9,10,43.0,28,13,2,0,1,2,0,8,0,0.9534883720930233,0.0
2024,16580,220,1.0,02/17/2024,4525757,away,459,UNC Greensboro,7,8,35.0,24,9,2,0,0,6,0,0,0,0.9428571428571428,0.0
2024,16580,220,1.0,02/18/2024,4526082,away,459,UNC Greensboro,7,12,31.0,24,3,4,0,0,4,0,0,0,0.8709677419354839,0.0
2024,16580,228,1.0,02/16/2024,4525657,home,201,Eastern Ill.,6,5,35.0,27,8,0,0,0,0,0,3,0,1.0,
2024,16580,228,1.0,02/18/2024,4525954,home,201,Eastern Ill.,4,0,27.0,21,4,2,0,0,4,2,0,0,0.9259259259259259,0.5
2024,16580,228,1.0,02/18/2024,4526224,home,201,Eastern Ill.,8,9,40.0,30,9,1,0,0,1,0,0,0,0.975,0.0
2024,16580,229,1.0,02/16/2024,4525486,away,736,Vanderbilt,11,12,36.0,26,9,1,0,0,4,0,0,0,0.9722222222222222,0.0
2024,16580,229,1.0,02/17/2024,4525722,away,736,Vanderbilt,5,4,37.0,27,8,2,0,0,3,0,2,0,0.9459459459459459,0.0
2024,16580,229,1.0,02/18/2024,4526044,away,736,Vanderbilt,1,11,29.0,22,7,0,0,0,9,0,0,0,1.0,0.0
2024,16580,231,1.0,02/16/2024,4525697,home,361,LIU,6,4,35.0,27,8,0,0,0,0,1,2,0,1.0,inf
2024,16580,231,1.0,02/17/2024,4525806,home,361,LIU,20,7,30.0,21,8,1,0,0,4,0,0,0,0.9666666666666667,0.0
2024,16580,231,1.0,02/17/2024,4544943,home,361,LIU,19,4,33.0,21,10,2,0,0,0,1,6,0,0.9393939393939394,inf
2024,16580,234,1.0,02/16/2024,4525503,home,87,Butler,11,0,28.0,27,1,0,0,0,0,0,0,0,1.0,
2024,16580,234,1.0,02/18/2024,4526059,home,87,Butler,15,5,40.0,27,10,3,0,0,0,0,0,0,0.925,
2024,16580,235,1.0,02/16/2024,4525469,home,603,St. John's (NY),5,9,35.0,27,7,1,0,0,2,0,0,0,0.9714285714285714,0.0
2024,16580,236,1.0,02/16/2024,4525464,away,749,Wake Forest,3,9,34.0,24,6,4,0,0,4,0,0,0,0.8823529411764706,0.0
2024,16580,236,1.0,02/17/2024,4526012,home,5,Akron,7,14,40.0,27,13,0,0,1,12,1,0,0,1.0,0.08333333333333333
2024,16580,236,1.0,02/18/2024,4492210,away,301,Illinois,1,9,39.0,24,12,3,0,1,0,0,3,0,0.9230769230769231,
2024,16580,248,1.0,02/16/2024,4525485,away,149,Coastal Carolina,0,26,34.0,24,8,2,0,1,0,1,0,0,0.9411764705882353,inf
2024,16580,248,1.0,02/17/2024,4525835,neutral,193,Duke,5,23,35.0,24,7,4,0,0,2,0,0,0,0.8857142857142857,0.0
2024,16580,248,1.0,02/18/2024,4492096,neutral,306,Indiana,3,9,37.0,27,8,2,0,0,2,0,0,0,0.9459459459459459,0.0
2024,16580,249,1.0,02/16/2024,4525484,away,523,Old Dominion,1,4,34.0,24,9,1,0,0,10,0,0,0,0.9705882352941176,0.0
2024,16580,249,1.0,02/17/2024,4525721,away,523,Old Dominion,4,7,29.0,24,5,0,0,0,8,0,0,0,1.0,0.0
2024,16580,249,1.0,02/18/2024,4526042,away,523,Old Dominion,2,8,34.0,24,9,1,0,0,6,0,3,0,0.9705882352941176,0.0
2024,16580,251,1.0,02/16/2024,4525683,away,1104,Grand Canyon,2,5,28.0,17,9,2,0,0,1,0,0,0,0.9285714285714286,0.0
2024,16580,251,1.0,02/17/2024,4525846,neutral,107,California,3,12,30.0,20,9,1,0,0,1,0,2,0,0.9666666666666667,0.0
2024,16580,251,1.0,02/18/2024,4526198,neutral,327,Kansas St.,6,7,26.0,15,11,0,0,0,0,1,3,0,1.0,inf
2024,16580,253,1.0,02/16/2024,4492159,home,392,Maryland,4,5,35.0,27,8,0,0,0,0,0,0,0,1.0,
2024,16580,253,1.0,02/17/2024,4492160,home,392,Maryland,1,7,37.0,27,9,1,0,1,2,0,2,0,0.972972972972973,0.0
2024,16580,253,1.0,02/18/2024,4492161,home,392,Maryland,7,3,37.0,27,9,1,0,3,0,0,3,0,0.972972972972973,
2024,16580,254,1.0,02/16/2024,4525509,away,474,New Orleans,12,3,30.0,27,2,1,1,0,4,0,0,0,0.9666666666666667,0.0
2024,16580,254,1.0,02/17/2024,4525738,away,474,New Orleans,2,4,38.0,24,13,1,0,0,0,2,6,0,0.9736842105263158,inf
2024,16580,254,1.0,02/18/2024,4526065,away,474,New Orleans,4,8,38.0,24,12,2,0,0,0,0,3,0,0.9473684210526315,
2024,16580,255,1.0,02/16/2024,4525541,home,563,Radford,21,8,34.0,27,6,1,0,0,10,0,0,0,0.9705882352941176,0.0
2024,16580,255,1.0,02/17/2024,4525767,home,563,Radford,7,3,34.0,27,6,1,0,0,2,2,0,0,0.9705882352941176,1.0
2024,16580,255,1.0,02/18/2024,4526094,home,563,Radford,6,3,33.0,27,6,0,0,0,2,0,0,0,1.0,0.0
2024,16580,257,1.0,02/16/2024,4525491,home,456,UNC Asheville,11,2,35.0,27,7,1,0,0,2,2,0,0,0.9714285714285714,1.0
2024,16580,257,1.0,02/17/2024,4525727,home,456,UNC Asheville,17,5,31.0,24,6,1,0,0,2,0,0,0,0.967741935483871,0.0
2024,16580,257,1.0,02/18/2024,4526049,home,456,UNC Asheville,10,0,24.0,21,3,0,0,1,0,0,0,0,1.0,
2024,16580,260,1.0,02/16/2024,4525525,away,110,UCLA,7,8,30.0,24,5,1,0,0,2,0,2,0,0.9666666666666667,0.0
2024,16580,260,1.0,02/17/2024,4525754,away,110,UCLA,3,10,38.0,24,12,2,0,0,0,0,12,0,0.9473684210526315,
2024,16580,260,1.0,02/18/2024,4526080,away,110,UCLA,0,6,33.0,24,8,1,0,0,10,0,3,0,0.9696969696969697,0.0
2024,16580,261,1.0,02/16/2024,4525574,neutral,553,Prairie View,5,10,38.0,27,9,2,0,4,10,0,0,0,0.9473684210526315,0.0
2024,16580,261,1.0,02/17/2024,4526006,neutral,665,Southern U.,10,0,26.0,19,7,0,0,0,0,0,0,0,1.0,
2024,16580,261,1.0,02/18/2024,4526263,neutral,314,Jackson St.,6,7,38.0,25,10,3,0,0,8,2,0,0,0.9210526315789473,0.25
2024,16580,277,1.0,02/16/2024,4525699,home,433,Ole Miss,4,5,56.0,39,16,1,0,0,0,0,3,0,0.9821428571428571,
2024,16580,277,1.0,02/17/2024,4525968,home,433,Ole Miss,2,5,32.0,21,11,0,0,0,0,2,0,0,1.0,inf
2024,16580,277,1.0,02/17/2024,4542967,home,433,Ole Miss,9,1,25.0,21,2,2,0,0,0,0,0,0,0.92,
2024,16580,277,1.0,02/18/2024,4526247,home,433,Ole Miss,13,4,36.0,27,7,2,0,0,1,0,0,0,0.9444444444444444,0.0
2024,16580,283,1.0,02/16/2024,4525507,away,746,Virginia,8,10,34.0,24,10,0,0,2,0,0,3,0,1.0,
2024,16580,283,1.0,02/17/2024,4525737,away,746,Virginia,3,21,32.0,24,4,4,0,0,4,0,3,0,0.875,0.0
2024,16580,283,1.0,02/18/2024,4526063,away,746,Virginia,9,11,39.0,24,14,1,0,0,6,0,5,0,0.9743589743589743,0.0
2024,16580,285,1.0,02/16/2024,4525637,away,786,William & Mary,4,2,40.0,27,13,0,0,0,0,0,3,0,1.0,
2024,16580,285,1.0,02/17/2024,4525937,away,786,William & Mary,4,8,32.0,24,8,0,0,2,0,0,0,0,1.0,
2024,16580,285,1.0,02/18/2024,4526231,away,786,William & Mary,12,14,27.0,24,2,1,0,3,4,0,0,0,0.9629629629629629,0.0
2024,16580,288,1.0,02/16/2024,4525694,home,62,Binghamton,8,4,38.0,27,9,2,0,0,0,2,3,0,0.9473684210526315,inf
2024,16580,288,1.0,02/17/2024,4526018,home,62,Binghamton,8,2,37.0,27,10,0,0,0,2,0,0,0,1.0,0.0
2024,16580,288,1.0,02/18/2024,4526155,home,62,Binghamton,7,0,35.0,27,8,0,0,0,0,0,0,0,1.0,
2024,16580,299,1.0,02/16/2024,4525578,neutral,620,St. Thomas (MN),18,12,41.0,27,12,2,0,0,0,0,5,0,0.9512195121951219,
2024,16580,299,1.0,02/16/2024,4525843,neutral,609,Saint Louis,8,13,34.0,24,9,1,0,0,4,1,3,0,0.9705882352941176,0.25
2024,16580,299,1.0,02/17/2024,4526142,neutral,620,St. Thomas (MN),8,20,39.0,27,12,0,0,0,0,1,6,0,1.0,inf
2024,16580,301,1.0,02/16/2024,4492207,neutral,5,Akron,4,5,47.0,31,16,0,0,0,8,1,0,0,1.0,0.125
2024,16580,301,1.0,02/16/2024,4492208,neutral,5,Akron,3,1,40.0,27,13,0,0,0,0,0,2,0,1.0,
2024,16580,301,1.0,02/17/2024,4492209,away,749,Wake Forest,2,5,24.0,24,0,0,0,0,2,0,0,0,1.0,0.0
2024,16580,301,1.0,02/18/2024,4492210,home,236,Fordham,9,1,34.0,27,7,0,0,0,0,1,3,0,1.0,inf
2024,16580,302,1.0,02/16/2024,4525572,neutral,328,Kansas,11,9,38.0,27,11,0,0,0,0,0,6,0,1.0,
2024,16580,302,1.0,02/17/2024,4525836,neutral,328,Kansas,13,6,39.0,27,12,0,0,0,0,0,3,0,1.0,
2024,16580,302,1.0,02/18/2024,4526136,neutral,328,Kansas,2,8,28.0,24,4,0,0,0,0,0,0,0,1.0,
2024,16580,305,1.0,02/16/2024,4525593,neutral,367,Louisville,8,7,42.0,27,13,2,0,0,2,1,5,0,0.9523809523809523,0.5
2024,16580,305,1.0,02/17/2024,4525922,neutral,164,UConn,2,1,37.0,27,8,2,0,0,4,0,3,0,0.9459459459459459,0.0
2024,16580,305,1.0,02/19/2024,4526058,away,651,South Fla.,5,0,38.0,27,11,0,0,0,0,0,0,0,1.0,
2024,16580,306,1.0,02/16/2024,4492094,neutral,193,Duke,3,6,40.0,27,11,2,0,0,0,0,3,0,0.95,
2024,16580,306,1.0,02/17/2024,4492095,away,149,Coastal Carolina,7,2,33.0,27,4,2,1,0,2,0,0,0,0.9393939393939394,0.0
2024,16580,306,1.0,02/18/2024,4492096,neutral,248,George Mason,9,3,41.0,27,12,2,0,0,0,1,0,0,0.9512195121951219,inf
2024,16580,308,1.0,02/18/2024,4525753,away,454,Murray St.,1,11,34.0,24,10,0,0,0,0,2,2,0,1.0,inf
2024,16580,308,1.0,02/18/2024,4526079,away,454,Murray St.,2,17,35.0,21,10,4,0,0,0,0,0,0,0.8857142857142857,
2024,16580,308,1.0,02/19/2024,4525524,away,454,Murray St.,2,5,31.0,22,8,1,0,0,3,0,3,0,0.967741935483871,0.0
2024,16580,310,1.0,02/16/2024,4525555,away,769,Western Caro.,5,8,33.0,24,9,0,0,0,2,0,0,0,1.0,0.0
2024,16580,310,1.0,02/17/2024,4525779,away,769,Western Caro.,3,16,29.0,24,5,0,0,0,2,0,0,0,1.0,0.0
2024,16580,310,1.0,02/18/2024,4526117,away,769,Western Caro.,4,8,31.0,24,5,2,0,0,0,0,3,0,0.9354838709677419,
2024,16580,312,1.0,02/16/2024,4492942,neutral,635,Seton Hall,5,2,33.0,27,6,0,0,0,4,0,0,0,1.0,0.0
2024,16580,312,1.0,02/17/2024,4492946,neutral,47,Ball St.,5,0,34.0,27,7,0,0,0,0,0,3,0,1.0,
2024,16580,312,1.0,02/18/2024,4492947,neutral,352,Lehigh,4,8,38.0,25,11,2,0,0,0,0,0,0,0.9473684210526315,
2024,16580,314,1.0,02/16/2024,4525701,neutral,699,Texas Southern,5,9,34.0,24,9,1,0,0,0,0,0,0,0.9705882352941176,
2024,16580,314,1.0,02/17/2024,4525878,neutral,17,Alcorn,11,5,34.0,24,8,2,0,0,3,0,2,0,0.9411764705882353,0.0
2024,16580,314,1.0,02/18/2024,4526263,neutral,261,Grambling,7,6,33.0,26,6,1,0,0,0,0,3,0,0.9696969696969697,
2024,16580,315,1.0,02/16/2024,4525633,home,404,Memphis,6,5,50.0,39,9,2,0,0,4,0,0,0,0.96,0.0
2024,16580,315,1.0,02/17/2024,4525983,home,404,Memphis,4,7,34.0,27,7,0,0,1,0,1,3,0,1.0,inf
2024,16580,315,1.0,02/18/2024,4526225,home,404,Memphis,13,9,35.0,29,5,1,0,0,2,1,3,0,0.9714285714285714,0.5
2024,16580,316,1.0,02/16/2024,5245944,home,140,Cincinnati,8,6,35.0,27,5,3,0,0,2,0,0,0,0.9142857142857143,0.0
2024,16580,316,1.0,02/16/2024,5245945,home,140,Cincinnati,11,3,32.0,27,4,1,0,0,4,0,0,0,0.96875,0.0
2024,16580,317,1.0,02/16/2024,4525460,away,31,Arkansas,4,6,36.0,24,12,0,0,0,6,0,2,0,1.0,0.0
2024,16580,317,1.0,02/17/2024,4525703,away,31,Arkansas,5,15,33.0,23,7,3,0,0,0,0,6,0,0.9090909090909091,
2024,16580,317,1.0,02/18/2024,4526019,away,31,Arkansas,7,3,37.0,27,9,1,0,0,0,2,3,0,0.972972972972973,inf
2024,16580,317,1.0,02/19/2024,4526267,away,31,Arkansas,0,4,34.0,24,8,2,0,0,0,0,3,0,0.9411764705882353,
2024,16580,327,1.0,02/16/2024,4525581,neutral,107,California,3,6,32.0,24,7,1,0,0,2,2,4,0,0.96875,1.0
2024,16580,327,1.0,02/17/2024,4525967,neutral,67,Boston College,6,4,35.0,27,8,0,0,1,0,0,9,0,1.0,
2024,16580,327,1.0,02/18/2024,4526198,neutral,251,Georgetown,7,6,38.0,27,10,1,0,0,0,1,0,0,0.9736842105263158,inf
2024,16580,328,1.0,02/16/2024,4525572,neutral,302,UIC,9,11,36.0,27,7,2,0,0,2,1,3,0,0.9444444444444444,0.5
2024,16580,328,1.0,02/17/2024,4525836,neutral,302,UIC,6,13,38.0,27,8,3,0,0,4,0,0,0,0.9210526315789473,0.0
2024,16580,328,1.0,02/18/2024,4526136,neutral,302,UIC,8,2,40.0,27,13,0,0,0,0,0,9,0,1.0,
2024,16580,331,1.0,02/16/2024,4525650,away,460,UNCW,2,7,29.0,24,5,0,0,0,2,0,2,0,1.0,0.0
2024,16580,331,1.0,02/17/2024,4526009,away,460,UNCW,8,2,31.0,27,4,0,0,0,2,0,0,0,1.0,0.0
2024,16580,331,1.0,02/18/2024,4526208,away,460,UNCW,3,8,33.0,24,7,2,0,0,2,0,0,0,0.9393939393939394,0.0
2024,16580,334,1.0,02/16/2024,4525547,away,10411,USC Upstate,11,7,40.0,27,13,0,0,1,6,0,5,0,1.0,0.0
2024,16580,334,1.0,02/17/2024,4525772,away,10411,USC Upstate,3,0,33.0,27,5,1,0,0,4,0,0,0,0.9696969696969697,0.0
2024,16580,334,1.0,02/18/2024,4526105,away,10411,USC Upstate,9,3,41.0,27,14,0,0,0,0,0,5,0,1.0,
2024,16580,342,1.0,02/16/2024,4525553,away,198,ETSU,7,27,37.0,24,9,4,0,1,0,2,3,0,0.8918918918918919,inf
2024,16580,342,1.0,02/17/2024,4525778,away,198,ETSU,5,15,34.0,24,7,3,0,0,8,0,0,0,0.9117647058823529,0.0
2024,16580,342,1.0,02/18/2024,4526114,away,198,ETSU,1,13,32.0,24,8,0,0,1,2,0,3,0,1.0,0.0
2024,16580,346,1.0,02/16/2024,4525576,neutral,661,Southern Ind.,4,2,34.0,27,7,0,0,0,4,0,0,0,1.0,0.0
2024,16580,346,1.0,02/17/2024,4525720,away,646,South Alabama,1,7,37.0,24,10,3,0,4,0,2,0,0,0.918918918918919,inf
2024,16580,346,1.0,02/18/2024,4526140,neutral,487,North Ala.,9,1,39.0,27,10,2,0,1,0,0,2,0,0.9487179487179487,
2024,16580,349,2.0,02/16/2024,4525533,away,287,Houston Christian,3,4,27.0,24,3,0,0,0,6,0,0,0,1.0,0.0
2024,16580,349,2.0,02/17/2024,4525812,away,287,Houston Christian,0,0,41.0,30,9,2,0,0,4,0,5,0,0.9512195121951219,0.0
2024,16580,349,2.0,02/18/2024,4526086,away,287,Houston Christian,0,1,27.0,20,7,0,0,0,0,0,2,0,1.0,
2024,16580,349,2.0,02/18/2024,4545051,away,287,Houston Christian,6,7,27.0,19,6,2,0,0,6,2,0,0,0.9259259259259259,0.3333333333333333
2024,16580,352,1.0,02/16/2024,4525569,neutral,47,Ball St.,4,8,40.0,27,10,3,0,1,0,1,0,0,0.925,inf
2024,16580,352,1.0,02/17/2024,4780659,neutral,416,Michigan St.,2,0,35.0,27,8,0,0,0,2,0,6,0,1.0,0.0
2024,16580,352,1.0,02/18/2024,4492947,neutral,312,Iowa,8,4,37.0,27,9,1,0,0,0,0,0,0,0.972972972972973,
2024,16580,355,1.0,02/16/2024,4525534,home,562,Quinnipiac,10,0,36.0,27,9,0,0,0,2,0,3,0,1.0,0.0
2024,16580,355,1.0,02/17/2024,4525760,home,562,Quinnipiac,16,7,41.0,27,13,1,0,0,4,0,0,0,0.975609756097561,0.0
2024,16580,355,1.0,02/18/2024,4526087,home,562,Quinnipiac,10,5,39.0,27,10,2,0,0,2,2,0,0,0.9487179487179487,1.0
2024,16580,361,1.0,02/16/2024,4525697,away,231,FIU,4,6,30.0,24,4,2,0,0,2,0,0,0,0.9333333333333333,0.0
2024,16580,361,1.0,02/17/2024,4525806,away,231,FIU,7,20,21.0,18,3,0,0,1,0,0,2,0,1.0,
2024,16580,361,1.0,02/17/2024,4544943,away,231,FIU,4,19,28.0,18,9,1,0,1,0,0,3,0,0.9642857142857143,
2024,16580,363,1.0,02/17/2024,4525905,home,639,Siena,27,13,34.0,27,6,1,0,0,0,0,0,0,0.9705882352941176,
2024,16580,363,1.0,02/17/2024,4542654,home,639,Siena,12,2,36.0,27,9,0,0,0,0,0,2,0,1.0,
2024,16580,363,1.0,02/18/2024,4526230,home,639,Siena,14,1,36.0,27,9,0,0,0,2,0,6,0,1.0,0.0
2024,16580,365,1.0,02/16/2024,4525498,home,741,VMI,11,8,37.0,27,8,2,0,0,2,5,0,0,0.9459459459459459,2.5
2024,16580,365,1.0,02/17/2024,4525732,home,1004,Central Ark.,2,0,35.0,27,8,0,0,0,2,2,0,0,1.0,1.0
2024,16580,365,1.0,02/18/2024,4526055,home,741,VMI,27,5,29.0,21,8,0,0,0,0,2,0,0,1.0,inf
2024,16580,365,1.0,02/19/2024,4526270,home,1004,Central Ark.,4,3,35.0,27,8,0,0,0,2,0,0,0,1.0,0.0
2024,16580,366,1.0,02/16/2024,4525691,home,502,Northern Colo.,9,3,36.0,27,7,2,0,0,4,0,0,0,0.9444444444444444,0.0
2024,16580,366,1.0,02/17/2024,4525908,home,502,Northern Colo.,3,2,57.0,36,20,1,0,0,2,0,15,0,0.9824561403508771,0.0
2024,16580,366,1.0,02/17/2024,4542780,home,502,Northern Colo.,5,3,23.0,21,1,1,0,0,2,0,0,0,0.9565217391304348,0.0
2024,16580,366,1.0,02/18/2024,4526233,home,502,Northern Colo.,8,0,39.0,27,12,0,0,0,2,0,3,0,1.0,0.0
2024,16580,367,1.0,02/16/2024,4525593,neutral,305,Indiana St.,7,8,34.0,27,7,0,0,0,4,0,3,0,1.0,0.0
2024,16580,367,1.0,02/16/2024,5245949,neutral,164,UConn,3,4,37.0,26,9,2,0,0,2,0,0,0,0.9459459459459459,0.0
2024,16580,368,1.0,02/16/2024,4525496,away,19651,High Point,10,6,46.0,33,13,0,0,0,0,0,1,0,1.0,
2024,16580,368,1.0,02/17/2024,4525795,away,19651,High Point,1,6,38.0,24,12,2,0,1,4,1,3,0,0.9473684210526315,0.25
2024,16580,368,1.0,02/17/2024,4544932,away,19651,High Point,11,9,36.0,27,8,1,0,0,2,0,4,0,0.9722222222222222,0.0
2024,16580,368,1.0,02/18/2024,4526053,away,19651,High Point,6,1,37.0,27,10,0,0,0,8,0,0,0,1.0,0.0
2024,16580,370,1.0,02/16/2024,4525611,away,102,Sacramento St.,4,0,34.0,27,7,0,0,0,0,1,0,0,1.0,inf
2024,16580,370,1.0,02/16/2024,4526014,away,102,Sacramento St.,12,10,43.0,33,6,4,0,0,0,0,2,0,0.9069767441860465,
2024,16580,370,1.0,02/18/2024,4526218,away,102,Sacramento St.,8,9,35.0,26,9,0,0,1,0,0,0,0,1.0,
2024,16580,380,1.0,02/16/2024,4525580,neutral,545,Pittsburgh,7,10,31.0,24,6,1,0,0,2,2,2,0,0.967741935483871,1.0
2024,16580,380,1.0,02/16/2024,4525845,neutral,545,Pittsburgh,4,7,34.0,24,8,2,0,1,4,0,6,0,0.9411764705882353,0.0
2024,16580,380,1.0,02/17/2024,4526144,neutral,545,Pittsburgh,3,13,29.0,23,5,1,0,1,0,0,0,0,0.9655172413793104,
2024,16580,381,1.0,02/16/2024,4525558,away,8,Alabama,0,4,31.0,24,6,1,0,0,6,0,3,0,0.967741935483871,0.0
2024,16580,381,1.0,02/17/2024,4525782,away,8,Alabama,0,15,28.0,18,8,2,1,1,4,0,3,0,0.9285714285714286,0.0
2024,16580,381,1.0,02/18/2024,4526120,away,8,Alabama,8,11,33.0,24,8,1,0,0,0,0,0,0,0.9696969696969697,
2024,16580,386,1.0,02/16/2024,4525473,away,664,Southern Miss.,1,4,29.0,24,5,0,0,0,0,0,2,0,1.0,
2024,16580,386,1.0,02/17/2024,4525712,away,664,Southern Miss.,5,10,39.0,24,11,4,0,0,2,1,0,0,0.8974358974358975,0.5
2024,16580,386,1.0,02/18/2024,4526031,away,664,Southern Miss.,6,3,34.0,27,7,0,0,1,0,0,0,0,1.0,
2024,16580,388,1.0,02/16/2024,4525646,away,1014,Col. of Charleston,3,15,30.0,24,4,2,0,0,8,0,0,0,0.9333333333333333,0.0
2024,16580,388,1.0,02/17/2024,4525973,away,1014,Col. of Charleston,0,5,31.0,24,7,0,0,0,4,0,0,0,1.0,0.0
2024,16580,388,1.0,02/18/2024,4526252,away,1014,Col. of Charleston,1,2,36.0,24,10,2,0,0,2,0,2,0,0.9444444444444444,0.0
2024,16580,388,1.0,02/19/2024,4526279,away,1014,Col. of Charleston,5,8,32.0,24,6,2,0,0,6,0,0,0,0.9375,0.0
2024,16580,392,1.0,02/16/2024,4492159,away,253,Ga. Southern,5,4,34.0,27,6,1,0,1,0,2,0,0,0.9705882352941176,inf
2024,16580,392,1.0,02/17/2024,4492160,away,253,Ga. Southern,7,1,38.0,27,9,2,0,0,2,0,3,0,0.9473684210526315,0.0
2024,16580,392,1.0,02/18/2024,4492161,away,253,Ga. Southern,3,7,28.0,24,4,0,0,0,8,0,3,0,1.0,0.0
2024,16580,393,1.0,02/16/2024,4525659,away,488,N.C. A&T,2,5,36.0,24,11,1,0,0,0,0,3,0,0.9722222222222222,
2024,16580,393,1.0,02/17/2024,4525985,away,488,N.C. A&T,2,12,32.0,24,6,2,0,1,12,0,0,0,0.9375,0.0
2024,16580,393,1.0,02/18/2024,4526228,away,488,N.C. A&T,1,5,28.0,24,3,1,0,0,5,0,0,0,0.9642857142857143,0.0
2024,16580,402,1.0,02/16/2024,4525480,away,697,Texas A&M,0,15,28.0,24,4,0,0,0,0,0,0,0,1.0,
2024,16580,402,1.0,02/17/2024,4525718,away,697,Texas A&M,1,6,34.0,24,9,1,0,0,4,2,0,0,0.9705882352941176,0.5
2024,16580,402,1.0,02/18/2024,4526038,away,697,Texas A&M,0,10,26.0,20,6,0,0,0,2,0,3,0,1.0,0.0
2024,16580,404,1.0,02/16/2024,4525633,away,315,Jacksonville St.,5,6,50.0,37,13,0,0,0,0,2,3,0,1.0,inf
2024,16580,404,1.0,02/17/2024,4525983,away,315,Jacksonville St.,7,4,38.0,27,10,1,0,1,4,2,5,0,0.9736842105263158,0.5
2024,16580,404,1.0,02/18/2024,4526225,away,315,Jacksonville St.,9,13,42.0,29,11,2,0,0,2,0,0,0,0.9523809523809523,0.0
2024,16580,406,1.0,02/16/2024,4525479,home,709,Toledo,4,5,39.0,30,7,2,0,0,0,1,3,0,0.9487179487179487,inf
2024,16580,406,1.0,02/17/2024,4525717,home,709,Toledo,5,2,40.0,27,12,1,0,0,0,0,3,0,0.975,
2024,16580,410,1.0,02/16/2024,4780657,neutral,416,Michigan St.,3,10,39.0,27,8,4,0,0,10,0,3,0,0.8974358974358975,0.0
2024,16580,410,1.0,02/17/2024,4525834,neutral,47,Ball St.,1,2,33.0,24,8,1,0,0,0,1,4,0,0.9696969696969697,inf
2024,16580,410,1.0,02/18/2024,4526134,neutral,635,Seton Hall,4,11,42.0,26,16,0,0,1,6,0,9,0,1.0,0.0
2024,16580,414,1.0,02/16/2024,4525487,away,648,South Carolina,1,5,37.0,24,11,2,0,0,4,0,5,0,0.9459459459459459,0.0
2024,16580,414,1.0,02/17/2024,4525723,away,648,South Carolina,4,11,34.0,24,10,0,0,0,2,0,6,0,1.0,0.0
2024,16580,414,1.0,02/18/2024,4526045,away,648,South Carolina,0,14,25.0,18,5,2,0,0,0,0,0,0,0.92,
2024,16580,415,1.0,02/16/2024,4525539,home,471,NJIT,8,7,34.0,27,6,1,0,0,0,0,4,0,0.9705882352941176,
2024,16580,415,1.0,02/17/2024,4525815,home,471,NJIT,19,2,33.0,27,6,0,0,1,0,0,2,0,1.0,
2024,16580,415,1.0,02/17/2024,4545054,home,471,NJIT,16,0,37.0,27,10,0,0,1,0,0,0,0,1.0,
2024,16580,416,1.0,02/16/2024,4780657,neutral,410,Merrimack,10,3,34.0,27,7,0,0,0,0,2,3,0,1.0,inf
2024,16580,416,1.0,02/17/2024,4780658,neutral,635,Seton Hall,4,10,38.0,27,10,1,0,0,2,0,0,0,0.9736842105263158,0.0
2024,16580,416,1.0,02/17/2024,4780659,neutral,352,Lehigh,0,2,34.0,27,6,1,0,0,2,2,0,0,0.9705882352941176,1.0
2024,16580,416,1.0,02/18/2024,4780660,neutral,47,Ball St.,1,4,38.0,24,11,3,0,0,0,5,2,0,0.9210526315789473,inf
2024,16580,418,1.0,02/16/2024,4492258,neutral,774,Western Mich.,13,14,52.0,33,17,2,0,1,2,0,2,0,0.9615384615384616,0.0
2024,16580,418,1.0,02/17/2024,4492256,neutral,774,Western Mich.,9,11,43.0,30,13,0,0,0,0,0,6,0,1.0,
2024,16580,418,1.0,02/17/2024,4492259,neutral,774,Western Mich.,9,4,30.0,21,9,0,0,0,0,0,3,0,1.0,
2024,16580,418,1.0,02/18/2024,4492260,neutral,774,Western Mich.,6,2,37.0,27,10,0,0,1,0,0,10,0,1.0,
2024,16580,419,1.0,02/16/2024,4525489,home,71,Bowling Green,12,8,37.0,27,9,1,0,1,2,2,3,0,0.972972972972973,1.0
2024,16580,419,1.0,02/17/2024,4525725,home,71,Bowling Green,5,4,42.0,27,13,2,0,1,6,2,3,0,0.9523809523809523,0.3333333333333333
2024,16580,419,1.0,02/18/2024,4526047,home,71,Bowling Green,3,7,35.0,27,6,2,0,0,8,0,0,0,0.9428571428571428,0.0
2024,16580,428,1.0,02/16/2024,4491908,neutral,94,CSU Bakersfield,8,7,63.0,36,25,2,0,0,0,0,0,0,0.9682539682539683,
2024,16580,428,1.0,02/17/2024,4491909,neutral,528,Oregon St.,4,6,32.0,24,6,2,0,0,6,0,3,0,0.9375,0.0
2024,16580,428,1.0,02/18/2024,4491910,neutral,473,New Mexico,11,2,29.0,23,5,1,0,0,0,0,0,0,0.9655172413793104,
2024,16580,428,1.0,02/19/2024,4491911,neutral,528,Oregon St.,1,6,39.0,24,13,2,0,1,2,0,3,0,0.9487179487179487,0.0
2024,16580,430,1.0,02/16/2024,4525465,home,721,Air Force,8,4,39.0,27,10,2,0,0,0,1,0,0,0.9487179487179487,inf
2024,16580,430,1.0,02/17/2024,4525706,home,721,Air Force,2,3,34.0,27,7,0,0,0,2,2,2,0,1.0,1.0
2024,16580,430,1.0,02/18/2024,4526023,home,721,Air Force,10,2,37.0,27,9,1,0,0,4,0,3,0,0.972972972972973,0.0
2024,16580,433,1.0,02/16/2024,4525699,away,277,Hawaii,5,4,51.0,39,11,1,0,1,4,0,1,0,0.9803921568627451,0.0
2024,16580,433,1.0,02/17/2024,4525968,away,277,Hawaii,5,2,29.0,21,8,0,0,0,4,0,5,0,1.0,0.0
2024,16580,433,1.0,02/17/2024,4542967,away,277,Hawaii,1,9,26.0,18,7,1,0,1,0,0,0,0,0.9615384615384616,
2024,16580,433,1.0,02/18/2024,4526247,away,277,Hawaii,4,13,38.0,24,8,6,0,0,0,0,0,0,0.8421052631578947,
2024,16580,434,1.0,02/16/2024,4525511,away,90,Cal Poly,3,1,33.0,27,4,2,0,0,0,0,3,0,0.9393939393939394,
2024,16580,434,1.0,02/16/2024,4526271,away,90,Cal Poly,2,3,33.0,24,8,1,0,0,0,2,2,0,0.9696969696969697,inf
2024,16580,434,1.0,02/17/2024,4525740,away,90,Cal Poly,12,8,35.0,27,6,2,0,0,0,0,0,0,0.9428571428571428,
2024,16580,439,1.0,02/16/2024,4491801,neutral,539,Penn St.,5,6,38.0,28,10,0,0,1,0,2,0,0,1.0,inf
2024,16580,439,1.0,02/16/2024,4525668,neutral,725,Army West Point,2,3,33.0,24,8,1,0,0,6,0,0,0,0.9696969696969697,0.0
2024,16580,439,1.0,02/17/2024,4491803,neutral,539,Penn St.,10,3,35.0,27,7,1,0,0,6,0,5,0,0.9714285714285714,0.0
2024,16580,439,1.0,02/18/2024,4526152,neutral,725,Army West Point,1,10,37.0,27,8,2,0,0,6,2,0,0,0.9459459459459459,0.3333333333333333
2024,16580,444,1.0,02/16/2024,4525545,away,173,Davidson,7,4,34.0,27,7,0,0,0,0,0,2,0,1.0,
2024,16580,444,1.0,02/17/2024,4525770,away,173,Davidson,5,16,36.0,24,12,0,0,0,2,0,3,0,1.0,0.0
2024,16580,444,1.0,02/18/2024,4526102,away,173,Davidson,6,3,33.0,27,6,0,0,0,0,0,0,0,1.0,
2024,16580,450,1.0,02/16/2024,4525556,away,485,Norfolk St.,3,8,33.0,24,6,3,0,1,0,2,0,0,0.9090909090909091,inf
2024,16580,450,1.0,02/17/2024,4525780,away,485,Norfolk St.,14,4,34.0,27,6,1,0,0,2,0,0,0,0.9705882352941176,0.0
2024,16580,450,1.0,02/18/2024,4526118,away,485,Norfolk St.,6,7,43.0,35,7,1,0,1,2,0,0,0,0.9767441860465116,0.0
2024,16580,454,1.0,02/18/2024,4525753,home,308,Purdue Fort Wayne,11,1,36.0,27,9,0,0,0,0,0,0,0,1.0,
2024,16580,454,1.0,02/18/2024,4526079,home,308,Purdue Fort Wayne,17,2,25.0,20,5,0,0,0,0,0,3,0,1.0,
2024,16580,454,1.0,02/19/2024,4525524,home,308,Purdue Fort Wayne,5,2,37.0,27,9,1,0,0,8,0,2,0,0.972972972972973,0.0
2024,16580,456,1.0,02/16/2024,4525491,away,257,Georgia,2,11,36.0,24,11,1,0,0,0,1,3,0,0.9722222222222222,inf
2024,16580,456,1.0,02/17/2024,4525727,away,257,Georgia,5,17,32.0,22,10,0,0,0,0,0,1,0,1.0,
2024,16580,456,1.0,02/18/2024,4526049,away,257,Georgia,0,10,23.0,18,3,2,0,0,0,0,0,0,0.9130434782608695,
2024,16580,457,1.0,02/16/2024,4525654,home,748,Wagner,10,3,32.0,27,4,1,0,0,0,0,2,0,0.96875,
2024,16580,457,1.0,02/17/2024,4525883,home,748,Wagner,16,5,37.0,27,9,1,0,0,0,0,3,0,0.972972972972973,
2024,16580,457,1.0,02/18/2024,4526220,home,748,Wagner,20,6,41.0,26,10,5,0,1,0,0,2,0,0.8780487804878049,
2024,16580,458,1.0,02/16/2024,4525660,home,742,Virginia Tech,0,10,34.0,27,3,4,0,0,3,0,0,0,0.8823529411764706,0.0
2024,16580,458,1.0,02/17/2024,4525989,home,742,Virginia Tech,5,10,36.0,27,8,1,0,0,0,2,0,0,0.9722222222222222,inf
2024,16580,458,1.0,02/18/2024,4526234,home,742,Virginia Tech,10,5,37.0,27,10,0,0,0,2,0,3,0,1.0,0.0
2024,16580,459,1.0,02/16/2024,4525527,home,220,Fairfield,10,9,46.0,30,15,1,0,0,2,0,6,0,0.9782608695652174,0.0
2024,16580,459,1.0,02/17/2024,4525757,home,220,Fairfield,8,7,40.0,27,11,2,0,0,4,0,0,0,0.95,0.0
2024,16580,459,1.0,02/18/2024,4526082,home,220,Fairfield,12,7,40.0,27,12,1,0,3,6,0,0,0,0.975,0.0
2024,16580,460,1.0,02/16/2024,4525650,home,331,Kent St.,7,2,36.0,27,8,1,0,0,0,0,0,0,0.9722222222222222,
2024,16580,460,1.0,02/17/2024,4526009,home,331,Kent St.,2,8,39.0,27,11,1,0,0,0,2,3,0,0.9743589743589743,inf
2024,16580,460,1.0,02/18/2024,4526208,home,331,Kent St.,8,3,37.0,27,9,1,0,0,4,2,0,0,0.972972972972973,0.5
2024,16580,463,1.0,02/16/2024,4493158,neutral,51,Baylor,4,1,36.0,27,8,1,0,0,0,0,3,0,0.9722222222222222,
2024,16580,463,1.0,02/17/2024,4493159,neutral,700,Texas Tech,3,6,32.0,27,5,0,0,0,0,0,0,0,1.0,
2024,16580,463,1.0,02/18/2024,4493160,neutral,522,Oklahoma,6,7,36.0,26,8,2,0,0,0,0,3,0,0.9444444444444444,
2024,16580,464,1.0,02/16/2024,4525520,away,30,Arkansas St.,4,14,36.0,24,10,2,0,1,8,1,0,0,0.9444444444444444,0.125
2024,16580,464,1.0,02/17/2024,4525749,away,30,Arkansas St.,5,7,34.0,24,9,1,0,0,2,0,0,0,0.9705882352941176,0.0
2024,16580,464,1.0,02/18/2024,4526075,away,30,Arkansas St.,0,12,34.0,24,10,0,0,2,6,0,0,0,1.0,0.0
2024,16580,465,1.0,02/16/2024,4525549,away,534,Pacific,1,2,27.0,24,3,0,0,0,2,0,0,0,1.0,0.0
2024,16580,465,1.0,02/18/2024,4526108,away,534,Pacific,8,0,37.0,27,10,0,0,0,0,0,0,0,1.0,
2024,16580,465,1.0,02/18/2024,5246326,away,534,Pacific,6,5,41.0,30,9,2,0,0,2,0,2,0,0.9512195121951219,0.0
2024,16580,465,1.0,02/19/2024,4526278,away,674,Stanford,10,8,40.0,27,12,1,0,0,0,0,0,0,0.975,
2024,16580,466,1.0,02/16/2024,4525551,away,111,UC Riverside,12,3,32.0,27,4,1,0,0,2,2,2,0,0.96875,1.0
2024,16580,466,1.0,02/17/2024,4525776,away,111,UC Riverside,7,11,38.0,24,11,3,0,0,4,0,0,0,0.9210526315789473,0.0
2024,16580,466,1.0,02/18/2024,4526112,away,111,UC Riverside,13,3,38.0,27,11,0,0,0,0,0,3,0,1.0,
2024,16580,471,1.0,02/16/2024,4525539,away,415,Miami (FL),7,8,35.0,25,10,0,0,0,4,0,3,0,1.0,0.0
2024,16580,471,1.0,02/17/2024,4525815,away,415,Miami (FL),2,19,34.0,24,9,1,0,0,0,0,3,0,0.9705882352941176,
2024,16580,471,1.0,02/17/2024,4545054,away,415,Miami (FL),0,16,31.0,24,7,0,0,0,0,0,0,0,1.0,
2024,16580,472,1.0,02/16/2024,4525536,home,649,South Dakota St.,8,6,38.0,27,11,0,0,0,0,0,9,0,1.0,
2024,16580,472,1.0,02/17/2024,4525762,home,649,South Dakota St.,13,9,38.0,27,7,4,2,2,2,0,0,0,0.8947368421052632,0.0
2024,16580,472,1.0,02/18/2024,4526089,home,649,South Dakota St.,5,8,40.0,27,12,1,0,0,3,0,2,0,0.975,0.0
2024,16580,472,1.0,02/19/2024,4526274,home,649,South Dakota St.,10,11,37.0,27,10,0,0,0,2,1,0,0,1.0,0.5
2024,16580,473,1.0,02/16/2024,4525582,neutral,528,Oregon St.,6,15,35.0,24,10,1,0,0,4,2,5,0,0.9714285714285714,0.5
2024,16580,473,1.0,02/17/2024,4525848,neutral,94,CSU Bakersfield,4,3,36.0,27,9,0,0,0,4,0,2,0,1.0,0.0
2024,16580,473,1.0,02/18/2024,4491910,neutral,428,Minnesota,2,11,31.0,22,9,0,0,1,0,0,5,0,1.0,
2024,16580,473,1.0,02/19/2024,4526277,neutral,94,CSU Bakersfield,6,2,35.0,26,9,0,0,0,0,0,3,0,1.0,
2024,16580,474,1.0,02/16/2024,4525509,home,254,Georgia St.,3,12,39.0,27,10,2,0,0,2,0,3,0,0.9487179487179487,0.0
2024,16580,474,1.0,02/17/2024,4525738,home,254,Georgia St.,4,2,43.0,27,15,1,0,0,2,2,0,0,0.9767441860465116,1.0
2024,16580,474,1.0,02/18/2024,4526065,home,254,Georgia St.,8,4,36.0,27,9,0,0,0,0,0,0,0,1.0,
2024,16580,482,1.0,02/16/2024,4525617,away,575,Richmond,6,0,34.0,27,7,0,0,0,0,0,2,0,1.0,
2024,16580,482,1.0,02/17/2024,4525906,away,575,Richmond,6,3,31.0,21,9,1,0,0,2,1,6,0,0.967741935483871,0.5
2024,16580,482,1.0,02/17/2024,4542778,away,575,Richmond,6,4,36.0,27,9,0,0,0,0,0,0,0,1.0,
2024,16580,482,1.0,02/18/2024,4526184,away,575,Richmond,18,5,30.0,21,7,2,0,0,0,0,3,0,0.9333333333333333,
2024,16580,485,1.0,02/16/2024,4525556,home,450,Mount St. Mary's,8,3,36.0,27,6,3,0,4,0,4,0,0,0.9166666666666666,inf
2024,16580,485,1.0,02/17/2024,4525780,home,450,Mount St. Mary's,4,14,40.0,27,8,5,0,0,8,0,5,0,0.875,0.0
2024,16580,485,1.0,02/18/2024,4526118,home,450,Mount St. Mary's,7,6,57.0,36,15,6,0,0,6,2,8,0,0.8947368421052632,0.3333333333333333
2024,16580,487,1.0,02/16/2024,4525483,away,646,South Alabama,2,3,27.0,24,3,0,0,0,8,0,0,0,1.0,0.0
2024,16580,487,1.0,02/17/2024,4525921,neutral,661,Southern Ind.,13,7,37.0,27,9,1,0,1,0,0,3,0,0.972972972972973,
2024,16580,487,1.0,02/18/2024,4526140,neutral,346,Lamar University,1,9,37.0,27,10,0,0,2,0,0,0,0,1.0,
2024,16580,488,1.0,02/16/2024,4525659,home,393,UMES,5,2,34.0,27,7,0,0,0,0,2,0,0,1.0,inf
2024,16580,488,1.0,02/17/2024,4525985,home,393,UMES,12,2,34.0,27,7,0,0,0,0,0,0,0,1.0,
2024,16580,488,1.0,02/18/2024,4526228,home,393,UMES,5,1,33.0,27,6,0,0,0,0,1,0,0,1.0,inf
2024,16580,490,1.0,02/16/2024,4525628,home,740,VCU,6,1,31.0,27,4,0,0,0,0,0,0,0,1.0,
2024,16580,490,1.0,02/17/2024,4525978,home,740,VCU,6,9,39.0,27,8,4,0,0,0,1,0,0,0.8974358974358975,inf
2024,16580,490,1.0,02/18/2024,4526210,home,740,VCU,5,3,36.0,27,9,0,0,0,0,0,3,0,1.0,
2024,16580,493,1.0,02/16/2024,4525490,away,109,UC Irvine,2,14,35.0,24,10,1,0,2,4,0,2,0,0.9714285714285714,0.0
2024,16580,493,1.0,02/17/2024,4525726,away,109,UC Irvine,2,7,33.0,24,9,0,0,0,6,2,3,0,1.0,0.3333333333333333
2024,16580,493,1.0,02/18/2024,4526048,away,109,UC Irvine,4,10,35.0,24,10,1,0,0,0,0,0,0,0.9714285714285714,
2024,16580,500,1.0,02/16/2024,4525702,away,29,Arizona,1,6,28.0,24,3,1,0,0,6,0,0,0,0.9642857142857143,0.0
2024,16580,500,1.0,02/17/2024,4526000,away,29,Arizona,8,7,38.0,27,11,0,0,0,2,0,6,0,1.0,0.0
2024,16580,500,1.0,02/18/2024,4526255,away,29,Arizona,3,9,32.0,24,5,3,0,0,2,0,1,0,0.90625,0.0
2024,16580,502,1.0,02/16/2024,4525691,away,366,Louisiana Tech,3,9,35.0,24,10,1,0,0,4,0,0,0,0.9714285714285714,0.0
2024,16580,502,1.0,02/17/2024,4525908,away,366,Louisiana Tech,2,3,45.0,34,10,1,0,0,6,0,0,0,0.9777777777777777,0.0
2024,16580,502,1.0,02/17/2024,4542780,away,366,Louisiana Tech,3,5,23.0,18,5,0,0,0,4,0,0,0,1.0,0.0
2024,16580,502,1.0,02/18/2024,4526233,away,366,Louisiana Tech,0,8,37.0,24,10,3,0,0,4,0,3,0,0.918918918918919,0.0
2024,16580,505,1.0,02/16/2024,4525518,away,695,UT Martin,15,4,38.0,27,8,3,0,0,4,0,3,0,0.9210526315789473,0.0
2024,16580,505,1.0,02/18/2024,4525746,away,695,UT Martin,10,2,37.0,27,10,0,0,0,0,0,3,0,1.0,
2024,16580,505,1.0,02/18/2024,4526072,away,695,UT Martin,8,13,32.0,24,6,2,0,0,0,1,3,0,0.9375,inf
2024,16580,508,1.0,02/16/2024,4525698,home,659,Southern Ill.,7,14,35.0,27,4,4,0,1,8,0,0,0,0.8857142857142857,0.0
2024,16580,508,1.0,02/17/2024,4525988,home,659,Southern Ill.,9,14,36.0,27,9,0,0,1,2,0,0,0,1.0,0.0
2024,16580,508,1.0,02/18/2024,4526183,home,659,Southern Ill.,11,15,34.0,27,6,1,0,1,2,0,0,0,0.9705882352941176,0.0
2024,16580,509,1.0,02/16/2024,4492534,away,718,Tulane,9,0,29.0,27,2,0,0,0,0,0,0,0,1.0,
2024,16580,509,1.0,02/17/2024,4492535,away,718,Tulane,2,6,34.0,24,10,0,0,0,2,0,3,0,1.0,0.0
2024,16580,509,1.0,02/18/2024,4492536,away,718,Tulane,9,12,31.0,24,6,1,0,0,2,0,2,0,0.967741935483871,0.0
2024,16580,513,1.0,02/16/2024,4525515,away,574,Rice,3,1,39.0,27,12,0,0,0,0,0,0,0,1.0,
2024,16580,513,1.0,02/17/2024,4525743,away,574,Rice,9,5,35.0,27,8,0,0,0,0,0,0,0,1.0,
2024,16580,513,1.0,02/18/2024,4526069,away,574,Rice,13,10,39.0,27,11,1,0,0,2,0,0,0,0.9743589743589743,0.0
2024,16580,514,1.0,02/16/2024,4525618,away,610,Saint Mary's (CA),5,0,40.0,27,12,1,0,0,0,0,0,0,0.975,
2024,16580,514,1.0,02/16/2024,4525938,away,610,Saint Mary's (CA),2,13,33.0,24,8,1,0,0,2,0,0,0,0.9696969696969697,0.0
2024,16580,514,1.0,02/18/2024,4526236,away,610,Saint Mary's (CA),8,11,37.0,24,10,3,0,1,0,0,0,0,0.918918918918919,
2024,16580,518,1.0,02/16/2024,4493113,neutral,67,Boston College,2,9,44.0,27,13,4,0,0,6,4,3,0,0.9090909090909091,0.6666666666666666
2024,16580,518,1.0,02/17/2024,4493114,neutral,77,BYU,7,2,35.0,27,7,1,0,0,0,2,0,0,0.9714285714285714,inf
2024,16580,518,1.0,02/18/2024,4493115,neutral,657,Southern California,5,2,26.0,20,5,1,0,0,0,0,0,0,0.9615384615384616,
2024,16580,519,1.0,02/16/2024,4525514,away,28600,Lipscomb,15,7,33.0,27,6,0,0,0,4,0,0,0,1.0,0.0
2024,16580,519,1.0,02/17/2024,4525808,away,28600,Lipscomb,8,2,35.0,27,8,0,0,1,2,2,0,0,1.0,1.0
2024,16580,519,1.0,02/18/2024,4526109,away,28600,Lipscomb,3,8,31.0,24,7,0,0,0,2,1,0,0,1.0,0.5
2024,16580,521,1.0,02/16/2024,4525472,away,624,Sam Houston,2,7,34.0,24,10,0,0,0,4,2,5,0,1.0,0.5
2024,16580,521,1.0,02/17/2024,4525711,away,624,Sam Houston,1,2,34.0,25,9,0,0,0,2,0,0,0,1.0,0.0
2024,16580,521,1.0,02/18/2024,4526030,away,624,Sam Houston,19,2,37.0,27,9,1,0,0,0,0,10,0,0.972972972972973,
2024,16580,522,1.0,02/16/2024,4525603,neutral,529,Oregon,2,4,35.0,27,7,1,0,1,6,1,6,0,0.9714285714285714,0.16666666666666666
2024,16580,522,1.0,02/17/2024,4525829,neutral,694,Tennessee,5,1,38.0,30,7,1,0,0,0,0,0,0,0.9736842105263158,
2024,16580,522,1.0,02/18/2024,4493160,neutral,463,Nebraska,7,6,37.0,27,8,2,0,0,6,0,0,0,0.9459459459459459,0.0
2024,16580,523,1.0,02/16/2024,4525484,home,249,George Washington,4,1,34.0,27,6,1,0,0,2,2,2,0,0.9705882352941176,1.0
2024,16580,523,1.0,02/17/2024,4525721,home,249,George Washington,7,4,40.0,27,11,2,0,0,0,0,3,0,0.95,
2024,16580,523,1.0,02/18/2024,4526042,home,249,George Washington,8,2,41.0,27,14,0,0,0,2,3,0,0,1.0,1.5
2024,16580,527,1.0,02/16/2024,4525634,home,219,Evansville,12,10,31.0,27,4,0,0,0,2,0,0,0,1.0,0.0
2024,16580,527,1.0,02/17/2024,4525984,home,219,Evansville,3,14,32.0,27,5,0,0,0,2,0,0,0,1.0,0.0
2024,16580,527,1.0,02/18/2024,4526227,home,219,Evansville,6,7,36.0,27,9,0,0,1,2,1,5,0,1.0,0.5
2024,16580,528,1.0,02/16/2024,4525582,neutral,473,New Mexico,15,6,36.0,27,7,2,0,0,0,1,2,0,0.9444444444444444,inf
2024,16580,528,1.0,02/17/2024,4491909,neutral,428,Minnesota,6,4,33.0,27,5,1,0,0,2,0,0,0,0.9696969696969697,0.0
2024,16580,528,1.0,02/18/2024,4526148,neutral,94,CSU Bakersfield,15,2,39.0,27,11,1,0,0,0,0,3,0,0.9743589743589743,
2024,16580,528,1.0,02/19/2024,4491911,neutral,428,Minnesota,6,1,39.0,27,11,1,0,1,0,0,2,0,0.9743589743589743,
2024,16580,529,1.0,02/16/2024,4525603,neutral,522,Oklahoma,4,2,36.0,27,8,1,0,0,4,0,0,0,0.9722222222222222,0.0
2024,16580,529,1.0,02/17/2024,4525854,neutral,51,Baylor,7,4,36.0,27,8,1,0,0,0,0,0,0,0.9722222222222222,
2024,16580,529,1.0,02/18/2024,4526130,neutral,700,Texas Tech,7,11,29.0,24,4,1,0,1,0,0,0,0,0.9655172413793104,
2024,16580,534,1.0,02/16/2024,4525549,home,465,UNLV,2,1,37.0,27,10,0,0,0,0,0,0,0,1.0,
2024,16580,534,1.0,02/18/2024,4526108,home,465,UNLV,0,8,38.0,27,10,1,0,0,2,3,0,0,0.9736842105263158,1.5
2024,16580,534,1.0,02/18/2024,5246326,home,465,UNLV,5,6,46.0,30,12,4,0,0,2,0,8,0,0.9130434782608695,0.0
2024,16580,534,1.0,02/19/2024,4526275,home,1356,Seattle U,5,9,36.0,26,8,2,0,1,1,1,3,0,0.9444444444444444,1.0
2024,16580,536,1.0,02/18/2024,4526176,home,572,Rhode Island,13,3,32.0,25,7,0,0,1,0,0,0,0,1.0,
2024,16580,536,1.0,02/18/2024,5246077,home,572,Rhode Island,3,4,46.0,33,13,0,0,0,0,0,3,0,1.0,
2024,16580,536,1.0,02/19/2024,4526286,home,572,Rhode Island,15,1,31.0,25,5,1,0,0,0,0,0,0,0.967741935483871,
2024,16580,539,1.0,02/16/2024,4491801,neutral,439,Monmouth,6,5,43.0,30,9,4,0,0,2,0,3,0,0.9069767441860465,0.0
2024,16580,539,1.0,02/17/2024,4491802,neutral,725,Army West Point,4,3,38.0,27,10,1,0,0,8,1,0,0,0.9736842105263158,0.125
2024,16580,539,1.0,02/17/2024,4491803,neutral,439,Monmouth,3,10,41.0,27,12,2,0,0,4,0,3,0,0.9512195121951219,0.0
2024,16580,539,1.0,02/18/2024,4491857,neutral,725,Army West Point,12,4,38.0,27,10,1,0,0,0,0,3,0,0.9736842105263158,
2024,16580,541,1.0,02/16/2024,4525517,home,30135,California Baptist,1,4,44.0,30,13,1,0,0,0,2,3,0,0.9772727272727273,inf
2024,16580,541,1.0,02/16/2024,4526258,home,732,Utah,1,0,34.0,27,7,0,0,0,2,0,3,0,1.0,0.0
2024,16580,541,1.0,02/17/2024,4526001,home,732,Utah,4,9,39.0,27,10,2,0,2,6,0,0,0,0.9487179487179487,0.0
2024,16580,541,1.0,02/18/2024,4526071,away,30135,California Baptist,4,25,30.0,24,5,1,0,0,1,0,0,0,0.9666666666666667,0.0
2024,16580,545,1.0,02/16/2024,4525580,neutral,380,Maine,10,7,39.0,27,12,0,0,0,2,0,7,0,1.0,0.0
2024,16580,545,1.0,02/16/2024,4525845,neutral,380,Maine,7,4,36.0,27,9,0,0,1,2,0,2,0,1.0,0.0
2024,16580,545,1.0,02/17/2024,4526144,neutral,380,Maine,13,3,33.0,24,9,0,0,0,0,2,6,0,1.0,inf
2024,16580,551,1.0,02/16/2024,4525526,away,626,San Diego St.,5,4,36.0,27,7,2,0,0,2,0,0,0,0.9444444444444444,0.0
2024,16580,551,1.0,02/17/2024,4525755,away,626,San Diego St.,7,6,55.0,39,13,3,0,0,2,0,0,0,0.9454545454545454,0.0
2024,16580,551,1.0,02/18/2024,4526081,away,626,San Diego St.,1,7,33.0,24,8,1,0,3,2,0,3,0,0.9696969696969697,0.0
2024,16580,553,1.0,02/16/2024,4525574,neutral,261,Grambling,10,5,34.0,27,6,1,0,0,2,0,0,0,0.9705882352941176,0.0
2024,16580,553,1.0,02/17/2024,4525838,neutral,699,Texas Southern,5,3,32.0,27,5,0,0,0,0,0,0,0,1.0,
2024,16580,553,1.0,02/18/2024,4526138,neutral,17,Alcorn,15,14,39.0,25,12,2,0,5,4,1,2,0,0.9487179487179487,0.25
2024,16580,559,1.0,02/16/2024,4492415,neutral,683,Stony Brook,6,0,41.0,27,13,1,0,1,0,0,0,0,0.975609756097561,
2024,16580,559,1.0,02/17/2024,4492416,neutral,683,Stony Brook,12,8,42.0,27,14,1,0,0,2,0,0,0,0.9761904761904762,0.0
2024,16580,559,1.0,02/17/2024,4492417,neutral,683,Stony Brook,8,10,40.0,27,10,3,0,1,0,0,2,0,0.925,
2024,16580,559,1.0,02/18/2024,4492418,neutral,683,Stony Brook,13,6,42.0,27,14,1,0,0,6,0,3,0,0.9761904761904762,0.0
2024,16580,562,1.0,02/16/2024,4525534,away,355,Liberty,0,10,27.0,24,3,0,0,0,0,0,3,0,1.0,
2024,16580,562,1.0,02/17/2024,4525760,away,355,Liberty,7,16,37.0,24,12,1,0,0,2,0,0,0,0.972972972972973,0.0
2024,16580,562,1.0,02/18/2024,4526087,away,355,Liberty,5,10,30.0,24,4,2,0,0,4,0,0,0,0.9333333333333333,0.0
2024,16580,563,1.0,02/16/2024,4525541,away,255,Georgia Tech,8,21,32.0,24,8,0,0,0,6,0,0,0,1.0,0.0
2024,16580,563,1.0,02/17/2024,4525767,away,255,Georgia Tech,3,7,37.0,24,12,1,0,0,4,1,3,0,0.972972972972973,0.25
2024,16580,563,1.0,02/18/2024,4526094,away,255,Georgia Tech,3,6,34.0,24,10,0,0,0,0,0,3,0,1.0,
2024,16580,572,1.0,02/18/2024,4526176,away,536,UTRGV,3,13,28.0,23,5,0,0,0,3,0,0,0,1.0,0.0
2024,16580,572,1.0,02/18/2024,5246077,away,536,UTRGV,4,3,41.0,33,7,1,0,0,4,0,4,0,0.975609756097561,0.0
2024,16580,572,1.0,02/19/2024,4526286,away,536,UTRGV,1,15,31.0,23,6,2,0,0,0,2,1,0,0.9354838709677419,inf
2024,16580,574,1.0,02/16/2024,4525515,home,513,Notre Dame,1,3,36.0,27,7,2,0,0,0,0,3,0,0.9444444444444444,
2024,16580,574,1.0,02/17/2024,4525743,home,513,Notre Dame,5,9,39.0,27,10,2,0,2,2,2,0,0,0.9487179487179487,1.0
2024,16580,574,1.0,02/18/2024,4526069,home,513,Notre Dame,10,13,39.0,27,11,1,0,0,2,0,6,0,0.9743589743589743,0.0
2024,16580,575,1.0,02/16/2024,4525617,home,482,Niagara,0,6,42.0,27,14,1,0,0,4,2,6,0,0.9761904761904762,0.5
2024,16580,575,1.0,02/17/2024,4525906,home,482,Niagara,3,6,29.0,21,7,1,0,0,4,0,3,0,0.9655172413793104,0.0
2024,16580,575,1.0,02/17/2024,4542778,home,482,Niagara,4,6,42.0,27,13,2,0,0,10,2,0,0,0.9523809523809523,0.2
2024,16580,575,1.0,02/18/2024,4526184,home,482,Niagara,5,18,28.0,21,4,3,0,1,6,0,0,0,0.8928571428571429,0.0
2024,16580,576,1.0,02/16/2024,4525478,away,196,East Carolina,2,16,27.0,24,3,0,0,0,6,2,0,0,1.0,0.3333333333333333
2024,16580,576,1.0,02/17/2024,4525716,away,196,East Carolina,0,7,35.0,24,11,0,0,1,4,0,0,0,1.0,0.0
2024,16580,576,1.0,02/18/2024,4526035,away,196,East Carolina,0,7,33.0,23,9,1,0,0,5,0,0,0,0.9696969696969697,0.0
2024,16580,587,1.0,02/16/2024,4780614,away,792,Winthrop,14,5,37.0,27,9,1,0,0,0,2,3,0,0.972972972972973,inf
2024,16580,587,1.0,02/17/2024,4780616,away,792,Winthrop,3,1,40.0,27,12,1,0,0,0,1,0,0,0.975,inf
2024,16580,587,1.0,02/18/2024,4780617,away,792,Winthrop,7,6,49.0,33,14,2,0,1,0,2,0,0,0.9591836734693877,inf
2024,16580,590,1.0,02/16/2024,4525546,away,483,Nicholls,0,16,42.0,24,11,7,0,0,6,1,3,0,0.8333333333333334,0.16666666666666666
2024,16580,590,1.0,02/17/2024,4525771,away,483,Nicholls,2,5,32.0,24,6,2,0,0,2,0,3,0,0.9375,0.0
2024,16580,590,1.0,02/18/2024,4526103,away,483,Nicholls,12,19,41.0,24,11,6,0,1,16,2,0,0,0.8536585365853658,0.125
2024,16580,596,1.0,02/16/2024,4525467,away,141,The Citadel,2,14,33.0,24,8,1,0,2,2,0,3,0,0.9696969696969697,0.0
2024,16580,596,1.0,02/17/2024,4525708,away,141,The Citadel,22,10,41.0,27,14,0,0,0,2,0,3,0,1.0,0.0
2024,16580,596,1.0,02/18/2024,4526025,away,141,The Citadel,4,8,33.0,24,9,0,0,0,4,0,3,0,1.0,0.0
2024,16580,603,1.0,02/16/2024,4525469,away,235,Florida,9,5,38.0,27,11,0,0,1,0,0,5,0,1.0,
2024,16580,606,1.0,02/16/2024,5245411,home,116,Canisius,6,5,36.0,27,5,4,0,0,4,0,0,0,0.8888888888888888,0.0
2024,16580,609,1.0,02/16/2024,4525579,neutral,620,St. Thomas (MN),21,9,26.0,18,7,1,0,0,0,0,5,0,0.9615384615384616,
2024,16580,609,1.0,02/16/2024,4525843,neutral,299,Illinois St.,13,8,39.0,27,11,1,0,0,2,0,2,0,0.9743589743589743,0.0
2024,16580,609,1.0,02/17/2024,5245640,neutral,620,St. Thomas (MN),15,7,37.0,27,8,2,1,1,2,0,3,0,0.9459459459459459,0.0
2024,16580,610,1.0,02/16/2024,4525618,home,514,Oakland,0,5,37.0,27,10,0,0,0,8,0,5,0,1.0,0.0
2024,16580,610,1.0,02/16/2024,4525938,home,514,Oakland,13,2,36.0,27,9,0,0,1,0,0,0,0,1.0,
2024,16580,610,1.0,02/18/2024,4526236,home,514,Oakland,11,8,35.0,27,5,3,0,0,4,0,0,0,0.9142857142857143,0.0
2024,16580,617,1.0,02/16/2024,4525662,away,1320,Presbyterian,2,10,39.0,24,10,5,0,0,6,2,4,0,0.8717948717948718,0.3333333333333333
2024,16580,617,1.0,02/17/2024,4525958,away,1320,Presbyterian,6,16,24.0,18,6,0,0,0,0,1,0,0,1.0,inf
2024,16580,617,1.0,02/17/2024,4542958,away,1320,Presbyterian,1,16,26.0,18,7,1,0,0,2,0,3,0,0.9615384615384616,0.0
2024,16580,617,1.0,02/18/2024,4526186,away,1320,Presbyterian,3,16,23.0,18,5,0,0,0,8,0,1,0,1.0,0.0
2024,16580,625,1.0,02/16/2024,4525664,home,11504,Queens (NC),12,2,27.0,21,6,0,0,0,0,0,3,0,1.0,
2024,16580,625,1.0,02/17/2024,4525990,home,11504,Queens (NC),12,1,29.0,21,7,1,0,0,0,0,2,0,0.9655172413793104,
2024,16580,625,1.0,02/18/2024,4526242,home,11504,Queens (NC),16,6,31.0,24,6,1,0,0,2,1,0,0,0.967741935483871,0.5
2024,16580,626,1.0,02/16/2024,4525526,home,551,Portland,4,5,34.0,27,5,2,0,0,2,0,3,0,0.9411764705882353,0.0
2024,16580,626,1.0,02/17/2024,4525755,home,551,Portland,6,7,48.0,39,9,0,0,2,4,1,0,0,1.0,0.25
2024,16580,626,1.0,02/18/2024,4526081,home,551,Portland,7,1,37.0,27,9,1,0,2,4,3,2,0,0.972972972972973,0.75
2024,16580,627,1.0,02/16/2024,4525482,away,703,Texas,3,7,35.0,24,10,1,0,0,0,0,0,0,0.9714285714285714,
2024,16580,627,1.0,02/17/2024,4525719,away,703,Texas,6,5,45.0,33,12,0,0,0,0,1,2,0,1.0,inf
2024,16580,627,1.0,02/18/2024,4526040,away,703,Texas,4,9,30.0,24,5,1,0,0,6,0,0,0,0.9666666666666667,0.0
2024,16580,629,1.0,02/16/2024,4525956,home,222,FDU,4,2,42.0,27,14,1,0,0,6,2,0,0,0.9761904761904762,0.3333333333333333
2024,16580,629,1.0,02/16/2024,5245921,home,222,FDU,4,5,40.0,27,12,1,0,0,4,4,6,0,0.975,1.0
2024,16580,629,1.0,02/17/2024,4542956,home,222,FDU,9,7,38.0,27,10,1,0,0,0,3,0,0,0.9736842105263158,inf
2024,16580,630,1.0,02/16/2024,4525552,away,112,UC San Diego,1,3,33.0,24,9,0,0,0,0,0,6,0,1.0,
2024,16580,630,1.0,02/17/2024,4525777,away,112,UC San Diego,0,15,32.0,24,7,1,0,0,4,0,3,0,0.96875,0.0
2024,16580,630,1.0,02/18/2024,4526113,away,112,UC San Diego,11,12,31.0,24,5,2,0,0,0,0,0,0,0.9354838709677419,
2024,16580,631,1.0,02/16/2024,4525544,away,28,Arizona St.,6,11,30.0,24,5,1,0,0,0,0,5,0,0.9666666666666667,
2024,16580,631,1.0,02/17/2024,4525769,away,28,Arizona St.,13,14,31.0,24,7,0,0,0,0,0,0,0,1.0,
2024,16580,631,1.0,02/18/2024,4526097,away,28,Arizona St.,14,13,35.0,26,9,0,0,0,0,0,0,0,1.0,
2024,16580,635,1.0,02/16/2024,4492942,neutral,312,Iowa,2,5,32.0,27,5,0,0,0,8,1,0,0,1.0,0.125
2024,16580,635,1.0,02/17/2024,4780658,neutral,416,Michigan St.,10,4,40.0,27,11,2,0,0,2,0,6,0,0.95,0.0
2024,16580,635,1.0,02/18/2024,4526134,neutral,410,Merrimack,11,4,37.0,27,9,1,0,0,0,0,0,0,0.972972972972973,
2024,16580,639,1.0,02/17/2024,4525905,away,363,Longwood,13,27,35.0,24,7,4,0,0,0,0,3,0,0.8857142857142857,
2024,16580,639,1.0,02/17/2024,4542654,away,363,Longwood,2,12,31.0,24,6,1,0,1,4,0,0,0,0.967741935483871,0.0
2024,16580,639,1.0,02/18/2024,4526230,away,363,Longwood,1,14,36.0,24,7,5,0,1,8,0,0,0,0.8611111111111112,0.0
2024,16580,646,1.0,02/16/2024,4525483,home,487,North Ala.,3,2,34.0,27,6,1,0,0,0,0,0,0,0.9705882352941176,
2024,16580,646,1.0,02/17/2024,4525720,home,346,Lamar University,7,1,35.0,27,6,2,0,0,0,0,0,0,0.9428571428571428,
2024,16580,646,1.0,02/18/2024,4526041,home,661,Southern Ind.,5,3,30.0,22,7,1,0,1,2,0,0,0,0.9666666666666667,0.0
2024,16580,646,1.0,02/19/2024,4526269,home,661,Southern Ind.,11,0,33.0,21,11,1,0,0,0,2,3,0,0.9696969696969697,inf
2024,16580,648,1.0,02/16/2024,4525487,home,414,Miami (OH),5,1,41.0,27,12,2,0,0,0,0,3,0,0.9512195121951219,
2024,16580,648,1.0,02/17/2024,4525723,home,414,Miami (OH),11,4,40.0,27,12,1,0,0,0,0,3,0,0.975,
2024,16580,648,1.0,02/18/2024,4526045,home,414,Miami (OH),14,0,24.0,21,3,0,0,0,0,0,0,0,1.0,
2024,16580,649,1.0,02/16/2024,4525536,away,472,New Mexico St.,6,8,34.0,24,9,1,0,1,0,0,6,0,0.9705882352941176,
2024,16580,649,1.0,02/17/2024,4525762,away,472,New Mexico St.,9,13,36.0,24,11,1,0,1,0,0,3,0,0.9722222222222222,
2024,16580,649,1.0,02/18/2024,4526089,away,472,New Mexico St.,8,5,33.0,26,6,1,0,1,2,0,0,0,0.9696969696969697,0.0
2024,16580,649,1.0,02/19/2024,4526274,away,472,New Mexico St.,11,10,46.0,27,15,4,0,0,4,0,3,0,0.9130434782608695,0.0
2024,16580,651,1.0,02/16/2024,4525502,home,164,UConn,1,2,39.0,27,10,2,0,0,0,0,5,0,0.9487179487179487,
2024,16580,651,1.0,02/19/2024,4526058,home,305,Indiana St.,0,5,35.0,27,7,1,0,0,0,1,2,0,0.9714285714285714,inf
2024,16580,654,1.0,02/16/2024,4525523,away,1045,DBU,5,9,39.0,24,14,1,0,0,6,0,0,0,0.9743589743589743,0.0
2024,16580,654,1.0,02/17/2024,4525752,away,1045,DBU,6,8,37.0,24,9,4,0,0,6,0,0,0,0.8918918918918919,0.0
2024,16580,654,1.0,02/18/2024,4526078,away,1045,DBU,5,6,42.0,32,10,0,0,0,2,0,3,0,1.0,0.0
2024,16580,655,1.0,02/16/2024,4525685,home,1395,Tarleton St.,4,9,39.0,27,8,4,0,0,2,0,3,0,0.8974358974358975,0.0
2024,16580,655,1.0,02/17/2024,4525980,home,1395,Tarleton St.,2,0,41.0,27,12,2,0,0,4,4,0,0,0.9512195121951219,1.0
2024,16580,655,1.0,02/18/2024,4526215,home,1395,Tarleton St.,5,2,41.0,27,14,0,0,0,0,0,6,0,1.0,
2024,16580,657,1.0,02/16/2024,4525575,neutral,77,BYU,1,8,37.0,27,8,2,0,0,0,0,3,0,0.9459459459459459,
2024,16580,657,1.0,02/17/2024,4526017,neutral,1104,Grand Canyon,1,8,41.0,27,12,2,0,0,0,0,6,0,0.9512195121951219,
2024,16580,657,1.0,02/18/2024,4493115,neutral,518,Ohio St.,2,5,34.0,24,8,2,0,0,2,0,0,0,0.9411764705882353,0.0
2024,16580,659,1.0,02/16/2024,4525698,away,508,Northwestern St.,14,7,33.0,27,6,0,0,0,0,0,0,0,1.0,
2024,16580,659,1.0,02/17/2024,4525988,away,508,Northwestern St.,14,9,36.0,27,9,0,0,0,0,0,0,0,1.0,
2024,16580,659,1.0,02/18/2024,4526183,away,508,Northwestern St.,15,11,39.0,27,10,2,0,0,0,0,6,0,0.9487179487179487,
2024,16580,660,1.0,02/16/2024,4525481,away,716,Troy,8,9,33.0,27,6,0,0,0,6,0,3,0,1.0,0.0
2024,16580,660,1.0,02/17/2024,4525792,away,716,Troy,13,24,24.0,18,4,2,0,0,6,0,3,0,0.9166666666666666,0.0
2024,16580,660,1.0,02/17/2024,4544929,away,716,Troy,7,6,36.0,27,9,0,0,0,0,0,0,0,1.0,
2024,16580,660,1.0,02/18/2024,4526039,away,716,Troy,0,11,28.0,18,9,1,0,0,4,1,0,0,0.9642857142857143,0.25
2024,16580,661,2.0,02/16/2024,4525576,neutral,346,Lamar University,2,4,32.0,24,8,0,0,1,2,0,3,0,1.0,0.0
2024,16580,661,2.0,02/17/2024,4525921,neutral,487,North Ala.,7,13,42.0,27,13,2,0,1,2,1,3,0,0.9523809523809523,0.5
2024,16580,661,2.0,02/18/2024,4526041,away,646,South Alabama,3,5,36.0,23,11,2,0,0,6,0,3,0,0.9444444444444444,0.0
2024,16580,661,2.0,02/19/2024,4526269,away,646,South Alabama,0,11,30.0,19,9,2,0,0,4,3,6,0,0.9333333333333333,0.75
2024,16580,664,1.0,02/16/2024,4525473,home,386,Marist,4,1,37.0,27,9,1,0,0,6,0,0,0,0.972972972972973,0.0
2024,16580,664,1.0,02/17/2024,4525712,home,386,Marist,10,5,36.0,27,8,1,0,0,0,0,0,0,0.9722222222222222,
2024,16580,664,1.0,02/18/2024,4526031,home,386,Marist,3,6,37.0,27,9,1,0,0,8,0,0,0,0.972972972972973,0.0
2024,16580,664,1.0,02/19/2024,4526268,home,721,Air Force,7,5,34.0,24,9,1,0,1,4,0,0,0,0.9705882352941176,0.0
2024,16580,669,1.0,02/16/2024,4525682,away,498,ULM,10,4,35.0,27,8,0,0,0,8,0,8,0,1.0,0.0
2024,16580,669,1.0,02/17/2024,4525975,away,498,ULM,6,5,40.0,27,11,2,0,0,12,2,1,0,0.95,0.16666666666666666
2024,16580,669,1.0,02/18/2024,4526206,away,498,ULM,8,10,35.0,24,7,4,0,0,4,0,0,0,0.8857142857142857,0.0
2024,16580,670,1.0,02/16/2024,4525684,home,817,Youngstown St.,20,2,35.0,27,7,1,0,0,0,0,0,0,0.9714285714285714,
2024,16580,670,1.0,02/17/2024,4525997,home,817,Youngstown St.,6,1,42.0,27,13,2,0,0,2,2,0,0,0.9523809523809523,1.0
2024,16580,670,1.0,02/18/2024,4526214,home,817,Youngstown St.,11,1,25.0,21,4,0,0,0,0,0,1,0,1.0,
2024,16580,671,1.0,02/16/2024,4525679,home,810,Wright St.,3,2,39.0,27,11,1,0,0,2,0,0,0,0.9743589743589743,0.0
2024,16580,671,1.0,02/17/2024,4525972,home,810,Wright St.,6,7,40.0,27,10,3,0,0,6,2,0,0,0.925,0.3333333333333333
2024,16580,671,1.0,02/18/2024,4526203,home,810,Wright St.,5,3,38.0,27,10,1,0,0,10,2,0,0,0.9736842105263158,0.2
2024,16580,674,1.0,02/16/2024,4525623,home,97,Cal St. Fullerton,0,4,34.0,27,5,2,0,0,2,0,0,0,0.9411764705882353,0.0
2024,16580,674,1.0,02/16/2024,4525994,home,97,Cal St. Fullerton,6,15,34.0,27,6,1,0,1,2,0,0,0,0.9705882352941176,0.0
2024,16580,674,1.0,02/18/2024,4526249,home,97,Cal St. Fullerton,4,1,37.0,27,10,0,0,0,0,0,0,0,1.0,
2024,16580,674,1.0,02/19/2024,4526278,home,465,UNLV,8,10,37.0,27,9,1,0,0,0,1,0,0,0.972972972972973,inf
2024,16580,676,1.0,02/16/2024,4525615,home,129,Central Mich.,4,9,35.0,27,5,3,0,1,2,0,0,0,0.9142857142857143,0.0
2024,16580,676,1.0,02/17/2024,4525861,home,26172,A&M-Corpus Christi,17,10,44.0,27,13,4,0,1,4,0,0,0,0.9090909090909091,0.0
2024,16580,676,1.0,02/18/2024,4526161,home,26172,A&M-Corpus Christi,13,5,32.0,27,5,0,0,3,4,0,0,0,1.0,0.0
2024,16580,676,1.0,02/18/2024,4526256,home,129,Central Mich.,6,5,45.0,27,16,2,0,0,6,2,3,0,0.9555555555555556,0.3333333333333333
2024,16580,678,1.0,02/16/2024,4525521,home,768,West Virginia,4,6,39.0,27,10,2,0,0,6,0,3,0,0.9487179487179487,0.0
2024,16580,678,1.0,02/17/2024,4525750,home,768,West Virginia,7,5,39.0,33,4,2,0,0,1,0,2,0,0.9487179487179487,0.0
2024,16580,678,1.0,02/19/2024,4526076,home,768,West Virginia,5,4,39.0,27,10,2,0,0,6,0,3,0,0.9487179487179487,0.0
2024,16580,678,1.0,02/19/2024,4526273,home,768,West Virginia,5,7,40.0,27,12,1,0,0,2,0,2,0,0.975,0.0
2024,16580,682,2.0,02/16/2024,4525470,away,61,Bethune-Cookman,1,12,31.0,24,5,2,0,1,8,0,0,0,0.9354838709677419,0.0
2024,16580,682,2.0,02/16/2024,5245906,away,61,Bethune-Cookman,1,7,41.0,24,16,1,0,0,2,0,3,0,0.975609756097561,0.0
2024,16580,682,2.0,02/17/2024,4525710,away,61,Bethune-Cookman,8,7,34.0,27,5,2,0,1,8,1,3,0,0.9411764705882353,0.125
2024,16580,683,1.0,02/16/2024,4492415,neutral,559,Purdue,0,6,34.0,24,9,1,0,1,4,0,2,0,0.9705882352941176,0.0
2024,16580,683,1.0,02/17/2024,4492416,neutral,559,Purdue,8,12,34.0,24,9,1,0,0,4,1,0,0,0.9705882352941176,0.25
2024,16580,683,1.0,02/17/2024,4492417,neutral,559,Purdue,10,8,39.0,27,9,3,0,0,0,0,0,0,0.9230769230769231,
2024,16580,683,1.0,02/18/2024,4492418,neutral,559,Purdue,6,13,33.0,24,7,2,0,1,6,0,0,0,0.9393939393939394,0.0
2024,16580,692,1.0,02/16/2024,4525550,home,52,Bellarmine,3,11,37.0,27,10,0,0,1,2,0,3,0,1.0,0.0
2024,16580,692,1.0,02/17/2024,4525775,home,52,Bellarmine,5,1,36.0,27,8,1,0,0,0,0,0,0,0.9722222222222222,
2024,16580,692,1.0,02/18/2024,4526110,home,52,Bellarmine,8,1,39.0,27,12,0,0,0,0,0,0,0,1.0,
2024,16580,692,1.0,02/20/2024,4526294,away,6,Alabama A&M,10,0,33.0,21,11,1,0,0,0,0,3,0,0.9696969696969697,
2024,16580,694,1.0,02/16/2024,4525566,neutral,700,Texas Tech,6,2,34.0,29,5,0,0,0,2,0,2,0,1.0,0.0
2024,16580,694,1.0,02/17/2024,4525829,neutral,522,Oklahoma,1,5,46.0,32,12,2,0,0,2,4,0,2,0.9565217391304348,2.0
2024,16580,694,1.0,02/18/2024,4526129,neutral,51,Baylor,11,5,39.0,30,9,0,0,0,2,1,5,0,1.0,0.5
2024,16580,695,1.0,02/16/2024,4525518,home,505,Northern Ky.,4,15,37.0,27,8,2,0,0,2,0,3,0,0.9459459459459459,0.0
2024,16580,695,1.0,02/18/2024,4525746,home,505,Northern Ky.,2,10,37.0,27,8,2,0,2,20,0,0,0,0.9459459459459459,0.0
2024,16580,695,1.0,02/18/2024,4526072,home,505,Northern Ky.,13,8,36.0,27,8,1,0,0,8,0,0,0,0.9722222222222222,0.0
2024,16580,697,1.0,02/16/2024,4525480,home,402,McNeese,15,0,31.0,27,4,0,0,0,0,0,0,0,1.0,
2024,16580,697,1.0,02/17/2024,4525718,home,402,McNeese,6,1,37.0,27,10,0,0,0,0,1,0,0,1.0,inf
2024,16580,697,1.0,02/18/2024,4526038,home,402,McNeese,10,0,28.0,21,6,1,0,0,2,0,0,0,0.9642857142857143,0.0
2024,16580,698,1.0,02/16/2024,4525695,home,28755,FGCU,10,9,35.0,27,8,0,0,0,0,1,0,0,1.0,inf
2024,16580,698,1.0,02/17/2024,4525979,home,28755,FGCU,13,10,37.0,27,8,2,0,1,2,2,0,0,0.9459459459459459,1.0
2024,16580,698,1.0,02/18/2024,4526212,home,28755,FGCU,11,6,42.0,24,14,4,0,1,0,0,3,0,0.9047619047619048,
2024,16580,699,1.0,02/16/2024,4525701,neutral,314,Jackson St.,9,5,44.0,27,15,2,0,1,4,0,3,0,0.9545454545454546,0.0
2024,16580,699,1.0,02/17/2024,4525838,neutral,553,Prairie View,3,5,34.0,24,10,0,0,1,6,2,0,0,1.0,0.3333333333333333
2024,16580,699,1.0,02/18/2024,4526137,neutral,665,Southern U.,5,3,25.0,20,5,0,0,0,12,0,1,0,1.0,0.0
2024,16580,700,1.0,02/16/2024,4525566,neutral,694,Tennessee,2,6,31.0,27,3,1,0,0,2,0,0,0,0.967741935483871,0.0
2024,16580,700,1.0,02/17/2024,4493159,neutral,463,Nebraska,6,3,41.0,27,13,1,0,0,2,2,4,0,0.975609756097561,1.0
2024,16580,700,1.0,02/18/2024,4526130,neutral,529,Oregon,11,7,33.0,27,3,3,0,0,4,0,0,0,0.9090909090909091,0.0
2024,16580,702,1.0,02/16/2024,4525499,away,706,UTSA,10,9,35.0,27,7,1,0,0,0,0,0,0,0.9714285714285714,
2024,16580,702,1.0,02/17/2024,4525796,away,706,UTSA,2,7,27.0,18,8,1,0,0,2,0,0,0,0.9629629629629629,0.0
2024,16580,702,1.0,02/17/2024,4544933,away,706,UTSA,1,2,39.0,26,12,1,0,0,0,0,8,0,0.9743589743589743,
2024,16580,702,1.0,02/18/2024,4526056,away,706,UTSA,5,4,37.0,27,10,0,0,0,0,0,0,0,1.0,
2024,16580,703,1.0,02/16/2024,4525482,home,627,San Diego,7,3,33.0,27,6,0,0,0,4,2,3,0,1.0,0.5
2024,16580,703,1.0,02/17/2024,4525719,home,627,San Diego,5,6,47.0,33,13,1,0,0,8,0,0,0,0.9787234042553191,0.0
2024,16580,703,1.0,02/18/2024,4526040,home,627,San Diego,9,4,32.0,27,3,2,0,0,0,2,0,0,0.9375,inf
2024,16580,706,1.0,02/16/2024,4525499,home,702,UT Arlington,9,10,32.0,27,3,2,0,1,2,0,2,0,0.9375,0.0
2024,16580,706,1.0,02/17/2024,4525796,home,702,UT Arlington,7,2,33.0,21,11,1,0,0,0,0,5,0,0.9696969696969697,
2024,16580,706,1.0,02/17/2024,4544933,home,702,UT Arlington,2,1,36.0,27,9,0,0,0,0,0,2,0,1.0,
2024,16580,706,1.0,02/18/2024,4526056,home,702,UT Arlington,4,5,36.0,27,8,1,0,0,2,0,0,0,0.9722222222222222,0.0
2024,16580,709,1.0,02/16/2024,4525479,away,406,Mercer,5,4,40.0,30,8,2,0,1,4,1,0,0,0.95,0.25
2024,16580,709,1.0,02/17/2024,4525717,away,406,Mercer,2,5,37.0,24,13,0,0,0,4,0,8,0,1.0,0.0
2024,16580,711,1.0,02/16/2024,4525476,away,2915,Wofford,11,12,43.0,25,15,3,0,0,2,2,5,0,0.9302325581395349,1.0
2024,16580,711,1.0,02/17/2024,4525847,neutral,83,Bucknell,14,3,35.0,27,7,1,0,1,0,0,2,0,0.9714285714285714,
2024,16580,711,1.0,02/18/2024,4526033,away,2915,Wofford,1,14,37.0,24,9,4,1,0,14,0,0,0,0.8918918918918919,0.0
2024,16580,711,1.0,02/18/2024,4526147,neutral,83,Bucknell,3,7,40.0,27,10,3,0,0,4,0,0,0,0.925,0.0
2024,16580,716,1.0,02/16/2024,4525481,home,660,SIUE,9,8,47.0,30,16,1,0,0,6,1,3,0,0.9787234042553191,0.16666666666666666
2024,16580,716,1.0,02/17/2024,4525792,home,660,SIUE,24,13,33.0,21,9,3,0,1,0,0,2,0,0.9090909090909091,
2024,16580,716,1.0,02/17/2024,4544929,home,660,SIUE,6,7,42.0,27,13,2,0,0,2,0,3,0,0.9523809523809523,0.0
2024,16580,716,1.0,02/18/2024,4526039,home,660,SIUE,11,0,25.0,21,4,0,0,0,2,0,0,0,1.0,0.0
2024,16580,716,1.0,02/20/2024,4526377,away,228,Florida A&M,13,2,28.0,21,7,0,0,0,0,0,3,0,1.0,
2024,16580,718,1.0,02/16/2024,4492534,home,509,Northwestern,0,9,34.0,27,5,2,0,0,0,0,0,0,0.9411764705882353,
2024,16580,718,1.0,02/17/2024,4492535,home,509,Northwestern,6,2,36.0,27,7,2,0,0,0,0,0,0,0.9444444444444444,
2024,16580,718,1.0,02/18/2024,4492536,home,509,Northwestern,12,9,40.0,27,11,2,0,0,4,0,2,0,0.95,0.0
2024,16580,721,1.0,02/16/2024,4525465,away,430,Mississippi St.,4,8,34.0,24,7,3,0,0,4,0,2,0,0.9117647058823529,0.0
2024,16580,721,1.0,02/17/2024,4525706,away,430,Mississippi St.,3,2,45.0,27,17,1,0,0,0,3,0,0,0.9777777777777777,inf
2024,16580,721,1.0,02/18/2024,4526023,away,430,Mississippi St.,2,10,43.0,24,16,3,0,0,0,0,5,0,0.9302325581395349,
2024,16580,721,1.0,02/19/2024,4526268,away,664,Southern Miss.,5,7,35.0,24,11,0,0,0,2,0,3,0,1.0,0.0
2024,16580,725,1.0,02/16/2024,4525668,neutral,439,Monmouth,3,2,38.0,27,10,1,0,0,2,0,3,0,0.9736842105263158,0.0
2024,16580,725,1.0,02/17/2024,4491802,neutral,539,Penn St.,3,4,35.0,24,11,0,0,0,4,0,3,0,1.0,0.0
2024,16580,725,1.0,02/18/2024,4491857,neutral,539,Penn St.,4,12,41.0,24,16,1,0,1,4,3,3,0,0.975609756097561,0.75
2024,16580,725,1.0,02/18/2024,4526152,neutral,439,Monmouth,10,1,39.0,27,11,1,0,1,0,0,1,0,0.9743589743589743,
2024,16580,726,1.0,02/16/2024,4525647,away,1068,Elon,2,10,33.0,24,7,2,0,1,0,1,3,0,0.9393939393939394,inf
2024,16580,726,1.0,02/17/2024,4525974,away,1068,Elon,21,13,35.0,27,8,0,0,0,0,0,0,0,1.0,
2024,16580,726,1.0,02/18/2024,4526204,away,1068,Elon,9,7,35.0,27,8,0,0,0,2,0,0,0,1.0,0.0
2024,16580,732,1.0,02/16/2024,4526258,away,541,Pepperdine,0,1,38.0,24,10,4,0,0,2,0,0,0,0.8947368421052632,0.0
2024,16580,732,1.0,02/17/2024,4525879,neutral,30135,California Baptist,9,4,42.0,27,15,0,0,0,2,0,3,0,1.0,0.0
2024,16580,732,1.0,02/17/2024,4526001,away,541,Pepperdine,9,4,39.0,27,11,1,0,0,0,0,3,0,0.9743589743589743,
2024,16580,732,1.0,02/18/2024,4526281,away,30135,California Baptist,7,1,39.0,27,11,1,0,0,0,0,6,0,0.9743589743589743,
2024,16580,735,1.0,02/16/2024,4525689,away,7,Alabama St.,5,16,29.0,23,6,0,0,1,0,0,0,0,1.0,
2024,16580,735,1.0,02/17/2024,4525953,away,7,Alabama St.,8,2,39.0,27,11,1,0,0,4,0,0,0,0.9743589743589743,0.0
2024,16580,735,1.0,02/17/2024,4542953,away,7,Alabama St.,8,1,31.0,27,4,0,0,0,0,0,0,0,1.0,
2024,16580,735,1.0,02/18/2024,4526159,away,7,Alabama St.,1,9,39.0,24,12,3,0,1,4,2,0,0,0.9230769230769231,0.5
2024,16580,736,1.0,02/16/2024,4525486,home,229,Fla. Atlantic,12,11,35.0,27,7,1,0,0,2,2,0,0,0.9714285714285714,1.0
2024,16580,736,1.0,02/17/2024,4525722,home,229,Fla. Atlantic,4,5,34.0,27,7,0,0,0,0,0,0,0,1.0,
2024,16580,736,1.0,02/18/2024,4526044,home,229,Fla. Atlantic,11,1,32.0,23,8,1,0,0,0,0,0,0,0.96875,
2024,16580,739,1.0,02/16/2024,5245918,away,2743,UIW,7,12,35.0,24,10,1,0,1,2,0,0,0,0.9714285714285714,0.0
2024,16580,739,1.0,02/17/2024,5245927,away,2743,UIW,6,7,32.0,24,7,1,0,0,2,2,0,0,0.96875,1.0
2024,16580,739,1.0,02/18/2024,5245928,away,2743,UIW,6,9,32.0,24,8,0,0,1,0,1,3,0,1.0,inf
2024,16580,740,1.0,02/16/2024,4525628,away,490,NC State,1,6,34.0,24,10,0,0,0,0,1,3,0,1.0,inf
2024,16580,740,1.0,02/17/2024,4525978,away,490,NC State,9,6,32.0,27,5,0,0,0,0,0,0,0,1.0,
2024,16580,740,1.0,02/18/2024,4526210,away,490,NC State,3,5,33.0,24,7,2,0,0,0,0,0,0,0.9393939393939394,
2024,16580,740,1.0,02/20/2024,4526291,home,363,Longwood,16,6,33.0,24,6,3,0,0,4,0,2,0,0.9090909090909091,0.0
2024,16580,741,1.0,02/16/2024,4525498,away,365,LSU,8,11,32.0,24,7,1,0,0,0,0,3,0,0.96875,
2024,16580,741,1.0,02/16/2024,4525567,neutral,1004,Central Ark.,3,1,35.0,27,7,1,0,0,2,3,0,0,0.9714285714285714,1.5
2024,16580,741,1.0,02/17/2024,4525831,neutral,1004,Central Ark.,3,4,43.0,33,9,1,0,0,4,0,0,0,0.9767441860465116,0.0
2024,16580,741,1.0,02/18/2024,4526055,away,365,LSU,5,27,25.0,18,3,4,0,0,4,0,0,0,0.84,0.0
2024,16580,741,1.0,02/20/2024,4526343,away,485,Norfolk St.,11,9,36.0,27,3,6,0,0,0,0,0,0,0.8333333333333334,
2024,16580,742,1.0,02/16/2024,4525660,away,458,Charlotte,10,0,42.0,31,10,1,0,0,2,0,3,0,0.9761904761904762,0.0
2024,16580,742,1.0,02/17/2024,4525989,away,458,Charlotte,10,5,37.0,30,6,1,0,0,0,0,0,0,0.972972972972973,
2024,16580,742,1.0,02/18/2024,4526234,away,458,Charlotte,5,10,36.0,25,9,2,0,0,0,0,4,0,0.9444444444444444,
2024,16580,746,1.0,02/16/2024,4525507,home,283,Hofstra,10,8,38.0,27,8,3,0,0,4,0,3,0,0.9210526315789473,0.0
2024,16580,746,1.0,02/17/2024,4525737,home,283,Hofstra,21,3,34.0,27,6,1,0,0,4,0,0,0,0.9705882352941176,0.0
2024,16580,746,1.0,02/18/2024,4526063,home,283,Hofstra,11,9,44.0,27,15,2,0,0,0,0,3,0,0.9545454545454546,
2024,16580,748,1.0,02/16/2024,4525654,away,457,North Carolina,3,10,35.0,24,8,3,0,0,4,0,0,0,0.9142857142857143,0.0
2024,16580,748,1.0,02/17/2024,4525883,away,457,North Carolina,5,16,34.0,24,7,3,0,0,0,0,0,0,0.9117647058823529,
2024,16580,748,1.0,02/18/2024,4526220,away,457,North Carolina,6,20,36.0,24,8,4,0,0,20,0,6,0,0.8888888888888888,0.0
2024,16580,749,1.0,02/16/2024,4525464,home,236,Fordham,9,3,44.0,27,15,2,0,0,2,0,3,0,0.9545454545454546,0.0
2024,16580,749,1.0,02/17/2024,4492209,home,301,Illinois,5,2,32.0,27,5,0,0,0,0,1,3,0,1.0,inf
2024,16580,749,1.0,02/18/2024,4526022,home,5,Akron,14,3,29.0,21,6,2,0,1,0,0,3,0,0.9310344827586207,
2024,16580,749,1.0,02/20/2024,4526328,away,459,UNC Greensboro,3,4,27.0,24,3,0,0,0,2,0,0,0,1.0,0.0
2024,16580,754,1.0,02/16/2024,4525669,away,30095,Utah Tech,12,6,42.0,27,15,0,0,0,0,0,5,0,1.0,
2024,16580,754,1.0,02/17/2024,4525926,away,30095,Utah Tech,8,6,39.0,27,12,0,0,0,0,1,0,0,1.0,inf
2024,16580,754,1.0,02/17/2024,4542796,away,30095,Utah Tech,4,7,44.0,24,19,1,0,0,2,0,0,0,0.9772727272727273,0.0
2024,16580,754,1.0,02/18/2024,4526200,away,30095,Utah Tech,5,1,38.0,27,10,1,0,0,2,1,8,0,0.9736842105263158,0.5
2024,16580,756,1.0,02/16/2024,4525690,away,99,Long Beach St.,5,10,37.0,24,12,1,0,0,6,2,0,0,0.972972972972973,0.3333333333333333
2024,16580,756,1.0,02/17/2024,4526015,away,99,Long Beach St.,2,3,32.0,24,8,0,0,0,4,0,2,0,1.0,0.0
2024,16580,756,1.0,02/18/2024,4526232,away,99,Long Beach St.,3,3,70.0,49,20,1,0,0,2,1,9,0,0.9857142857142858,0.5
2024,16580,768,1.0,02/16/2024,4525521,away,678,Stetson,6,4,31.0,27,4,0,0,0,4,0,0,0,1.0,0.0
2024,16580,768,1.0,02/17/2024,4525750,away,678,Stetson,5,7,43.0,31,12,0,0,1,4,0,3,0,1.0,0.0
2024,16580,768,1.0,02/19/2024,4526076,away,678,Stetson,4,5,37.0,26,10,1,0,0,2,0,0,0,0.972972972972973,0.0
2024,16580,768,1.0,02/19/2024,4526273,away,678,Stetson,7,5,36.0,26,10,0,0,0,2,0,0,0,1.0,0.0
2024,16580,769,1.0,02/16/2024,4525555,home,310,Iona,8,5,35.0,27,7,1,0,0,0,0,5,0,0.9714285714285714,
2024,16580,769,1.0,02/17/2024,4525779,home,310,Iona,16,3,41.0,27,13,1,0,0,0,0,6,0,0.975609756097561,
2024,16580,769,1.0,02/18/2024,4526117,home,310,Iona,8,4,33.0,27,6,0,0,0,0,0,0,0,1.0,
2024,16580,771,1.0,02/16/2024,4525648,away,43,Austin Peay,6,5,35.0,27,8,0,0,0,0,2,2,0,1.0,inf
2024,16580,771,1.0,02/18/2024,4525976,away,43,Austin Peay,9,18,31.0,24,7,0,0,0,2,2,0,0,1.0,1.0
2024,16580,771,1.0,02/18/2024,4526207,away,43,Austin Peay,6,7,36.0,24,9,3,0,0,2,1,0,0,0.9166666666666666,0.5
2024,16580,772,1.0,02/16/2024,4525540,home,72,Bradley,2,5,34.0,27,6,1,0,1,0,0,0,0,0.9705882352941176,
2024,16580,772,1.0,02/18/2024,4525766,home,72,Bradley,5,0,25.0,21,4,0,0,0,0,1,2,0,1.0,inf
2024,16580,772,1.0,02/18/2024,4526093,home,72,Bradley,5,3,38.0,27,10,1,0,0,0,0,3,0,0.9736842105263158,
2024,16580,772,1.0,02/20/2024,4526318,away,28600,Lipscomb,8,5,27.0,24,3,0,0,0,4,0,0,0,1.0,0.0
2024,16580,774,1.0,02/16/2024,4492258,neutral,418,Michigan,14,13,51.0,33,15,3,0,0,4,0,3,0,0.9411764705882353,0.0
2024,16580,774,1.0,02/17/2024,4492256,neutral,418,Michigan,11,9,50.0,30,16,4,0,0,2,0,8,0,0.92,0.0
2024,16580,774,1.0,02/17/2024,4492259,neutral,418,Michigan,4,9,25.0,18,6,1,0,0,4,0,0,0,0.96,0.0
2024,16580,774,1.0,02/18/2024,4492260,neutral,418,Michigan,2,6,33.0,24,6,3,0,1,4,0,3,0,0.9090909090909091,0.0
2024,16580,782,1.0,02/16/2024,4525636,away,32,Little Rock,18,5,36.0,27,8,1,0,0,0,0,3,0,0.9722222222222222,
2024,16580,782,1.0,02/17/2024,4525987,away,32,Little Rock,14,0,29.0,27,2,0,0,0,4,0,0,0,1.0,0.0
2024,16580,782,1.0,02/18/2024,4526229,away,32,Little Rock,4,5,31.0,24,6,1,0,0,0,0,0,0,0.967741935483871,
2024,16580,786,1.0,02/16/2024,4525637,home,285,Holy Cross,2,4,35.0,27,6,2,0,0,8,0,0,0,0.9428571428571428,0.0
2024,16580,786,1.0,02/17/2024,4525937,home,285,Holy Cross,8,4,33.0,27,6,0,0,0,4,0,2,0,1.0,0.0
2024,16580,786,1.0,02/18/2024,4526231,home,285,Holy Cross,14,12,35.0,27,8,0,0,0,0,0,0,0,1.0,
2024,16580,786,1.0,02/20/2024,4526349,away,575,Richmond,10,1,36.0,27,7,2,0,0,2,0,3,0,0.9444444444444444,0.0
2024,16580,792,1.0,02/16/2024,4780614,home,587,Rutgers,5,14,38.0,27,9,2,0,0,10,0,6,0,0.9473684210526315,0.0
2024,16580,792,1.0,02/17/2024,4780616,home,587,Rutgers,1,3,43.0,27,12,4,0,0,6,5,0,0,0.9069767441860465,0.8333333333333334
2024,16580,792,1.0,02/18/2024,4780617,home,587,Rutgers,6,7,44.0,33,8,3,0,0,0,2,2,0,0.9318181818181818,inf
2024,16580,792,1.0,02/20/2024,4526300,away,648,South Carolina,2,12,25.0,19,4,2,0,0,2,0,0,0,0.92,0.0
2024,16580,797,1.0,02/16/2024,4525693,away,96,Fresno St.,3,7,33.0,24,8,1,0,0,0,0,0,0,0.9696969696969697,
2024,16580,797,1.0,02/17/2024,4526008,away,96,Fresno St.,3,9,33.0,24,7,2,0,0,2,0,3,0,0.9393939393939394,0.0
2024,16580,797,1.0,02/18/2024,4526248,away,96,Fresno St.,0,2,33.0,24,9,0,0,0,0,0,0,0,1.0,
2024,16580,810,1.0,02/16/2024,4525679,away,671,Louisiana,2,3,43.0,26,16,1,0,0,4,0,0,0,0.9767441860465116,0.0
2024,16580,810,1.0,02/17/2024,4525972,away,671,Louisiana,7,6,36.0,27,7,2,0,0,0,1,1,0,0.9444444444444444,inf
2024,16580,810,1.0,02/18/2024,4526203,away,671,Louisiana,3,5,31.0,24,7,0,0,0,2,1,3,0,1.0,0.5
2024,16580,812,1.0,02/16/2024,4525532,away,147,Clemson,3,14,30.0,24,6,0,0,0,0,0,3,0,1.0,
2024,16580,812,1.0,02/17/2024,4525759,away,147,Clemson,3,8,33.0,24,7,2,0,0,0,0,6,0,0.9393939393939394,
2024,16580,812,1.0,02/18/2024,4526085,away,147,Clemson,7,11,43.0,24,15,4,0,0,0,1,2,0,0.9069767441860465,inf
2024,16580,817,1.0,02/16/2024,4525684,away,670,Texas St.,2,20,38.0,24,11,3,0,1,0,0,7,0,0.9210526315789473,
2024,16580,817,1.0,02/17/2024,4525997,away,670,Texas St.,1,6,37.0,24,13,0,0,0,0,0,5,0,1.0,
2024,16580,817,1.0,02/18/2024,4526214,away,670,Texas St.,1,11,28.0,20,6,2,0,0,2,0,0,0,0.9285714285714286,0.0
2024,16580,1004,1.0,02/16/2024,4525567,neutral,741,VMI,1,3,38.0,27,10,1,0,0,2,2,3,0,0.9736842105263158,1.0
2024,16580,1004,1.0,02/17/2024,4525732,away,365,LSU,0,2,32.0,24,8,0,0,0,2,0,0,0,1.0,0.0
2024,16580,1004,1.0,02/17/2024,4525831,neutral,741,VMI,4,3,43.0,33,9,1,0,0,6,2,2,0,0.9767441860465116,0.3333333333333333
2024,16580,1014,1.0,02/16/2024,4525646,home,388,Marshall,15,3,37.0,27,9,1,0,0,0,0,3,0,0.972972972972973,
2024,16580,1014,1.0,02/17/2024,4525973,home,388,Marshall,5,0,36.0,27,9,0,0,0,0,0,3,0,1.0,
2024,16580,1045,1.0,02/16/2024,4525523,home,654,Southeast Mo. St.,9,5,37.0,27,10,0,0,0,0,3,0,0,1.0,inf
2024,16580,1045,1.0,02/17/2024,4525752,home,654,Southeast Mo. St.,8,6,39.0,27,12,0,0,0,2,2,0,0,1.0,1.0
2024,16580,1045,1.0,02/18/2024,4526078,home,654,Southeast Mo. St.,6,5,47.0,33,13,1,0,1,8,1,0,0,0.9787234042553191,0.125
2024,16580,1068,1.0,02/16/2024,4525647,home,726,Navy,10,2,36.0,27,9,0,0,0,0,0,0,0,1.0,
2024,16580,1068,1.0,02/17/2024,4525974,home,726,Navy,13,21,42.0,27,13,2,0,0,6,2,3,0,0.9523809523809523,0.3333333333333333
2024,16580,1068,1.0,02/18/2024,4526204,home,726,Navy,7,9,43.0,27,15,1,0,0,8,0,6,0,0.9767441860465116,0.0
2024,16580,1104,1.0,02/16/2024,4525683,home,251,Georgetown,5,2,32.0,27,5,0,0,0,0,0,0,0,1.0,
2024,16580,1104,1.0,02/17/2024,4526017,neutral,657,Southern California,8,1,31.0,27,4,0,0,0,2,0,0,0,1.0,0.0
2024,16580,1157,1.0,02/16/2024,4525512,away,9,UAB,12,7,37.0,27,8,2,0,0,2,0,0,0,0.9459459459459459,0.0
2024,16580,1157,1.0,02/17/2024,4525741,away,9,UAB,4,12,34.0,24,4,6,0,0,6,0,0,0,0.8235294117647058,0.0
2024,16580,1157,1.0,02/18/2024,4526068,away,9,UAB,0,3,34.0,24,8,2,0,0,0,0,0,0,0.9411764705882353,
2024,16580,1320,1.0,02/16/2024,4525662,home,617,Saint Peter's,10,2,36.0,27,8,1,0,0,0,0,0,0,0.9722222222222222,
2024,16580,1320,1.0,02/17/2024,4525958,home,617,Saint Peter's,16,6,27.0,21,5,1,0,0,0,0,0,0,0.9629629629629629,
2024,16580,1320,1.0,02/17/2024,4542958,home,617,Saint Peter's,16,1,25.0,21,3,1,0,0,0,0,0,0,0.96,
2024,16580,1320,1.0,02/18/2024,4526186,home,617,Saint Peter's,16,3,29.0,21,6,2,0,0,0,0,0,0,0.9310344827586207,
2024,16580,1356,1.0,02/16/2024,4525613,away,108,UC Davis,7,6,39.0,27,11,1,0,0,0,0,0,0,0.9743589743589743,
2024,16580,1356,1.0,02/16/2024,5245758,away,108,UC Davis,4,13,37.0,24,12,1,0,0,4,2,3,0,0.972972972972973,0.5
2024,16580,1356,1.0,02/18/2024,4526219,away,108,UC Davis,4,8,32.0,24,8,0,0,0,2,2,0,0,1.0,1.0
2024,16580,1395,1.0,02/16/2024,4525685,away,655,Southeastern La.,9,4,34.0,27,7,0,0,0,0,0,0,0,1.0,
2024,16580,1395,1.0,02/17/2024,4525980,away,655,Southeastern La.,0,2,38.0,24,13,1,0,0,0,0,5,0,0.9736842105263158,
2024,16580,1395,1.0,02/18/2024,4526215,away,655,Southeastern La.,2,5,33.0,24,9,0,0,0,1,0,3,0,1.0,0.0
2024,16580,2678,1.0,02/16/2024,4525492,home,6,Alabama A&M,6,10,39.0,27,7,5,0,2,14,0,0,0,0.8717948717948718,0.0
2024,16580,2678,1.0,02/16/2024,5246666,home,6,Alabama A&M,6,10,39.0,27,7,5,0,2,12,0,0,0,0.8717948717948718,0.0
2024,16580,2678,1.0,02/18/2024,5246663,home,6,Alabama A&M,8,0,29.0,21,7,1,0,0,0,1,3,0,0.9655172413793104,inf
2024,16580,2678,1.0,02/18/2024,5246667,home,6,Alabama A&M,10,6,21.0,13,6,2,0,0,1,1,0,0,0.9047619047619048,1.0
2024,16580,2711,1.0,02/16/2024,4525475,home,180,Delaware,9,7,34.0,27,7,0,0,0,0,0,0,0,1.0,
2024,16580,2711,1.0,02/16/2024,4525713,home,180,Delaware,1,6,25.0,21,2,2,0,1,4,0,0,0,0.92,0.0
2024,16580,2743,1.0,02/16/2024,5245918,home,739,Villanova,12,7,34.0,27,5,2,0,3,2,0,0,0,0.9411764705882353,0.0
2024,16580,2743,1.0,02/17/2024,5245927,home,739,Villanova,7,6,41.0,27,12,2,0,0,2,0,0,0,0.9512195121951219,0.0
2024,16580,2743,1.0,02/18/2024,5245928,home,739,Villanova,9,6,39.0,27,11,1,0,1,2,2,3,0,0.9743589743589743,1.0
2024,16580,2915,1.0,02/16/2024,4525476,home,711,Towson,12,11,40.0,27,12,1,0,0,0,2,2,0,0.975,inf
2024,16580,2915,1.0,02/17/2024,4525714,home,83,Bucknell,17,9,32.0,27,5,0,0,0,0,0,0,0,1.0,
2024,16580,2915,1.0,02/18/2024,4526033,home,711,Towson,14,1,39.0,27,12,0,0,0,0,0,6,0,1.0,
2024,16580,10411,1.0,02/16/2024,4525547,home,334,Kentucky,7,11,37.0,27,9,1,0,0,4,0,0,0,0.972972972972973,0.0
2024,16580,10411,1.0,02/17/2024,4525772,home,334,Kentucky,0,3,45.0,27,14,4,0,0,14,0,0,0,0.9111111111111111,0.0
2024,16580,10411,1.0,02/18/2024,4526105,home,334,Kentucky,3,9,37.0,27,9,1,0,0,10,0,0,0,0.972972972972973,0.0
2024,16580,14927,1.0,02/16/2024,4525663,home,204,Eastern Mich.,4,3,43.0,27,15,1,0,0,0,2,0,0,0.9767441860465116,inf
2024,16580,14927,1.0,02/17/2024,5246115,home,204,Eastern Mich.,3,2,42.0,27,12,3,0,0,6,0,3,0,0.9285714285714286,0.0
2024,16580,14927,1.0,02/18/2024,4525959,home,204,Eastern Mich.,6,16,28.0,21,4,3,0,2,4,0,0,0,0.8928571428571429,0.0
2024,16580,14927,1.0,02/18/2024,4542959,home,204,Eastern Mich.,9,7,30.0,21,9,0,0,0,4,0,6,0,1.0,0.0
2024,16580,19651,1.0,02/16/2024,4525496,home,368,UMass Lowell,6,10,41.0,33,8,0,0,0,0,2,2,0,1.0,inf
2024,16580,19651,1.0,02/17/2024,4525795,home,368,UMass Lowell,6,1,34.0,27,6,1,0,0,0,0,3,0,0.9705882352941176,
2024,16580,19651,1.0,02/17/2024,4544932,home,368,UMass Lowell,9,11,37.0,27,9,1,0,2,2,0,0,0,0.972972972972973,0.0
2024,16580,19651,1.0,02/18/2024,4526053,home,368,UMass Lowell,1,6,38.0,27,10,1,0,0,0,0,0,0,0.9736842105263158,
2024,16580,26172,1.0,02/16/2024,4525642,neutral,129,Central Mich.,3,1,44.0,33,10,1,0,1,4,1,0,0,0.9772727272727273,0.25
2024,16580,26172,1.0,02/17/2024,4525861,away,676,SFA,10,17,34.0,24,7,3,0,2,4,0,0,0,0.9117647058823529,0.0
2024,16580,26172,1.0,02/17/2024,4526007,neutral,129,Central Mich.,13,1,28.0,21,7,0,0,0,0,0,6,0,1.0,
2024,16580,26172,1.0,02/18/2024,4526161,away,676,SFA,5,13,32.0,24,6,2,0,1,3,1,3,0,0.9375,0.3333333333333333
2024,16580,28600,1.0,02/16/2024,4525514,home,519,Ohio,7,15,37.0,27,9,1,0,0,2,0,3,0,0.972972972972973,0.0
2024,16580,28600,1.0,02/17/2024,4525808,home,519,Ohio,2,8,34.0,27,5,2,0,0,2,0,0,0,0.9411764705882353,0.0
2024,16580,28600,1.0,02/18/2024,4526109,home,519,Ohio,8,3,37.0,27,8,2,0,1,2,0,2,0,0.9459459459459459,0.0
2024,16580,28755,1.0,02/16/2024,4525695,away,698,TCU,9,10,36.0,26,8,2,0,0,6,0,0,0,0.9444444444444444,0.0
2024,16580,28755,1.0,02/17/2024,4525979,away,698,TCU,10,13,35.0,24,11,0,0,0,4,0,0,0,1.0,0.0
2024,16580,28755,1.0,02/18/2024,4526212,away,698,TCU,6,11,32.0,24,4,4,0,0,4,3,0,0,0.875,0.75
2024,16580,30024,1.0,02/16/2024,4525630,away,101,CSUN,6,10,41.0,24,13,4,0,1,4,0,8,0,0.9024390243902439,0.0
2024,16580,30024,1.0,02/17/2024,4525999,away,101,CSUN,6,5,40.0,27,13,0,0,0,2,0,3,0,1.0,0.0
2024,16580,30024,1.0,02/18/2024,4526253,away,101,CSUN,10,6,39.0,27,10,2,0,1,2,0,0,0,0.9487179487179487,0.0
2024,16580,30024,1.0,02/18/2024,5246393,away,111,UC Riverside,4,8,34.0,24,9,1,0,0,6,0,0,0,0.9705882352941176,0.0
2024,16580,30135,1.0,02/16/2024,4525517,away,541,Pepperdine,4,1,36.0,30,6,0,0,0,0,0,0,0,1.0,
2024,16580,30135,1.0,02/17/2024,4525879,neutral,732,Utah,4,9,33.0,24,7,2,0,2,4,0,0,0,0.9393939393939394,0.0
2024,16580,30135,1.0,02/18/2024,4526071,home,541,Pepperdine,25,4,39.0,27,11,1,0,0,2,0,3,0,0.9743589743589743,0.0
2024,16580,30135,1.0,02/18/2024,4526281,home,732,Utah,1,7,35.0,27,7,1,0,2,8,2,3,0,0.9714285714285714,0.25
2024,16580,30136,2.0,02/16/2024,4525538,away,175,Dayton,2,4,32.0,24,7,1,0,0,4,3,0,0,0.96875,0.75
2024,16580,30136,2.0,02/18/2024,4525814,away,175,Dayton,3,6,35.0,24,11,0,0,0,6,0,3,0,1.0,0.0
2024,16580,30136,2.0,02/18/2024,4545053,away,175,Dayton,6,5,43.0,27,12,4,0,0,0,3,3,0,0.9069767441860465,inf
