App,GS,IP,CG,H,R,ER,BB,SO,SHO,BF,P-OAB,2B-A,3B-A,Bk,HR-A,WP,HB,IBB,Inh Run,Inh Run Score,SHA,SFA,pitches,GO,FO,W,L,SV,OrdAppeared,KL,date,field,season_id,opponent_id,opponent_name,innings_played,extras,runs_scored,runs_allowed,run_difference,result,game_id,school_id,stats_player_seq,season,pickoffs,score,Pitches,division
1,0.0,1.2,0.0,2,0,0,0,0,0,6,6,1,0,0,0,1,0,0,1,1,0,0,27.0,2,2,0,0,0,2,0,02/18/2023,away,16340,529,Oregon,9,True,2,9,-7,loss,2390678,812,2489164,2023,0.0,,,1.0
1,0.0,1.0,0.0,0,0,0,1,0,0,4,3,0,0,0,0,0,0,0,0,0,0,0,13.0,2,1,0,0,0,4,0,02/19/2023,away,16340,109,UC Irvine,9,True,0,1,-1,loss,2390979,718,2801955,2023,0.0,,,1.0
1,0.0,2.0,0.0,0,0,0,0,1,0,8,7,0,0,0,0,0,1,0,0,0,0,0,25.0,4,1,0,0,0,3,0,02/19/2023,home,16340,748,Wagner,9,True,9,0,9,win,2390990,490,2656596,2023,0.0,,,1.0
1,0.0,1.0,0.0,0,0,0,0,1,0,3,3,0,0,0,0,0,0,0,0,0,0,0,13.0,2,0,0,0,1,4,0,02/17/2023,home,16340,331,Kent St.,9,True,6,5,1,win,2390281,316,2473792,2023,0.0,,,1.0
1,0.0,1.0,0.0,1,0,0,2,3,0,6,4,0,0,0,0,0,0,0,1,1,0,0,34.0,0,0,0,0,0,3,0,02/18/2023,home,16340,331,Kent St.,16,True,6,10,-4,loss,2390521,316,2473792,2023,0.0,,,1.0
1,1.0,5.2,0.0,4,1,1,0,4,0,22,20,2,1,0,0,0,1,0,0,0,0,1,86.0,3,10,0,1,0,1,1,02/17/2023,away,16340,692,Tennessee Tech,9,True,0,1,-1,loss,2390394,71,2139493,2023,0.0,,,1.0
1,0.0,2.0,0.0,3,3,2,0,3,0,10,9,0,1,0,0,0,1,0,0,0,0,0,43.0,3,0,0,0,0,2,1,02/18/2023,home,16340,782,Wichita St.,9,True,6,5,1,win,2390803,99,2799318,2023,0.0,,,1.0
1,0.0,2.2,0.0,2,2,2,2,1,0,12,9,1,0,0,0,1,0,0,0,0,1,0,47.0,3,4,0,0,0,2,1,02/21/2023,away,16340,370,LMU (CA),9,True,5,7,-2,loss,2391185,99,2799318,2023,0.0,,,1.0
1,0.0,1.2,0.0,0,0,0,0,2,0,5,5,0,0,0,0,1,0,0,2,1,0,0,22.0,2,1,0,0,0,3,1,02/18/2023,away,16340,9,UAB,9,True,3,4,-1,loss,2390590,508,2801766,2023,0.0,,,1.0
1,0.0,2.0,0.0,2,0,0,0,2,0,7,7,0,0,0,0,1,0,0,0,0,0,0,30.0,1,2,1,0,0,2,1,02/21/2023,home,16340,0,LSU-Alexandria,9,True,5,4,1,win,2391188,508,2801766,2023,0.0,,,1.0
1,0.0,1.1,0.0,1,0,0,0,2,0,5,5,1,0,0,0,0,0,0,1,1,0,0,19.0,2,0,0,0,0,2,2,02/19/2023,away,16340,61,Bethune-Cookman,9,True,3,4,-1,loss,2391029,352,2811575,2023,0.0,,,1.0
1,0.0,1.0,0.0,1,0,0,0,3,0,4,4,0,0,0,0,0,0,0,0,0,0,0,14.0,0,0,0,0,0,3,1,02/17/2023,home,16340,718,Tulane,9,True,3,0,3,win,2390446,109,2470258,2023,0.0,,,1.0
1,0.0,0.2,0.0,0,0,0,1,2,0,4,2,0,0,0,0,0,1,0,2,1,0,0,16.0,0,0,0,0,0,4,0,02/18/2023,home,16340,718,Tulane,9,True,11,4,7,win,2390680,109,2470258,2023,0.0,,,1.0
1,0.0,0.1,0.0,1,2,2,2,0,0,4,1,0,0,0,1,0,0,0,3,3,0,1,17.0,0,1,0,0,0,5,0,02/21/2023,home,16340,229,Fla. Atlantic,9,True,3,13,-10,loss,2391191,128,2673272,2023,0.0,,,1.0
1,1.0,1.2,0.0,3,5,5,3,1,0,11,6,0,1,0,0,3,0,0,0,0,1,1,50.0,2,2,0,1,0,1,0,02/17/2023,away,16340,234,Florida St.,9,True,7,12,-5,loss,2390432,317,2348985,2023,0.0,,,1.0
1,1.0,4.0,0.0,2,1,1,3,5,0,19,13,0,1,0,0,1,2,0,0,0,0,1,77.0,3,4,0,0,0,1,3,02/18/2023,away,16340,254,Georgia St.,9,True,9,4,5,win,2390699,140,2802086,2023,0.0,,,1.0
1,0.0,1.2,0.0,1,0,0,1,0,0,6,5,0,0,0,0,0,0,0,2,0,0,0,24.0,1,3,1,0,0,3,0,02/18/2023,home,16340,500,Northeastern,9,True,7,6,1,win,2390759,459,2828684,2023,0.0,,,1.0
1,0.0,2.0,0.0,4,4,3,1,1,0,11,10,2,0,0,1,1,0,0,0,0,0,0,32.0,2,2,0,1,0,3,0,02/19/2023,home,16340,500,Northeastern,9,True,9,12,-3,loss,2391030,459,2828684,2023,0.0,,,1.0
1,0.0,1.0,0.0,4,4,4,0,0,0,8,6,1,0,0,0,0,1,0,0,0,0,1,28.0,2,1,0,0,0,5,0,02/18/2023,home,16340,236,Fordham,9,True,19,5,14,win,2390733,1045,2658752,2023,0.0,,,1.0
1,1.0,2.0,0.0,2,3,3,4,4,0,13,8,2,0,0,0,0,1,0,0,0,0,0,60.0,0,2,0,1,0,1,2,02/18/2023,neutral,16340,754,Washington St.,9,True,4,17,-13,loss,2390592,111,2681741,2023,0.0,,,1.0
1,1.0,4.0,0.0,2,2,2,0,5,0,14,13,1,0,0,0,0,1,0,0,0,0,0,54.0,5,1,0,0,0,1,0,02/19/2023,away,16340,631,Santa Clara,9,True,2,4,-2,loss,2390858,756,2310293,2023,0.0,,,1.0
1,0.0,1.2,0.0,4,3,3,0,1,0,9,8,1,0,0,0,0,0,0,0,0,0,1,27.0,3,1,0,0,0,2,0,02/19/2023,away,16340,1004,Central Ark.,9,True,4,13,-9,loss,2390843,654,2821850,2023,0.0,,,1.0
1,0.0,1.0,0.0,2,3,3,2,1,0,7,4,0,1,0,0,1,0,0,0,0,1,0,33.0,2,0,0,0,0,6,1,02/19/2023,away,16340,1004,Central Ark.,9,True,4,13,-9,loss,2390843,654,2821849,2023,0.0,,,1.0
1,0.0,2.0,0.0,6,4,3,1,4,0,14,13,0,0,0,1,0,0,0,0,0,0,0,53.0,1,1,0,0,0,2,1,02/17/2023,away,16340,406,Mercer,9,True,8,9,-1,loss,2390467,786,2672834,2023,0.0,,,1.0
1,0.0,1.0,0.0,1,0,0,0,0,0,3,3,0,0,0,0,0,0,0,0,0,0,0,7.0,2,0,0,0,0,3,0,02/18/2023,home,16340,660,SIUE,9,True,5,1,4,win,2390807,2743,2484698,2023,0.0,,,1.0
1,1.0,4.0,0.0,1,1,0,1,4,0,14,13,0,0,0,0,1,0,0,0,0,0,0,52.0,4,3,0,0,0,1,2,02/17/2023,away,16340,406,Mercer,9,True,8,9,-1,loss,2390467,786,2672808,2023,1.0,,,1.0
1,0.0,1.0,0.0,1,0,0,0,2,0,6,4,0,0,0,0,0,2,0,0,0,0,0,28.0,1,0,0,0,0,4,1,02/17/2023,away,16340,655,Southeastern La.,9,True,4,15,-11,loss,2390441,342,2465466,2023,0.0,,,1.0
1,0.0,2.0,0.0,2,1,1,0,3,0,8,8,0,0,0,1,0,0,0,0,0,0,0,30.0,0,3,0,0,0,2,3,02/18/2023,home,16340,5,Akron,9,True,11,6,5,win,2407905,769,2347305,2023,0.0,,,1.0
1,0.0,1.0,0.0,0,0,0,0,1,0,3,3,0,0,0,0,0,0,0,0,0,0,0,15.0,0,2,0,0,0,3,1,02/19/2023,away,16340,1068,Elon,9,True,4,0,4,win,2390853,334,2468426,2023,0.0,,,1.0
1,0.0,1.0,0.0,2,1,1,0,2,0,5,5,1,0,0,0,1,0,0,0,0,0,0,26.0,1,0,0,0,0,3,0,02/17/2023,home,16340,587,Rutgers,9,True,11,5,6,win,2390300,115,2139461,2023,0.0,,,1.0
1,1.0,5.0,0.0,4,0,0,0,6,0,19,18,0,0,0,0,2,0,0,0,0,1,0,71.0,5,3,1,0,0,1,2,02/17/2023,home,16340,71,Bowling Green,9,True,1,0,1,win,2390394,692,2668307,2023,0.0,,,1.0
1,1.0,7.0,0.0,1,2,2,1,9,0,24,22,0,0,0,1,1,1,0,0,0,0,0,93.0,5,6,0,0,0,1,3,02/17/2023,away,16340,316,Jacksonville,9,True,5,6,-1,loss,2390281,331,2122684,2023,0.0,,,1.0
1,1.0,4.0,0.0,3,3,2,4,0,0,19,15,0,0,0,1,0,0,0,0,0,0,0,77.0,5,6,0,1,0,1,0,02/19/2023,away,16340,110,UCLA,9,True,1,8,-7,loss,2390991,464,2804983,2023,0.0,,,1.0
1,1.0,4.2,0.0,7,2,1,1,3,0,22,21,1,0,0,1,0,0,0,0,0,0,0,67.0,2,8,0,0,0,1,0,02/18/2023,home,16340,711,Towson,9,True,9,2,7,win,2390532,10411,2493086,2023,1.0,,,1.0
1,1.0,5.1,0.0,4,3,3,2,5,0,24,20,0,1,0,0,0,2,0,0,0,0,0,79.0,8,3,0,0,0,1,2,02/17/2023,home,16340,386,Marist,9,True,8,6,2,win,2390293,657,2494064,2023,0.0,,,1.0
1,0.0,1.0,0.0,1,0,0,0,0,0,5,5,0,0,0,0,0,0,0,0,0,0,0,20.0,1,2,0,0,0,3,0,02/18/2023,home,16340,711,Towson,9,True,9,2,7,win,2390532,10411,2826539,2023,0.0,,,1.0
1,0.0,0.2,0.0,0,0,0,0,2,0,2,2,0,0,0,0,0,0,0,3,0,0,0,10.0,0,0,0,0,0,4,0,02/19/2023,home,16340,711,Towson,9,True,10,2,8,win,2390854,10411,2826539,2023,0.0,,,1.0
1,0.0,1.1,0.0,4,4,4,0,3,0,8,8,0,0,0,0,0,0,0,1,0,0,0,27.0,1,0,0,0,0,2,1,02/18/2023,away,16340,670,Texas St.,9,True,5,20,-15,loss,2390775,509,2310665,2023,0.0,,,1.0
1,0.0,0.2,0.0,0,0,0,0,1,0,1,1,0,0,0,0,0,0,0,2,0,0,0,6.0,0,0,0,0,0,7,0,02/19/2023,home,16340,466,Nevada,9,True,7,9,-2,loss,2390845,2,1997675,2023,0.0,,,1.0
1,0.0,1.1,0.0,2,0,0,0,2,0,6,6,0,0,0,0,0,0,0,1,0,0,0,21.0,1,1,0,0,0,5,1,02/20/2023,home,16340,466,Nevada,9,True,7,3,4,win,2391069,2,1997675,2023,0.0,,,1.0
1,0.0,1.0,0.0,1,2,2,2,1,0,7,4,0,0,0,0,0,1,0,0,0,0,0,29.0,0,2,0,0,0,2,0,02/17/2023,away,16340,1045,DBU,9,True,0,8,-8,loss,2390475,236,2470123,2023,0.0,,,1.0
1,0.0,1.1,0.0,3,2,2,1,1,0,8,7,0,1,0,0,0,0,0,0,0,0,0,32.0,1,1,0,0,0,2,1,02/19/2023,away,16340,522,Oklahoma,9,True,6,3,3,win,2391046,30135,2111925,2023,0.0,,,1.0
1,0.0,0.1,0.0,2,2,2,2,0,0,5,3,0,0,0,0,0,0,0,2,2,0,0,20.0,0,1,0,0,0,4,0,02/17/2023,away,16340,746,Virginia,9,True,5,24,-19,loss,2390348,726,2801384,2023,0.0,,,1.0
1,0.0,2.0,0.0,3,1,1,1,3,0,10,9,0,0,0,0,0,0,0,0,0,0,0,29.0,3,0,0,0,0,3,0,02/19/2023,away,16340,1014,Col. of Charleston,9,True,15,2,13,win,2390825,742,2824662,2023,0.0,,,1.0
1,1.0,5.0,0.0,3,3,3,3,3,0,22,17,1,0,0,1,0,1,0,0,0,1,0,90.0,9,3,1,0,0,1,0,02/19/2023,away,16340,253,Ga. Southern,9,True,13,4,9,win,2390975,768,2680297,2023,0.0,,,1.0
1,0.0,0.1,0.0,0,0,0,0,0,0,2,1,0,0,0,0,1,1,0,0,0,0,0,6.0,1,0,0,0,0,3,0,02/19/2023,away,16340,28,Arizona St.,9,True,0,1,-1,loss,2390850,626,2128154,2023,0.0,,,1.0
1,0.0,2.0,0.0,2,1,1,0,1,0,9,8,0,0,0,0,0,1,0,0,0,0,0,36.0,2,3,0,0,0,4,1,02/19/2023,away,16340,363,Longwood,9,True,5,1,4,win,2391020,450,2654945,2023,0.0,,,1.0
1,0.0,2.1,0.0,2,2,0,1,0,0,12,10,2,0,0,0,1,0,0,3,2,0,1,49.0,3,4,0,0,0,2,0,02/21/2023,away,16340,165,Coppin St.,10,True,6,5,1,win,2391156,450,2654945,2023,0.0,,,1.0
1,0.0,1.2,0.0,2,0,0,1,1,0,8,7,0,0,0,0,0,0,0,1,1,0,0,33.0,3,1,0,0,0,3,1,02/18/2023,away,16340,460,UNCW,9,True,0,8,-8,loss,2391052,726,2801385,2023,0.0,,,1.0
1,0.0,1.2,0.0,2,3,3,1,3,0,9,7,1,0,0,0,0,1,0,0,0,0,0,44.0,1,1,0,0,0,2,0,02/18/2023,away,16340,498,ULM,9,True,8,6,2,win,2390802,72,2810288,2023,0.0,,,1.0
1,1.0,2.0,0.0,4,4,4,2,2,0,11,9,1,1,1,1,0,0,0,0,0,0,0,45.0,0,3,0,1,0,1,0,02/17/2023,away,16340,235,Florida,9,True,3,13,-10,loss,2390245,48,2667343,2023,0.0,,,1.0
1,0.0,0.2,0.0,1,0,0,0,0,0,4,3,0,0,0,0,0,1,0,1,1,0,0,14.0,1,1,0,0,0,4,0,02/19/2023,away,16340,90,Cal Poly,9,True,5,12,-7,loss,2390972,669,2802698,2023,0.0,,,1.0
1,0.0,1.0,0.0,0,0,0,0,1,0,3,3,0,0,0,0,0,0,0,0,0,0,0,10.0,1,1,0,0,1,6,0,02/17/2023,away,16340,769,Western Caro.,9,True,14,12,2,win,2390417,5,2828065,2023,0.0,,,1.0
1,0.0,0.1,0.0,0,1,1,2,1,0,4,2,0,0,0,0,0,0,0,0,0,0,0,21.0,0,0,0,0,0,3,0,02/19/2023,away,16340,769,Western Caro.,9,True,3,2,1,win,2391007,5,2828065,2023,0.0,,,1.0
1,1.0,6.0,0.0,3,0,0,0,6,0,20,20,0,0,0,0,0,0,0,0,0,0,0,86.0,9,2,1,0,0,1,1,02/19/2023,neutral,16340,112,UC San Diego,9,True,7,0,7,win,2391057,694,2680533,2023,1.0,,,1.0
1,0.0,3.0,0.0,1,1,1,2,4,0,12,10,1,0,0,0,0,0,0,0,0,0,0,52.0,2,3,0,0,1,4,1,02/17/2023,away,16340,363,Longwood,9,True,13,9,4,win,2390421,450,2809726,2023,0.0,,,1.0
1,0.0,1.0,0.0,1,1,1,2,1,0,6,4,0,1,0,0,0,0,1,0,0,0,0,18.0,0,2,0,0,1,4,0,02/21/2023,away,16340,165,Coppin St.,10,True,6,5,1,win,2391156,450,2809726,2023,0.0,,,1.0
1,1.0,4.1,0.0,3,3,3,3,5,0,21,16,1,0,0,1,2,2,0,0,0,0,0,89.0,2,6,0,1,0,1,0,02/19/2023,away,16340,102,Sacramento St.,9,True,2,3,-1,loss,2390871,493,2318953,2023,0.0,,,1.0
1,0.0,4.1,0.0,5,0,0,1,5,0,19,18,0,0,0,0,0,0,0,0,0,0,0,71.0,3,5,1,0,0,2,1,02/19/2023,home,16340,718,Tulane,9,True,1,0,1,win,2390979,109,2651168,2023,0.0,,,1.0
1,0.0,1.2,0.0,2,1,1,0,4,0,7,7,0,0,0,1,1,0,0,1,0,0,0,31.0,1,0,0,0,0,5,2,02/19/2023,away,16340,716,Troy,9,True,10,11,-1,loss,2391015,219,2681611,2023,0.0,,,1.0
1,0.0,0.1,0.0,1,0,0,0,0,0,2,2,1,0,0,0,0,0,0,0,0,0,0,4.0,0,1,0,0,0,3,0,02/19/2023,neutral,16340,112,UC San Diego,9,True,7,0,7,win,2391057,694,2479660,2023,0.0,,,1.0
1,0.0,0.2,0.0,2,2,2,1,0,0,5,3,1,0,0,0,0,0,0,0,0,0,1,17.0,1,1,0,0,0,4,0,02/20/2023,home,16340,466,Nevada,9,True,7,3,4,win,2391069,2,2826935,2023,0.0,,,1.0
1,1.0,6.0,0.0,5,3,1,3,5,0,25,22,2,1,0,0,0,0,0,0,0,0,0,81.0,4,7,0,1,0,1,2,02/19/2023,away,16340,235,Florida,9,True,0,8,-8,loss,2390813,48,2667380,2023,0.0,,,1.0
1,0.0,0.1,0.0,2,4,4,3,0,0,7,3,0,0,0,0,1,1,0,2,0,0,0,36.0,1,0,0,0,0,2,0,02/17/2023,neutral,16340,112,UC San Diego,9,True,12,4,8,win,2390322,1104,2801434,2023,0.0,,,1.0
1,0.0,2.1,0.0,2,1,1,2,2,0,10,8,1,0,0,0,0,0,0,1,0,0,0,40.0,3,1,0,0,0,4,0,02/19/2023,home,16340,392,Maryland,9,True,5,9,-4,loss,2390985,651,2501526,2023,0.0,,,1.0
1,0.0,1.1,0.0,0,0,0,0,1,0,4,4,0,0,0,0,0,0,0,2,0,0,0,13.0,1,2,0,0,0,4,0,02/18/2023,neutral,16340,739,Villanova,9,True,22,7,15,win,2390796,754,2471764,2023,0.0,,,1.0
1,0.0,1.0,0.0,2,1,1,0,2,0,5,5,1,0,0,0,0,0,0,0,0,0,0,14.0,1,1,0,0,1,5,0,02/19/2023,neutral,16340,111,UC Riverside,9,True,8,6,2,win,2390888,754,2471764,2023,0.0,,,1.0
1,0.0,1.0,0.0,1,0,0,0,1,0,3,3,0,0,0,0,0,0,0,0,0,0,0,11.0,0,1,0,0,0,2,0,02/18/2023,home,16340,5,Akron,9,True,6,1,5,win,2390656,769,2680057,2023,0.0,,,1.0
1,0.0,0.1,0.0,1,0,0,1,0,0,3,2,0,0,0,0,0,0,0,2,1,0,0,10.0,1,0,0,0,0,5,0,02/19/2023,home,16340,5,Akron,9,True,2,3,-1,loss,2391007,769,2680057,2023,0.0,,,1.0
1,0.0,3.0,0.0,2,0,0,0,2,0,10,10,0,0,0,0,0,0,0,0,0,0,0,32.0,1,5,0,0,1,3,1,02/18/2023,away,16340,676,SFA,9,True,8,4,4,win,2390754,327,2656411,2023,0.0,,,1.0
1,0.0,3.0,0.0,1,0,0,0,2,0,10,9,0,0,0,0,0,1,0,1,0,0,0,40.0,3,3,1,0,0,2,0,02/18/2023,home,16340,315,Jacksonville St.,9,True,10,3,7,win,2390745,257,2802317,2023,0.0,,,1.0
1,0.0,0.2,0.0,1,0,0,1,2,0,4,3,0,0,0,0,0,0,0,0,0,0,0,16.0,0,0,0,0,0,2,0,02/18/2023,away,16340,629,San Francisco,9,True,1,3,-2,loss,2390752,732,2671904,2023,0.0,,,1.0
1,0.0,1.1,0.0,4,4,4,2,2,0,10,8,2,0,0,0,1,0,0,1,1,0,0,43.0,0,2,0,0,0,4,0,02/19/2023,away,16340,7,Alabama St.,9,True,11,13,-2,loss,2391061,308,2813554,2023,0.0,,,1.0
1,0.0,1.2,0.0,3,3,2,1,4,0,10,7,1,0,0,0,0,1,0,2,0,1,0,35.0,1,0,0,1,0,3,2,02/18/2023,away,16340,30,Arkansas St.,9,True,3,4,-1,loss,2390517,2678,2820773,2023,0.0,,,1.0
1,0.0,1.0,0.0,1,0,0,0,0,0,3,3,0,0,0,0,0,0,0,0,0,0,0,5.0,2,0,0,0,0,4,0,02/21/2023,away,16340,32,Little Rock,9,True,3,8,-5,loss,2391114,2678,2820773,2023,0.0,,,1.0
1,0.0,0.2,0.0,3,3,2,2,1,0,7,5,3,0,0,0,0,0,0,0,0,0,0,24.0,1,0,0,0,0,2,0,02/18/2023,neutral,16340,111,UC Riverside,9,True,17,4,13,win,2390592,754,1976059,2023,0.0,,,1.0
1,0.0,1.0,0.0,0,0,0,0,2,0,4,3,0,0,0,0,0,1,0,0,0,0,0,14.0,0,1,0,0,0,2,0,02/19/2023,away,16340,651,South Fla.,9,True,9,5,4,win,2390985,392,2486515,2023,0.0,,,1.0
1,0.0,2.1,0.0,1,0,0,0,2,0,8,8,0,0,0,0,0,0,0,3,2,0,0,34.0,4,1,0,0,0,4,2,02/17/2023,away,16340,769,Western Caro.,9,True,14,12,2,win,2390417,5,2308188,2023,0.0,,,1.0
1,0.0,1.2,0.0,3,1,1,0,2,0,7,7,1,0,0,0,0,0,0,3,1,0,0,27.0,2,0,1,0,0,4,1,02/19/2023,away,16340,769,Western Caro.,9,True,3,2,1,win,2391007,5,2308188,2023,0.0,,,1.0
1,0.0,0.1,0.0,1,1,1,2,1,0,4,2,0,0,0,0,0,0,0,0,0,0,0,20.0,0,0,0,0,0,5,1,02/19/2023,home,16340,1320,Presbyterian,9,True,5,3,2,win,2391036,251,2122097,2023,0.0,,,1.0
1,0.0,2.0,0.0,0,0,0,0,3,0,6,6,0,0,0,0,0,0,0,0,0,0,0,29.0,2,1,0,0,1,5,0,02/18/2023,home,16340,718,Tulane,9,True,11,4,7,win,2390680,109,2470254,2023,0.0,,,1.0
1,0.0,1.1,0.0,2,0,0,0,2,0,6,6,0,0,0,0,0,0,0,0,0,0,0,22.0,2,0,0,0,0,3,0,02/19/2023,home,16340,718,Tulane,9,True,1,0,1,win,2390979,109,2470254,2023,0.0,,,1.0
1,1.0,4.0,0.0,2,0,0,1,9,0,15,14,0,0,0,0,0,0,0,0,0,0,0,67.0,2,1,1,0,0,1,1,02/17/2023,home,16340,606,Saint Joseph's,9,True,16,0,16,win,2390264,193,2679753,2023,0.0,,,1.0
1,0.0,1.0,0.0,0,0,0,0,1,0,3,3,0,0,0,0,0,0,0,0,0,0,0,10.0,1,1,0,0,0,5,0,02/17/2023,home,16340,140,Cincinnati,9,True,12,2,10,win,2390375,254,2122256,2023,0.0,,,1.0
1,0.0,1.2,0.0,1,2,2,2,3,0,7,5,0,0,0,0,0,0,0,2,0,0,0,34.0,0,1,0,0,0,2,1,02/19/2023,home,16340,140,Cincinnati,9,True,4,6,-2,loss,2390922,254,2122256,2023,0.0,,,1.0
1,0.0,1.0,0.0,2,2,2,1,0,0,6,5,0,0,0,0,0,0,0,0,0,0,0,21.0,0,3,0,0,0,2,0,02/21/2023,home,16340,749,Wake Forest,9,True,2,20,-18,loss,2391175,459,2138597,2023,0.0,,,1.0
1,1.0,2.0,0.0,7,9,6,3,1,0,17,12,1,0,0,1,1,1,0,0,0,1,0,67.0,2,3,0,1,0,1,1,02/18/2023,away,16340,655,Southeastern La.,9,True,0,20,-20,loss,2390763,342,2465473,2023,0.0,,,1.0
1,0.0,3.1,0.0,2,0,0,2,5,0,13,11,1,0,0,0,0,0,0,2,0,0,0,50.0,3,1,1,0,0,3,3,02/19/2023,home,16340,315,Jacksonville St.,9,True,10,5,5,win,2391003,257,2122295,2023,0.0,,,1.0
1,0.0,1.0,0.0,3,1,1,0,1,0,7,6,1,0,0,0,0,1,0,0,0,0,0,21.0,2,0,0,0,0,4,0,02/18/2023,away,16340,115,Campbell,9,True,0,10,-10,loss,2390536,587,2673295,2023,0.0,,,1.0
1,0.0,2.2,0.0,6,6,6,3,2,0,18,13,2,0,1,3,0,1,0,0,0,1,0,62.0,3,3,0,1,0,3,1,02/19/2023,away,16340,631,Santa Clara,9,True,7,13,-6,loss,2420282,756,2472133,2023,0.0,,,1.0
1,1.0,4.2,0.0,3,2,2,1,6,0,19,16,1,1,0,0,1,1,0,0,0,0,1,73.0,3,4,0,0,0,1,0,02/18/2023,away,16340,1104,Grand Canyon,9,True,3,4,-1,loss,2390812,694,2657337,2023,0.0,,,1.0
1,1.0,4.0,0.0,6,3,3,0,7,0,18,18,0,0,0,2,0,0,0,0,0,0,0,81.0,5,0,0,1,0,1,4,02/17/2023,away,16340,483,Nicholls,9,True,0,4,-4,loss,2390470,30136,2799894,2023,0.0,,,2.0
1,0.0,2.1,0.0,0,0,0,0,4,0,8,8,0,0,0,0,0,0,0,2,0,0,0,33.0,0,3,0,0,0,3,2,02/18/2023,away,16340,1004,Central Ark.,9,True,0,3,-3,loss,2390525,654,2821848,2023,0.0,,,1.0
1,1.0,4.1,0.0,4,2,1,2,6,0,18,16,1,0,0,0,1,0,0,0,0,0,0,68.0,3,3,0,0,0,1,1,02/19/2023,home,16340,342,Lafayette,9,True,11,4,7,win,2390970,655,2798550,2023,0.0,,,1.0
1,1.0,4.1,0.0,8,5,5,1,4,0,22,20,0,0,0,2,2,0,0,0,0,0,1,76.0,2,7,0,0,0,1,2,02/19/2023,home,16340,454,Murray St.,9,True,17,7,10,win,2391039,2711,2329434,2023,0.0,,,1.0
1,0.0,1.2,0.0,2,0,0,0,1,0,6,6,0,0,0,0,0,0,0,0,0,0,0,21.0,1,2,0,0,0,3,0,02/19/2023,away,16340,692,Tennessee Tech,9,True,10,4,6,win,2391032,71,2802711,2023,0.0,,,1.0
1,0.0,1.0,0.0,0,0,0,0,2,0,3,3,0,0,0,0,0,0,0,0,0,0,0,13.0,1,0,0,0,0,3,1,02/18/2023,home,16340,5,Akron,9,True,6,1,5,win,2390656,769,2347312,2023,0.0,,,1.0
1,0.0,0.1,0.0,1,2,2,1,1,0,3,2,0,0,0,0,2,0,0,0,0,0,0,16.0,0,0,0,1,0,4,0,02/19/2023,home,16340,5,Akron,9,True,2,3,-1,loss,2391007,769,2347312,2023,0.0,,,1.0
1,1.0,2.2,0.0,5,5,5,1,1,0,13,12,1,0,0,1,1,0,0,0,0,0,0,44.0,2,4,0,1,0,1,0,02/19/2023,neutral,16340,559,Purdue,9,True,2,12,-10,loss,2390890,285,2826102,2023,0.0,,,1.0
1,0.0,1.1,0.0,4,3,3,2,1,0,10,6,0,1,0,0,0,0,2,0,0,1,1,23.0,2,1,0,1,0,4,0,02/17/2023,away,16340,28,Arizona St.,9,True,5,6,-1,loss,2390292,626,2482229,2023,0.0,,,1.0
1,0.0,0.2,0.0,0,0,0,0,0,0,1,1,0,0,0,0,0,0,0,2,0,0,0,2.0,1,0,0,0,0,6,0,02/19/2023,away,16340,28,Arizona St.,9,True,0,1,-1,loss,2390850,626,2482229,2023,0.0,,,1.0
1,0.0,1.0,0.0,0,0,0,1,0,0,4,2,0,0,0,0,0,0,0,0,0,1,0,15.0,1,2,0,0,0,6,0,02/18/2023,away,16340,253,Ga. Southern,9,True,2,6,-4,loss,2390727,768,2813350,2023,0.0,,,1.0
1,0.0,0.2,0.0,1,0,0,1,0,0,5,3,0,0,0,0,0,1,0,0,0,0,0,18.0,1,1,0,0,0,3,0,02/17/2023,home,16340,576,Rider,9,True,4,1,3,win,2390301,1092,2120682,2023,0.0,,,1.0
1,0.0,1.0,0.0,2,1,1,1,0,0,6,5,0,0,0,1,0,0,0,0,0,0,0,14.0,1,2,0,0,0,5,0,02/19/2023,home,16340,576,Rider,9,True,2,17,-15,loss,2390860,1092,2120682,2023,0.0,,,1.0
1,0.0,0.2,0.0,2,1,1,1,1,0,5,4,1,0,0,0,0,0,1,2,2,0,0,12.0,1,0,0,0,0,3,0,02/20/2023,neutral,16340,29,Arizona,9,True,8,9,-1,loss,2391071,112,2348592,2023,0.0,,,1.0
1,1.0,4.2,0.0,5,3,2,0,5,0,20,20,2,0,0,0,0,0,0,0,0,0,0,78.0,5,4,0,0,0,1,1,02/18/2023,home,16340,178,Delaware St.,9,True,5,4,1,win,2390533,141,2500941,2023,0.0,,,1.0
1,0.0,2.0,0.0,4,5,5,1,1,0,12,10,0,0,0,3,0,1,0,0,0,0,0,45.0,2,3,0,0,0,2,1,02/18/2023,away,16340,1045,DBU,9,True,5,19,-14,loss,2390733,236,2813393,2023,0.0,,,1.0
1,0.0,1.2,0.0,2,1,1,0,1,0,8,7,1,0,0,0,0,1,0,1,1,0,0,32.0,4,0,0,0,0,3,0,02/19/2023,away,16340,485,Norfolk St.,9,True,18,6,12,win,2420235,444,2815912,2023,0.0,,,1.0
1,0.0,1.0,0.0,3,2,2,0,1,0,6,6,1,0,0,1,0,0,0,0,0,0,0,17.0,1,1,0,0,0,4,0,02/17/2023,neutral,16340,419,Middle Tenn.,9,True,8,14,-6,loss,2390330,740,2824517,2023,0.0,,,1.0
1,0.0,0.2,0.0,2,5,1,0,1,0,7,6,1,1,0,0,0,1,0,1,0,0,0,25.0,1,0,0,0,0,3,1,02/17/2023,away,16340,670,Texas St.,9,True,4,12,-8,loss,2390442,509,2807251,2023,0.0,,,1.0
1,0.0,2.0,0.0,0,0,0,0,0,0,7,6,0,0,0,0,0,0,0,1,0,1,0,19.0,3,3,0,0,0,2,0,02/17/2023,home,16340,334,Kentucky,9,True,2,0,2,win,2390294,1068,2306945,2023,0.0,,,1.0
1,0.0,1.0,0.0,1,0,0,2,2,0,6,4,1,0,0,0,0,0,0,0,0,0,0,34.0,0,1,0,0,0,5,0,02/17/2023,away,16340,670,Texas St.,9,True,4,12,-8,loss,2390442,509,2520501,2023,0.0,,,1.0
1,0.0,1.0,0.0,1,0,0,0,0,0,5,5,0,0,0,0,0,0,0,2,0,0,0,20.0,0,3,0,0,0,4,0,02/17/2023,away,16340,253,Ga. Southern,9,True,3,4,-1,loss,2390474,768,2335431,2023,0.0,,,1.0
1,0.0,0.1,0.0,0,0,0,1,1,0,2,1,0,0,0,0,0,0,0,3,1,0,0,12.0,0,0,0,0,0,4,0,02/19/2023,away,16340,253,Ga. Southern,9,True,13,4,9,win,2390975,768,2335431,2023,0.0,,,1.0
1,0.0,2.0,0.0,3,3,1,3,1,0,13,10,1,0,0,0,1,0,0,0,0,0,0,52.0,1,3,0,0,0,2,1,02/18/2023,away,16340,328,Kansas,9,True,11,3,8,win,2390715,735,2660837,2023,0.0,,,1.0
1,1.0,3.2,0.0,4,2,0,3,3,0,19,15,0,0,0,0,0,0,0,0,0,1,0,68.0,5,3,0,0,0,1,1,02/19/2023,home,16340,635,Seton Hall,9,True,4,2,2,win,2391008,457,2473171,2023,0.0,,,1.0
1,1.0,4.2,0.0,4,2,2,1,3,0,20,17,0,0,0,0,1,0,0,0,0,1,1,70.0,6,5,0,1,0,1,0,02/19/2023,away,16340,629,San Francisco,9,True,2,6,-4,loss,2391047,732,2671906,2023,0.0,,,1.0
1,0.0,1.0,0.0,1,1,1,2,1,0,6,2,0,0,0,0,0,0,0,0,0,0,2,27.0,0,2,0,0,0,2,1,02/19/2023,away,16340,716,Troy,9,True,10,11,-1,loss,2391015,219,2347070,2023,0.0,,,1.0
1,0.0,1.0,0.0,0,0,0,0,2,0,3,3,0,0,0,0,0,0,0,0,0,0,0,13.0,1,0,0,0,0,3,1,02/18/2023,neutral,16340,473,New Mexico,9,True,1,3,-2,loss,2390597,104,2488300,2023,0.0,,,1.0
1,0.0,1.1,0.0,0,0,0,0,1,0,4,4,0,0,0,0,0,0,0,0,0,0,0,13.0,2,1,0,0,0,3,0,02/20/2023,neutral,16340,528,Oregon St.,9,True,0,11,-11,loss,2391074,104,2488300,2023,0.0,,,1.0
1,1.0,6.0,0.0,5,0,0,4,5,0,24,19,0,0,0,0,1,1,0,0,0,0,0,94.0,4,5,0,0,0,1,1,02/18/2023,neutral,16340,699,Texas Southern,9,True,4,8,-4,loss,2390587,553,2501530,2023,3.0,,,1.0
1,1.0,4.2,0.0,7,7,7,0,5,0,22,21,2,0,0,2,0,1,0,0,0,0,0,92.0,4,5,0,1,0,1,0,02/17/2023,away,16340,716,Troy,9,True,7,12,-5,loss,2390462,219,2493734,2023,0.0,,,1.0
1,0.0,2.2,0.0,2,1,1,1,4,0,11,10,0,0,0,1,0,0,0,0,0,0,0,45.0,1,3,0,0,0,2,0,02/17/2023,home,16340,315,Jacksonville St.,9,True,5,8,-3,loss,2390381,257,2307468,2023,0.0,,,1.0
1,1.0,3.0,0.0,2,0,0,0,2,0,11,11,0,0,0,0,0,0,0,0,0,0,0,40.0,3,4,0,0,0,1,1,02/18/2023,home,16340,248,George Mason,9,True,3,2,1,win,2390800,231,1991213,2023,0.0,,,1.0
1,0.0,2.0,0.0,4,1,1,1,2,0,11,9,1,0,0,0,0,0,0,0,0,0,1,33.0,1,3,0,0,0,4,0,02/20/2023,home,16340,416,Michigan St.,9,True,1,7,-6,loss,2391067,1104,2801436,2023,0.0,,,1.0
1,0.0,2.0,0.0,1,1,1,1,0,0,8,7,0,0,0,0,0,0,0,0,0,0,0,33.0,4,2,0,0,0,7,0,02/19/2023,away,16340,277,Hawaii,9,True,7,16,-9,loss,2391040,810,2797717,2023,0.0,,,1.0
1,1.0,6.0,0.0,5,1,1,2,8,0,26,23,0,0,0,0,1,1,0,0,0,0,0,95.0,6,3,1,0,0,1,2,02/18/2023,neutral,16340,111,UC Riverside,9,True,17,4,13,win,2390592,754,2472086,2023,0.0,,,1.0
1,1.0,3.1,0.0,5,8,5,4,2,0,21,16,1,0,1,0,1,1,0,0,0,0,0,81.0,4,4,0,1,0,1,1,02/18/2023,away,16340,235,Florida,9,True,2,16,-14,loss,2390493,48,2667368,2023,0.0,,,1.0
1,0.0,1.2,0.0,1,1,0,0,2,0,7,4,1,0,0,0,0,0,0,1,1,2,1,22.0,2,1,1,0,0,3,1,02/18/2023,away,16340,363,Longwood,9,True,8,5,3,win,2390756,450,2654946,2023,0.0,,,1.0
1,0.0,1.0,0.0,3,3,3,1,2,0,7,6,1,0,0,1,0,0,0,0,0,0,0,29.0,1,0,0,0,0,5,0,02/18/2023,away,16340,115,Campbell,9,True,0,10,-10,loss,2390536,587,2804598,2023,0.0,,,1.0
1,1.0,1.2,0.0,2,1,1,2,2,0,10,7,0,0,0,0,2,1,0,0,0,0,0,44.0,2,2,0,0,0,1,0,02/19/2023,home,16340,606,Saint Joseph's,10,True,4,5,-1,loss,2390828,193,2004325,2023,0.0,,,1.0
1,1.0,1.2,0.0,1,2,2,4,1,0,10,6,0,0,0,1,1,0,0,0,0,0,0,43.0,1,3,0,0,0,1,0,02/19/2023,away,16340,328,Kansas,9,True,4,6,-2,loss,2390959,735,2319131,2023,0.0,,,1.0
1,0.0,1.0,0.0,0,0,0,0,1,0,3,3,0,0,0,0,0,0,0,0,0,0,0,18.0,1,1,0,0,0,4,1,02/18/2023,neutral,16340,725,Army West Point,9,True,4,6,-2,loss,2390581,721,2679354,2023,0.0,,,1.0
1,0.0,1.0,0.0,3,2,2,1,2,0,6,5,1,0,0,0,0,0,0,0,0,0,0,28.0,0,0,0,1,0,3,0,02/20/2023,away,16340,522,Oklahoma,9,True,6,8,-2,loss,2391079,721,2679354,2023,0.0,,,1.0
1,1.0,4.0,0.0,4,2,2,1,7,0,19,15,1,2,0,0,0,3,0,0,0,0,0,79.0,1,3,0,0,0,1,3,02/17/2023,home,16340,768,West Virginia,9,True,4,3,1,win,2390474,253,2653218,2023,0.0,,,1.0
1,1.0,4.1,0.0,1,1,1,4,7,0,17,13,0,0,1,0,1,0,0,0,0,0,0,84.0,3,2,0,0,0,1,3,02/18/2023,home,16340,639,Siena,9,True,2,1,1,win,2390792,128,2802466,2023,1.0,,,1.0
1,0.0,1.0,0.0,1,0,0,1,0,0,5,4,0,0,1,0,0,0,0,2,2,0,0,20.0,2,1,0,0,0,2,0,02/18/2023,neutral,16340,553,Prairie View,9,True,8,4,4,win,2390587,699,2681404,2023,0.0,,,1.0
1,0.0,1.1,0.0,5,2,2,0,0,0,8,8,2,0,0,1,0,0,0,3,3,0,0,27.0,1,2,0,0,0,2,0,02/18/2023,away,16340,430,Mississippi St.,9,True,14,13,1,win,2390494,741,2674857,2023,0.0,,,1.0
1,0.0,1.0,0.0,0,0,0,1,0,0,4,3,0,0,0,0,0,0,0,0,0,0,0,12.0,1,2,0,0,0,3,0,02/18/2023,away,16340,529,Oregon,9,True,2,9,-7,loss,2390678,812,2677386,2023,0.0,,,1.0
1,0.0,1.0,0.0,1,1,0,0,1,0,5,4,1,0,0,0,0,0,0,2,2,1,0,27.0,1,1,0,0,0,2,0,02/19/2023,neutral,16340,698,TCU,10,True,9,8,1,win,2391063,434,2309256,2023,0.0,,,1.0
1,1.0,2.0,0.0,6,5,5,1,0,0,13,11,2,1,0,1,0,1,0,0,0,0,0,42.0,4,1,0,0,0,1,0,02/19/2023,neutral,16340,754,Washington St.,9,True,6,8,-2,loss,2390888,111,2508313,2023,0.0,,,1.0
1,0.0,0.1,0.0,2,2,1,1,0,0,4,3,1,0,0,0,0,0,0,2,2,0,0,10.0,0,0,0,0,0,2,0,02/17/2023,home,16340,654,Southeast Mo. St.,9,True,3,11,-8,loss,2390286,1004,2826315,2023,0.0,,,1.0
1,0.0,1.0,0.0,1,2,2,1,1,0,7,4,0,0,1,0,0,2,0,2,2,0,0,28.0,2,0,0,0,0,2,0,02/19/2023,home,16340,654,Southeast Mo. St.,9,True,13,4,9,win,2390843,1004,2826315,2023,0.0,,,1.0
1,1.0,6.0,0.0,7,5,5,2,5,0,26,24,1,0,1,2,0,0,0,0,0,0,0,99.0,10,2,0,1,0,1,1,02/17/2023,away,16340,651,South Fla.,9,True,7,8,-1,loss,2390476,392,2486516,2023,1.0,,,1.0
1,0.0,2.0,0.0,5,4,1,1,2,0,13,12,0,0,0,0,0,0,0,0,0,0,0,37.0,2,2,0,0,0,5,0,02/17/2023,away,16340,198,ETSU,9,True,2,15,-13,loss,2390251,709,2347878,2023,0.0,,,1.0
1,0.0,1.0,0.0,2,0,0,0,1,0,5,5,0,0,0,0,0,0,0,0,0,0,0,22.0,0,2,1,0,0,2,0,02/19/2023,home,16340,741,VMI,9,True,9,3,6,win,2390814,430,2801755,2023,0.0,,,1.0
1,0.0,0.2,0.0,0,0,0,0,0,0,2,1,0,0,0,0,0,0,0,2,1,0,1,3.0,1,1,0,0,0,4,0,02/20/2023,neutral,16340,112,UC San Diego,9,True,9,8,1,win,2391071,29,2815046,2023,0.0,,,1.0
1,0.0,1.0,0.0,0,0,0,2,3,0,5,3,0,0,0,0,0,0,0,0,0,0,0,27.0,0,0,0,0,0,5,2,02/18/2023,home,16340,392,Maryland,9,True,1,8,-7,loss,2390734,651,2799868,2023,0.0,,,1.0
1,0.0,0.2,0.0,0,0,0,0,2,0,2,2,0,0,0,0,0,0,0,3,0,0,0,7.0,0,0,0,0,1,5,0,02/18/2023,away,16340,363,Longwood,9,True,8,5,3,win,2390756,450,2809692,2023,0.0,,,1.0
1,0.0,2.1,0.0,0,0,0,2,2,0,8,6,0,0,0,0,0,0,0,2,0,0,0,41.0,1,3,1,0,0,2,2,02/19/2023,away,16340,363,Longwood,9,True,5,1,4,win,2391020,450,2809692,2023,0.0,,,1.0
1,0.0,3.1,0.0,1,0,0,0,2,0,11,11,1,0,0,0,0,0,0,1,0,0,0,40.0,4,4,1,0,0,3,0,02/21/2023,away,16340,165,Coppin St.,10,True,6,5,1,win,2391156,450,2809692,2023,0.0,,,1.0
1,0.0,1.0,0.0,0,0,0,0,1,0,3,3,0,0,0,0,0,0,0,0,0,0,0,13.0,1,0,0,0,0,3,1,02/17/2023,home,16340,464,Omaha,9,True,16,1,15,win,2390434,110,2826117,2023,0.0,,,1.0
1,0.0,1.0,0.0,0,0,0,1,3,0,4,3,0,0,0,0,0,0,0,0,0,0,0,24.0,0,0,0,0,0,5,1,02/19/2023,home,16340,464,Omaha,9,True,8,1,7,win,2390991,110,2826117,2023,0.0,,,1.0
1,0.0,0.1,0.0,2,3,3,1,0,0,4,3,1,0,0,1,0,0,0,2,2,0,0,13.0,0,1,0,0,0,3,0,02/17/2023,away,16340,254,Georgia St.,9,True,2,12,-10,loss,2390375,140,2802089,2023,0.0,,,1.0
1,0.0,1.0,0.0,0,0,0,1,1,0,4,3,0,0,0,0,0,0,1,2,0,0,0,10.0,1,1,0,0,1,4,0,02/19/2023,away,16340,254,Georgia St.,9,True,6,4,2,win,2390922,140,2802089,2023,0.0,,,1.0
1,0.0,0.1,0.0,0,0,0,0,0,0,1,1,0,0,0,0,0,0,0,1,0,0,0,5.0,1,0,0,0,0,3,0,02/17/2023,neutral,16340,694,Tennessee,9,True,3,1,2,win,2390492,29,2308404,2023,0.0,,,1.0
1,0.0,1.2,0.0,1,0,0,0,2,0,6,6,0,0,0,0,0,0,0,2,0,0,0,17.0,0,3,0,0,0,2,1,02/19/2023,neutral,16340,416,Michigan St.,9,True,7,1,6,win,2391065,29,2308404,2023,0.0,,,1.0
1,0.0,2.1,0.0,1,0,0,1,2,0,9,8,1,0,0,0,0,0,0,0,0,0,0,30.0,2,3,0,0,0,2,0,02/17/2023,away,16340,692,Tennessee Tech,9,True,0,1,-1,loss,2390394,71,2802710,2023,0.0,,,1.0
1,0.0,1.2,0.0,4,5,4,1,2,0,11,8,0,1,0,1,0,1,0,0,0,0,1,44.0,2,1,0,0,0,4,0,02/18/2023,away,16340,109,UC Irvine,9,True,4,11,-7,loss,2390680,718,2680322,2023,0.0,,,1.0
1,0.0,1.2,0.0,1,0,0,2,4,0,9,5,0,0,0,0,0,1,0,2,1,1,0,37.0,1,0,0,0,0,3,0,02/18/2023,home,16340,1320,Presbyterian,9,True,2,5,-3,loss,2390771,251,1983986,2023,0.0,,,1.0
1,1.0,4.2,0.0,4,1,1,4,6,0,21,17,1,1,0,0,1,0,0,0,0,0,0,93.0,3,4,0,1,0,1,1,02/17/2023,away,16340,109,UC Irvine,9,True,0,3,-3,loss,2390446,718,2680332,2023,1.0,,,1.0
1,0.0,3.0,0.0,4,0,0,2,2,0,14,12,0,1,0,0,0,0,0,1,1,0,0,43.0,3,3,0,0,0,2,1,02/19/2023,away,16340,457,North Carolina,9,True,2,4,-2,loss,2391008,635,2673292,2023,0.0,,,1.0
1,0.0,1.0,0.0,1,0,0,0,2,0,4,4,1,0,0,0,0,0,0,0,0,0,0,16.0,0,1,0,0,0,3,0,02/19/2023,home,16340,342,Lafayette,9,True,11,4,7,win,2390970,655,2798555,2023,0.0,,,1.0
1,0.0,1.0,0.0,3,3,3,0,1,0,6,6,1,0,0,1,0,0,0,2,2,0,0,22.0,0,2,0,0,0,2,0,02/19/2023,away,16340,483,Nicholls,9,True,3,8,-5,loss,2391062,30136,2799893,2023,0.0,,,2.0
1,0.0,1.2,0.0,1,0,0,1,1,0,7,5,0,0,0,0,0,1,0,1,1,0,0,32.0,0,3,1,0,0,3,0,02/18/2023,away,16340,483,Nicholls,9,True,3,2,1,win,2390806,30136,2799878,2023,0.0,,,2.0
1,1.0,5.0,0.0,6,2,2,3,5,0,22,19,0,0,0,1,1,0,0,0,0,0,0,84.0,6,2,0,0,0,1,0,02/19/2023,home,16340,683,Stony Brook,9,True,8,2,6,win,2390994,101,2516459,2023,0.0,,,1.0
1,0.0,1.0,0.0,1,0,0,0,3,0,4,4,0,0,0,0,0,0,0,0,0,0,0,13.0,0,0,0,0,0,2,2,02/18/2023,home,16340,464,Omaha,9,True,23,0,23,win,2390738,110,2826113,2023,0.0,,,1.0
1,1.0,2.1,0.0,3,1,0,2,3,0,12,9,0,0,0,0,0,0,0,0,0,0,0,51.0,2,1,0,0,0,1,0,02/17/2023,away,16340,61,Bethune-Cookman,9,True,5,3,2,win,2390488,352,2666674,2023,0.0,,,1.0
1,1.0,4.2,0.0,4,3,1,2,4,0,21,18,1,0,0,0,1,0,0,0,0,1,0,85.0,7,3,0,0,0,1,0,02/18/2023,away,16340,1014,Col. of Charleston,9,True,12,3,9,win,2390508,742,2658942,2023,0.0,,,1.0
1,1.0,5.0,0.0,2,1,1,0,3,0,19,18,1,0,0,1,2,1,0,0,0,0,0,64.0,6,6,1,0,0,1,1,02/19/2023,home,16340,414,Miami (OH),9,True,16,8,8,win,2390832,255,2328908,2023,0.0,,,1.0
1,1.0,5.0,0.0,5,2,2,0,8,0,20,18,1,1,0,0,0,1,0,0,0,0,1,90.0,2,4,0,0,0,1,3,02/17/2023,home,16340,352,Lehigh,9,True,3,5,-2,loss,2390488,61,2677023,2023,0.0,,,1.0
1,1.0,3.0,0.0,8,8,7,1,2,0,19,18,3,0,0,1,1,0,0,0,0,0,0,58.0,1,5,0,1,0,1,2,02/21/2023,home,16340,10411,USC Upstate,9,True,7,15,-8,loss,2391198,2711,2298775,2023,0.0,,,1.0
1,0.0,1.2,0.0,3,4,2,1,0,0,10,9,1,0,0,0,1,0,0,3,0,0,0,44.0,2,1,0,0,0,2,0,02/18/2023,neutral,16340,739,Villanova,9,True,22,7,15,win,2390796,754,2811797,2023,0.0,,,1.0
1,1.0,2.1,0.0,5,6,5,4,0,0,16,10,0,1,0,0,0,1,0,0,0,1,0,62.0,3,3,0,1,0,1,0,02/17/2023,neutral,16340,1104,Grand Canyon,9,True,4,12,-8,loss,2390322,112,2679581,2023,1.0,,,1.0
1,1.0,5.0,0.0,5,2,2,3,8,0,23,19,1,0,0,0,0,1,0,0,0,0,0,91.0,5,1,1,0,0,1,1,02/18/2023,away,16340,14927,Belmont,9,True,4,2,2,win,2390548,695,2665802,2023,0.0,,,1.0
1,0.0,3.0,0.0,3,0,0,1,2,0,12,11,2,0,0,0,0,0,0,0,0,0,0,43.0,3,3,1,0,0,2,0,02/19/2023,away,16340,1014,Col. of Charleston,9,True,15,2,13,win,2390825,742,2485966,2023,0.0,,,1.0
1,0.0,1.2,0.0,1,2,2,2,0,0,8,5,1,0,0,0,0,1,0,3,0,0,0,35.0,1,3,0,0,0,3,0,02/18/2023,away,16340,457,North Carolina,9,True,2,11,-9,loss,2390749,635,2117759,2023,0.0,,,1.0
1,1.0,5.1,0.0,4,1,1,2,5,0,24,18,1,0,0,0,1,3,0,0,0,0,1,71.0,5,5,1,0,0,1,0,02/19/2023,neutral,16340,416,Michigan St.,9,True,7,1,6,win,2391065,29,2815056,2023,1.0,,,1.0
1,0.0,1.0,0.0,1,0,0,0,1,0,4,4,0,0,0,0,0,0,0,0,0,0,0,14.0,2,0,0,0,1,4,1,02/17/2023,neutral,16340,694,Tennessee,9,True,3,1,2,win,2390492,29,2474960,2023,0.0,,,1.0
1,0.0,2.0,0.0,5,3,3,0,0,0,10,10,0,0,0,0,0,0,0,0,0,0,0,41.0,4,1,1,0,0,5,0,02/20/2023,neutral,16340,112,UC San Diego,9,True,9,8,1,win,2391071,29,2474960,2023,0.0,,,1.0
1,1.0,4.0,0.0,8,5,4,0,3,0,22,19,3,0,0,1,0,1,0,0,0,0,2,72.0,4,5,0,1,0,1,0,02/17/2023,away,16340,670,Texas St.,9,True,4,12,-8,loss,2390442,509,2004094,2023,0.0,,,1.0
1,0.0,1.1,0.0,2,1,1,0,1,0,6,5,1,0,0,0,0,0,0,0,0,1,0,24.0,1,2,0,0,0,3,1,02/18/2023,home,16340,782,Wichita St.,9,True,6,5,1,win,2390803,99,2123359,2023,0.0,,,1.0
1,0.0,1.0,0.0,0,0,0,0,1,0,3,3,0,0,0,0,0,0,0,0,0,0,0,14.0,1,1,0,0,1,4,0,02/17/2023,home,16340,386,Marist,9,True,8,6,2,win,2390293,657,2334689,2023,0.0,,,1.0
1,0.0,1.1,0.0,1,0,0,1,4,0,8,5,1,0,0,0,0,2,1,2,2,0,0,34.0,0,0,0,0,0,6,2,02/21/2023,home,16340,109,UC Irvine,9,True,7,8,-1,loss,2391105,657,2334689,2023,0.0,,,1.0
1,1.0,5.0,0.0,3,0,0,4,5,0,21,17,0,0,0,0,0,0,0,0,0,0,0,88.0,3,6,1,0,0,1,0,02/18/2023,neutral,16340,220,Fairfield,9,True,10,3,7,win,2390622,740,2797538,2023,0.0,,,1.0
1,1.0,7.0,0.0,3,1,0,1,6,0,26,24,1,0,0,0,0,0,0,0,0,1,0,90.0,10,5,0,0,0,1,4,02/19/2023,away,16340,14927,Belmont,9,True,2,4,-2,loss,2390824,695,2117611,2023,0.0,,,1.0
1,0.0,1.1,0.0,1,1,1,2,1,0,8,4,0,0,0,0,1,1,0,0,0,1,0,37.0,1,2,0,1,0,4,0,02/19/2023,away,16340,406,Mercer,10,True,4,5,-1,loss,2391024,786,2142162,2023,0.0,,,1.0
1,1.0,5.0,0.0,5,1,1,0,6,0,18,18,1,1,0,1,0,0,0,0,0,0,0,51.0,5,2,1,0,0,1,2,02/18/2023,home,16340,5,Akron,9,True,6,1,5,win,2390656,769,2680078,2023,1.0,,,1.0
1,0.0,1.2,0.0,1,0,0,3,1,0,9,6,0,0,0,0,0,0,0,2,0,0,0,41.0,1,3,1,0,0,3,0,02/19/2023,away,16340,522,Oklahoma,9,True,6,3,3,win,2391046,30135,2333904,2023,0.0,,,1.0
1,0.0,2.0,0.0,1,1,0,2,2,0,8,6,0,0,0,0,0,0,0,0,0,0,0,36.0,2,1,0,0,0,2,1,02/19/2023,home,16340,493,North Dakota St.,9,True,3,2,1,win,2390871,102,2488305,2023,0.0,,,1.0
1,0.0,1.0,0.0,4,3,3,0,0,0,7,7,2,0,0,2,0,0,0,0,0,0,0,18.0,0,3,0,0,0,2,0,02/19/2023,away,16340,14927,Belmont,9,True,4,11,-7,loss,2390259,695,2310111,2023,0.0,,,1.0
1,0.0,1.2,0.0,4,2,2,1,3,0,9,8,1,0,0,0,0,0,0,2,1,0,0,41.0,1,0,0,0,0,2,1,02/17/2023,home,16340,726,Navy,9,True,24,5,19,win,2390348,746,2501521,2023,0.0,,,1.0
1,1.0,5.0,0.0,4,4,2,2,9,0,21,18,2,0,0,1,1,0,0,0,0,0,1,95.0,1,5,0,0,0,1,2,02/19/2023,away,16340,631,Santa Clara,9,True,7,13,-6,loss,2420282,756,2524951,2023,0.0,,,1.0
1,1.0,5.2,0.0,3,0,0,2,9,0,22,20,0,0,0,0,0,0,0,0,0,0,0,90.0,0,8,1,0,0,1,1,02/18/2023,home,16340,654,Southeast Mo. St.,9,True,3,0,3,win,2390525,1004,2344568,2023,0.0,,,1.0
1,0.0,5.0,0.0,4,0,0,0,1,0,19,18,1,0,0,0,0,1,0,1,1,0,0,58.0,8,5,0,0,0,2,1,02/17/2023,home,16340,660,SIUE,9,True,0,2,-2,loss,2390480,2743,2821522,2023,0.0,,,1.0
1,0.0,0.1,0.0,5,5,5,0,1,0,6,6,0,0,0,1,0,0,0,0,0,0,0,31.0,0,0,0,0,0,3,0,02/17/2023,home,16340,248,George Mason,9,True,2,8,-6,loss,2390478,231,2132446,2023,0.0,,,1.0
1,0.0,1.0,0.0,3,4,4,0,2,0,7,6,1,1,0,1,0,1,0,0,0,0,0,23.0,0,1,0,0,0,4,1,02/19/2023,away,16340,670,Texas St.,9,True,9,24,-15,loss,2390914,509,2348346,2023,0.0,,,1.0
1,0.0,0.2,0.0,1,0,0,0,0,0,3,2,1,0,0,0,1,0,0,2,2,0,1,12.0,1,1,0,0,0,2,0,02/19/2023,away,16340,498,ULM,9,True,4,8,-4,loss,2390966,72,2301020,2023,0.0,,,1.0
1,1.0,4.0,0.0,2,3,2,1,3,0,16,14,0,0,0,0,0,1,0,0,0,0,0,54.0,5,2,0,1,0,1,2,02/18/2023,away,16340,529,Oregon,9,True,3,5,-2,loss,2408001,812,2677355,2023,0.0,,,1.0
1,0.0,1.0,0.0,0,0,0,1,1,0,4,3,0,0,0,0,0,0,0,0,0,0,0,17.0,1,1,0,0,0,5,1,02/17/2023,away,16340,254,Georgia St.,9,True,2,12,-10,loss,2390375,140,2141899,2023,0.0,,,1.0
1,0.0,1.0,0.0,1,2,2,1,0,0,5,3,0,0,0,1,0,0,1,2,2,1,0,7.0,2,1,0,0,0,4,0,02/18/2023,home,16340,392,Maryland,9,True,1,8,-7,loss,2390734,651,2478545,2023,0.0,,,1.0
1,1.0,3.2,0.0,1,2,2,5,0,0,16,10,0,0,0,0,1,0,0,0,0,0,1,62.0,4,6,0,0,0,1,0,02/18/2023,home,16340,635,Seton Hall,9,True,11,2,9,win,2390749,457,2117361,2023,0.0,,,1.0
1,0.0,1.0,0.0,0,0,0,0,1,0,3,3,0,0,0,0,0,0,0,0,0,0,0,16.0,2,0,0,0,0,4,1,02/17/2023,home,16340,683,Stony Brook,9,True,20,5,15,win,2390354,101,2798435,2023,0.0,,,1.0
1,1.0,3.2,0.0,6,5,5,3,3,0,22,15,3,0,0,0,2,3,0,0,0,0,1,79.0,2,5,0,0,0,1,0,02/17/2023,away,16340,657,Southern California,9,True,6,8,-2,loss,2390293,386,2309865,2023,0.0,,,1.0
1,1.0,3.0,0.0,4,6,6,3,2,0,17,13,1,2,0,1,0,1,0,0,0,0,0,68.0,3,4,0,1,0,1,1,02/21/2023,away,16340,32,Little Rock,9,True,3,8,-5,loss,2391114,2678,2680291,2023,0.0,,,1.0
1,0.0,1.1,0.0,1,2,2,4,3,0,9,5,1,0,0,0,0,0,0,0,0,0,0,50.0,0,1,1,0,0,3,1,02/18/2023,home,16340,71,Bowling Green,9,True,11,9,2,win,2390760,692,2347539,2023,0.0,,,1.0
1,0.0,0.2,0.0,0,0,0,2,2,0,4,2,0,0,0,0,1,0,1,1,0,0,0,17.0,0,0,0,0,0,3,1,02/19/2023,home,16340,466,Nevada,9,True,7,9,-2,loss,2390845,2,2678258,2023,0.0,,,1.0
1,0.0,1.0,0.0,1,3,3,3,1,0,8,2,1,0,0,0,0,1,0,2,2,0,2,34.0,0,2,0,0,0,4,0,02/17/2023,away,16340,141,The Citadel,9,True,9,21,-12,loss,2390297,178,2828738,2023,0.0,,,1.0
1,1.0,4.0,0.0,4,4,4,2,3,0,19,16,0,0,0,2,0,1,0,0,0,0,0,77.0,5,4,0,0,0,1,1,02/19/2023,home,16340,249,George Washington,9,True,23,5,18,win,2390984,196,2466790,2023,0.0,,,1.0
1,0.0,1.2,0.0,2,2,2,0,1,0,7,6,1,0,0,0,1,0,0,1,0,1,0,20.0,3,1,0,0,0,2,0,02/18/2023,away,16340,769,Western Caro.,9,True,1,6,-5,loss,2390656,5,2828063,2023,0.0,,,1.0
1,0.0,2.0,0.0,1,0,0,0,0,0,6,6,0,0,0,0,0,0,0,0,0,0,0,28.0,3,1,1,0,0,2,0,02/19/2023,home,16340,249,George Washington,9,True,23,5,18,win,2390984,196,2466791,2023,0.0,,,1.0
1,0.0,1.0,0.0,0,0,0,0,1,0,3,3,0,0,0,0,0,0,0,0,0,0,0,9.0,1,1,0,0,0,7,0,02/19/2023,home,16340,464,Omaha,9,True,8,1,7,win,2390991,110,2673442,2023,0.0,,,1.0
1,1.0,5.0,0.0,4,1,1,1,6,0,20,18,0,0,0,0,1,0,0,0,0,0,1,77.0,3,6,0,0,0,1,2,02/18/2023,away,16340,30,Arkansas St.,9,True,3,4,-1,loss,2390517,2678,2680284,2023,0.0,,,1.0
1,1.0,5.0,0.0,5,4,4,0,9,0,20,20,1,0,0,1,0,0,0,0,0,0,0,75.0,4,2,0,0,0,1,4,02/19/2023,home,16340,466,Nevada,9,True,7,9,-2,loss,2390845,2,2678259,2023,0.0,,,1.0
1,0.0,0.1,0.0,0,0,0,0,0,0,1,1,0,0,0,0,0,0,0,1,0,0,0,2.0,0,1,0,0,0,3,0,02/21/2023,home,16340,30135,California Baptist,9,True,2,0,2,win,2391166,521,2660364,2023,0.0,,,1.0
1,0.0,3.0,0.0,0,0,0,0,1,0,9,8,0,0,0,0,0,0,0,2,1,0,1,25.0,1,7,0,0,0,4,1,02/18/2023,home,16340,248,George Mason,9,True,3,2,1,win,2390800,231,2470124,2023,0.0,,,1.0
1,0.0,2.0,0.0,1,0,0,0,1,0,7,7,0,0,0,0,0,0,0,0,0,0,0,15.0,1,4,0,0,1,2,0,02/18/2023,away,16340,14927,Belmont,9,True,4,2,2,win,2390548,695,2804238,2023,0.0,,,1.0
1,0.0,1.1,0.0,2,0,0,1,0,0,7,6,0,0,0,0,0,0,0,0,0,0,0,25.0,3,1,0,0,0,2,0,02/19/2023,home,16340,466,Nevada,9,True,7,9,-2,loss,2390845,2,2826927,2023,0.0,,,1.0
1,1.0,3.0,0.0,0,1,1,6,3,0,15,8,0,0,0,0,1,1,0,0,0,0,0,77.0,2,3,0,0,0,1,2,02/19/2023,away,16340,115,Campbell,9,True,16,3,13,win,2390859,587,2350093,2023,0.0,,,1.0
1,0.0,0.1,0.0,0,0,0,0,0,0,2,1,0,0,0,0,0,1,0,1,0,0,0,2.0,1,0,0,0,0,3,0,02/19/2023,away,16340,363,Longwood,9,True,5,1,4,win,2391020,450,2809734,2023,0.0,,,1.0
1,0.0,1.0,0.0,1,0,0,0,1,0,4,4,1,0,0,0,0,0,0,0,0,0,0,13.0,0,2,0,0,0,3,0,02/17/2023,home,16340,386,Marist,9,True,8,6,2,win,2390293,657,2494063,2023,0.0,,,1.0
1,0.0,3.0,0.0,1,0,0,0,2,0,10,9,0,0,0,0,0,1,0,0,0,0,0,44.0,4,2,0,0,0,3,1,02/18/2023,away,16340,529,Oregon,9,True,3,5,-2,loss,2408001,812,2677354,2023,0.0,,,1.0
1,0.0,1.0,0.0,0,0,0,0,0,0,3,3,0,0,0,0,0,0,0,0,0,0,0,15.0,2,1,0,0,1,5,0,02/21/2023,home,16340,30135,California Baptist,9,True,2,0,2,win,2391166,521,2471945,2023,0.0,,,1.0
1,1.0,5.2,0.0,5,3,1,2,3,0,23,21,0,1,0,0,0,0,0,0,0,0,0,95.0,8,4,0,0,0,1,1,02/18/2023,home,16340,742,Virginia Tech,9,True,3,12,-9,loss,2390508,1014,2345677,2023,1.0,,,1.0
1,1.0,6.0,0.0,1,2,1,4,8,0,24,18,0,0,0,0,1,1,0,0,0,1,0,96.0,6,3,0,0,0,1,1,02/17/2023,away,16340,253,Ga. Southern,9,True,3,4,-1,loss,2390474,768,2485152,2023,0.0,,,1.0
1,0.0,0.2,0.0,0,0,0,0,2,0,2,2,0,0,0,0,0,0,0,2,0,0,0,10.0,0,0,0,0,1,3,0,02/18/2023,neutral,16340,721,Air Force,9,True,6,4,2,win,2390581,725,2501520,2023,0.0,,,1.0
1,0.0,0.1,0.0,3,5,1,0,0,0,7,6,1,0,1,0,0,1,0,0,0,0,0,27.0,0,1,0,0,0,5,0,02/17/2023,away,16340,655,Southeastern La.,9,True,4,15,-11,loss,2390441,342,2310662,2023,0.0,,,1.0
1,0.0,1.0,0.0,0,0,0,0,2,0,3,2,0,0,0,0,0,0,0,1,1,0,1,13.0,0,1,0,0,0,5,1,02/19/2023,neutral,16340,721,Air Force,9,True,3,9,-6,loss,2390877,725,2528818,2023,0.0,,,1.0
1,0.0,0.2,0.0,1,1,1,0,0,0,3,3,1,0,0,0,0,0,0,2,0,0,0,5.0,1,1,0,0,0,7,0,02/19/2023,home,16340,768,West Virginia,9,True,4,13,-9,loss,2390975,253,2653221,2023,0.0,,,1.0
1,0.0,2.2,0.0,1,0,0,2,2,0,11,9,0,0,0,0,2,0,0,0,0,0,0,42.0,1,5,0,0,0,2,1,02/19/2023,away,16340,676,SFA,9,True,14,8,6,win,2391018,327,1999449,2023,0.0,,,1.0
1,1.0,3.2,0.0,5,5,5,4,1,0,20,16,1,0,0,0,0,0,0,0,0,0,0,80.0,4,6,0,1,0,1,1,02/18/2023,away,16340,457,North Carolina,9,True,2,11,-9,loss,2390749,635,2678926,2023,0.0,,,1.0
1,0.0,1.0,0.0,0,0,0,1,3,0,4,3,0,0,0,0,0,0,0,0,0,0,0,18.0,0,0,0,0,0,5,2,02/19/2023,home,16340,741,VMI,9,True,9,3,6,win,2390814,430,2471776,2023,0.0,,,1.0
1,1.0,5.0,0.0,4,2,2,2,5,0,20,18,2,0,0,0,0,0,0,0,0,0,0,81.0,2,7,0,1,0,1,2,02/20/2023,away,16340,629,San Francisco,9,True,0,3,-3,loss,2391076,732,2671902,2023,1.0,,,1.0
1,0.0,2.0,0.0,0,0,0,0,4,0,7,6,0,0,0,0,0,0,0,0,0,1,0,28.0,1,1,0,0,0,2,1,02/21/2023,home,16340,30135,California Baptist,9,True,2,0,2,win,2391166,521,2801618,2023,0.0,,,1.0
1,1.0,5.0,0.0,4,2,2,0,3,0,20,17,1,0,1,0,1,1,0,0,0,1,1,71.0,5,7,0,0,0,1,1,02/19/2023,away,16340,101,CSUN,9,True,2,8,-6,loss,2390994,683,2137339,2023,0.0,,,1.0
1,1.0,6.0,0.0,8,5,5,3,9,0,28,25,2,0,0,0,1,0,0,0,0,0,0,95.0,7,1,1,0,0,1,3,02/17/2023,home,16340,683,Stony Brook,9,True,20,5,15,win,2390354,101,2309253,2023,0.0,,,1.0
1,0.0,1.2,0.0,0,0,0,0,2,0,5,5,0,0,0,0,0,0,0,1,0,0,0,24.0,1,2,1,0,0,3,0,02/21/2023,home,16340,741,VMI,9,True,15,8,7,win,2391147,523,2347882,2023,0.0,,,1.0
1,0.0,1.0,0.0,1,0,0,1,1,0,4,3,0,0,0,0,0,0,0,0,0,0,0,22.0,1,0,0,0,0,5,0,02/19/2023,away,16340,457,North Carolina,9,True,2,4,-2,loss,2391008,635,2117758,2023,0.0,,,1.0
1,0.0,2.1,0.0,3,1,1,1,1,0,12,11,0,0,0,0,0,0,0,2,0,0,0,40.0,4,2,1,0,0,3,0,02/17/2023,home,16340,331,Kent St.,9,True,6,5,1,win,2390281,316,2656577,2023,0.0,,,1.0
1,0.0,1.0,0.0,1,0,0,0,1,0,4,4,0,0,0,0,0,0,0,2,2,0,0,20.0,1,1,0,0,0,6,0,02/21/2023,home,16340,234,Florida St.,9,True,2,11,-9,loss,2391097,316,2656577,2023,0.0,,,1.0
1,0.0,1.0,0.0,0,0,0,0,1,0,3,3,0,0,0,0,0,0,0,2,0,0,0,8.0,1,1,0,0,0,4,0,02/17/2023,away,16340,109,UC Irvine,9,True,0,3,-3,loss,2390446,718,2802517,2023,0.0,,,1.0
1,0.0,1.0,0.0,0,0,0,1,2,0,4,3,0,0,0,0,0,0,0,1,0,0,0,17.0,1,0,0,0,0,2,1,02/19/2023,away,16340,109,UC Irvine,9,True,0,1,-1,loss,2390979,718,2802517,2023,0.0,,,1.0
1,0.0,3.0,0.0,1,1,1,1,3,0,12,10,0,1,0,0,0,0,0,2,0,0,1,50.0,2,5,0,0,0,3,0,02/18/2023,away,16340,109,UC Irvine,9,True,4,11,-7,loss,2390680,718,2802503,2023,0.0,,,1.0
1,0.0,2.0,0.0,0,1,0,1,2,0,8,6,0,0,0,0,0,0,0,0,0,1,0,29.0,3,1,1,0,0,2,0,02/19/2023,home,16340,352,Lehigh,9,True,4,3,1,win,2391029,61,2677022,2023,0.0,,,1.0
1,0.0,0.1,0.0,3,2,2,1,0,0,5,4,2,0,0,0,0,0,0,3,0,0,0,19.0,1,0,0,0,0,2,0,02/19/2023,home,16340,606,Saint Joseph's,10,True,4,5,-1,loss,2390828,193,2121995,2023,0.0,,,1.0
1,0.0,0.2,0.0,2,3,3,2,1,0,7,4,0,0,0,0,0,1,0,0,0,0,0,29.0,1,0,0,0,0,2,1,02/19/2023,away,16340,2711,North Florida,9,True,7,17,-10,loss,2391039,454,2810488,2023,0.0,,,1.0
1,0.0,3.2,0.0,2,0,0,1,5,0,16,14,0,0,0,0,0,1,0,2,0,0,0,66.0,4,2,0,0,0,3,1,02/18/2023,home,16340,1356,Seattle U,9,True,6,3,3,win,2390730,697,2798597,2023,0.0,,,1.0
1,0.0,1.0,0.0,6,7,7,2,0,0,10,8,1,0,0,1,2,0,0,0,0,0,0,43.0,1,1,0,0,0,2,0,02/17/2023,away,16340,769,Western Caro.,9,True,14,12,2,win,2390417,5,2328921,2023,0.0,,,1.0
1,0.0,2.0,0.0,1,0,0,0,3,0,7,7,0,0,0,0,0,0,0,0,0,0,0,24.0,0,2,0,0,0,2,1,02/19/2023,home,16340,444,Morehead St.,9,True,0,3,-3,loss,2420239,485,2811972,2023,0.0,,,1.0
1,0.0,2.0,0.0,2,0,0,1,1,0,10,9,0,0,0,0,0,0,0,0,0,0,0,28.0,3,2,0,0,0,3,0,02/19/2023,home,16340,444,Morehead St.,9,True,0,3,-3,loss,2420239,485,2811966,2023,0.0,,,1.0
1,0.0,3.1,0.0,1,0,0,0,3,0,11,11,0,0,0,0,0,0,0,2,0,0,0,43.0,4,3,0,0,0,4,2,02/19/2023,home,16340,660,SIUE,9,True,5,9,-4,loss,2391011,2743,2674503,2023,0.0,,,1.0
1,0.0,4.0,0.0,5,1,0,2,7,0,20,17,0,0,0,0,0,0,0,0,0,0,1,82.0,1,4,0,0,1,2,1,02/18/2023,away,16340,2711,North Florida,9,True,11,3,8,win,2390773,454,2810463,2023,0.0,,,1.0
1,0.0,1.2,0.0,4,3,3,0,2,0,8,8,1,0,0,2,0,0,0,0,0,0,0,25.0,1,1,0,0,0,3,0,02/17/2023,away,16340,716,Troy,9,True,7,12,-5,loss,2390462,219,2681039,2023,0.0,,,1.0
1,0.0,1.0,0.0,0,1,0,2,3,0,6,3,0,0,0,0,1,1,0,0,0,0,0,31.0,0,0,1,0,0,3,0,02/17/2023,home,16340,140,Cincinnati,9,True,12,2,10,win,2390375,254,2336276,2023,0.0,,,1.0
1,0.0,1.1,0.0,2,2,2,1,2,0,7,6,0,0,0,1,0,0,0,2,2,0,0,31.0,0,2,0,0,0,3,1,02/17/2023,away,16340,1014,Col. of Charleston,9,True,2,5,-3,loss,2390260,742,1977800,2023,0.0,,,1.0
1,0.0,2.2,0.0,0,0,0,1,3,0,9,8,0,0,0,0,0,0,0,0,0,0,0,44.0,2,3,0,0,1,4,2,02/18/2023,away,16340,631,Santa Clara,9,True,10,5,5,win,2390535,756,2472137,2023,0.0,,,1.0
1,0.0,3.0,0.0,1,0,0,2,4,0,13,10,0,0,0,0,1,1,0,0,0,0,0,58.0,0,5,0,0,0,4,0,02/20/2023,away,16340,631,Santa Clara,9,True,10,7,3,win,2391070,756,2472137,2023,0.0,,,1.0
1,0.0,5.0,0.0,4,1,1,1,9,0,20,19,0,0,0,1,0,0,0,0,0,0,0,72.0,1,5,1,0,0,2,0,02/19/2023,home,16340,386,Marist,9,True,12,2,10,win,2390851,657,2119207,2023,0.0,,,1.0
1,1.0,1.2,0.0,2,5,5,6,2,0,12,6,0,0,0,1,0,0,0,0,0,0,0,51.0,1,1,0,1,0,1,0,02/19/2023,home,16340,587,Rutgers,9,True,3,16,-13,loss,2390859,115,2492969,2023,0.0,,,1.0
1,0.0,1.0,0.0,0,0,0,0,0,0,3,3,0,0,0,0,0,0,0,0,0,0,0,12.0,0,3,0,0,0,3,0,02/18/2023,home,16340,236,Fordham,9,True,19,5,14,win,2390733,1045,2658799,2023,0.0,,,1.0
1,0.0,1.1,0.0,2,3,3,2,2,0,7,5,0,0,0,2,0,0,0,1,1,0,0,33.0,0,1,1,0,0,3,1,02/17/2023,away,16340,363,Longwood,9,True,13,9,4,win,2390421,450,2809695,2023,1.0,,,1.0
1,0.0,1.0,0.0,1,3,0,2,2,0,8,4,0,0,0,0,0,0,0,0,0,1,1,27.0,0,2,0,0,0,3,0,02/21/2023,away,16340,231,FIU,9,True,2,12,-10,loss,2391190,61,2677008,2023,0.0,,,1.0
1,0.0,2.1,0.0,3,1,1,0,2,0,10,9,1,0,0,0,0,0,0,0,0,1,0,31.0,1,4,0,0,0,2,0,02/19/2023,home,16340,9,UAB,9,True,7,6,1,win,2391055,646,2137105,2023,0.0,,,1.0
1,1.0,4.1,0.0,3,1,1,2,9,0,18,16,0,0,0,0,0,0,0,0,0,0,0,74.0,3,1,0,0,0,1,1,02/18/2023,home,16340,202,Eastern Ky.,9,True,26,6,20,win,2408386,646,2826110,2023,0.0,,,1.0
1,0.0,3.0,0.0,0,0,0,0,4,0,9,9,0,0,0,0,0,0,0,0,0,0,0,32.0,3,2,0,0,1,3,1,02/17/2023,neutral,16340,739,Villanova,9,True,7,0,7,win,2390340,754,2811794,2023,0.0,,,1.0
1,0.0,2.0,0.0,2,0,0,0,3,0,8,8,0,0,0,0,0,0,0,0,0,0,0,31.0,1,2,0,0,0,4,0,02/19/2023,neutral,16340,111,UC Riverside,9,True,8,6,2,win,2390888,754,2811794,2023,0.0,,,1.0
1,1.0,5.0,0.0,3,2,2,2,7,0,21,17,0,0,1,0,0,1,0,0,0,0,1,72.0,5,3,1,0,0,1,3,02/18/2023,away,16340,2711,North Florida,9,True,11,3,8,win,2390773,454,2476190,2023,0.0,,,1.0
1,0.0,3.2,0.0,1,1,0,1,0,0,13,11,0,0,0,0,0,0,0,3,0,1,0,33.0,8,2,0,0,0,3,0,02/18/2023,away,16340,61,Bethune-Cookman,10,True,6,7,-1,loss,2390805,352,2661332,2023,0.0,,,1.0
1,0.0,1.0,0.0,3,3,3,0,0,0,7,6,1,0,0,0,0,1,0,3,3,0,0,23.0,3,0,0,0,0,5,0,02/19/2023,home,16340,587,Rutgers,9,True,3,16,-13,loss,2390859,115,2680047,2023,0.0,,,1.0
1,0.0,1.2,0.0,1,0,0,0,0,0,5,5,0,0,0,0,1,0,0,3,3,0,0,22.0,4,0,0,0,0,5,0,02/19/2023,neutral,16340,314,Jackson St.,9,True,3,8,-5,loss,2390882,553,2330201,2023,1.0,,,1.0
1,1.0,3.0,0.0,5,6,4,0,4,0,17,14,3,0,0,1,0,1,0,0,0,0,2,70.0,0,4,0,1,0,1,1,02/19/2023,home,16340,742,Virginia Tech,9,True,2,15,-13,loss,2390825,1014,2654564,2023,0.0,,,1.0
1,0.0,2.0,0.0,1,0,0,2,5,0,10,7,0,0,1,0,0,1,0,0,0,0,0,54.0,0,1,0,0,0,2,1,02/18/2023,away,16340,90,Cal Poly,9,True,15,4,11,win,2390791,669,2122681,2023,0.0,,,1.0
1,0.0,3.1,0.0,4,3,2,4,2,0,19,13,1,0,0,0,0,1,0,0,0,0,1,73.0,1,6,0,0,0,2,1,02/17/2023,away,16340,110,UCLA,9,True,1,16,-15,loss,2390434,464,2804986,2023,0.0,,,1.0
1,0.0,1.0,0.0,0,0,0,1,1,0,4,3,0,0,0,0,0,0,0,3,3,0,0,17.0,2,0,0,0,0,3,0,02/17/2023,away,16340,316,Jacksonville,9,True,5,6,-1,loss,2390281,331,2110633,2023,0.0,,,1.0
1,0.0,1.1,0.0,0,0,0,1,1,0,5,4,0,0,0,0,0,0,0,2,0,0,0,22.0,1,2,0,0,0,6,0,02/18/2023,away,16340,316,Jacksonville,16,True,10,6,4,win,2390521,331,2110633,2023,0.0,,,1.0
1,0.0,0.2,0.0,2,1,1,0,1,0,4,4,1,0,0,0,0,0,0,1,1,0,0,15.0,0,1,0,0,0,2,0,02/19/2023,neutral,16340,721,Air Force,9,True,3,9,-6,loss,2390877,725,2501522,2023,0.0,,,1.0
1,0.0,1.0,0.0,0,0,0,0,2,0,3,3,0,0,0,0,0,0,0,0,0,0,0,14.0,1,0,0,0,0,4,1,02/17/2023,neutral,16340,112,UC San Diego,9,True,12,4,8,win,2390322,1104,2307308,2023,0.0,,,1.0
1,0.0,1.1,0.0,2,0,0,1,0,0,7,6,1,0,0,0,0,0,0,2,0,0,0,28.0,1,3,0,0,0,2,0,02/19/2023,neutral,16340,418,Michigan,9,True,4,6,-2,loss,2390884,1104,2307308,2023,0.0,,,1.0
1,1.0,3.1,0.0,0,0,0,5,3,0,14,9,0,0,0,0,0,0,0,0,0,0,0,66.0,4,2,0,0,0,1,1,02/18/2023,away,16340,254,Georgia St.,9,True,2,3,-1,loss,2408010,140,2138626,2023,0.0,,,1.0
1,0.0,0.2,0.0,0,0,0,1,1,0,4,3,0,0,0,0,0,0,0,2,1,0,0,18.0,0,1,0,0,0,6,0,02/17/2023,away,16340,655,Southeastern La.,9,True,4,15,-11,loss,2390441,342,2310660,2023,0.0,,,1.0
1,1.0,3.0,0.0,2,5,3,4,2,0,18,13,0,1,0,1,0,1,0,0,0,0,0,58.0,6,1,0,0,0,1,1,02/19/2023,away,16340,7,Alabama St.,9,True,11,13,-2,loss,2391061,308,2314406,2023,0.0,,,1.0
1,1.0,2.0,0.0,10,8,7,0,2,0,15,15,0,0,0,0,0,0,0,0,0,0,0,61.0,2,1,0,1,0,1,1,02/20/2023,neutral,16340,528,Oregon St.,9,True,0,11,-11,loss,2391074,104,2827144,2023,0.0,,,1.0
1,1.0,5.2,0.0,0,3,3,3,7,0,21,15,0,0,0,0,2,2,0,0,0,0,1,94.0,6,3,1,0,0,1,1,02/17/2023,home,16340,48,Charleston So.,9,True,13,3,10,win,2390245,235,2305251,2023,0.0,,,1.0
1,1.0,5.0,0.0,1,0,0,3,6,0,19,16,0,0,0,0,0,0,0,0,0,0,0,86.0,3,6,0,0,0,1,1,02/17/2023,home,16340,742,Virginia Tech,9,True,5,2,3,win,2390260,1014,2345675,2023,0.0,,,1.0
1,0.0,3.0,0.0,4,2,2,0,3,0,13,13,0,0,0,0,1,0,0,0,0,0,0,43.0,2,2,0,0,0,3,0,02/20/2023,away,16340,676,SFA,9,True,16,5,11,win,2391081,327,2804574,2023,0.0,,,1.0
1,0.0,3.0,0.0,1,2,2,2,7,0,13,10,0,0,0,0,0,1,0,0,0,0,0,58.0,1,1,1,0,0,4,2,02/19/2023,neutral,16340,698,TCU,10,True,9,8,1,win,2391063,434,1994345,2023,0.0,,,1.0
1,0.0,1.0,0.0,0,0,0,1,1,0,3,2,0,0,0,0,0,0,0,0,0,0,0,17.0,1,0,0,0,0,4,0,02/18/2023,away,16340,254,Georgia St.,9,True,2,3,-1,loss,2408010,140,2678298,2023,0.0,,,1.0
1,1.0,5.0,0.0,2,1,1,0,7,0,17,16,0,0,0,1,0,1,0,0,0,0,0,73.0,3,4,1,0,0,1,0,02/17/2023,home,16340,493,North Dakota St.,9,True,5,3,2,win,2390255,102,2483092,2023,0.0,,,1.0
1,0.0,2.0,0.0,0,0,0,2,4,0,8,6,0,0,0,0,0,0,0,0,0,0,0,38.0,0,2,1,0,0,2,0,02/21/2023,home,16340,6,Alabama A&M,9,True,10,0,10,win,2391176,694,2479658,2023,0.0,,,1.0
1,0.0,1.0,0.0,0,0,0,0,3,0,3,3,0,0,0,0,0,0,0,0,0,0,0,14.0,0,0,0,0,0,2,1,02/17/2023,home,16340,140,Cincinnati,9,True,12,2,10,win,2390375,254,2823691,2023,0.0,,,1.0
1,0.0,1.0,0.0,3,2,1,0,1,0,5,5,0,0,0,0,0,0,0,0,0,0,0,15.0,0,1,0,1,0,4,0,02/19/2023,home,16340,140,Cincinnati,9,True,4,6,-2,loss,2390922,254,2823691,2023,0.0,,,1.0
1,0.0,2.0,0.0,2,0,0,1,4,0,9,8,0,0,0,0,0,0,0,0,0,0,0,40.0,0,2,1,0,0,3,1,02/18/2023,home,16340,639,Siena,9,True,2,1,1,win,2390792,128,2119415,2023,0.0,,,1.0
1,1.0,2.2,0.0,5,5,5,4,1,0,18,12,1,0,0,0,0,1,0,0,0,0,1,64.0,3,4,0,1,0,1,0,02/18/2023,away,16340,109,UC Irvine,9,True,4,11,-7,loss,2390680,718,2680286,2023,0.0,,,1.0
1,0.0,1.0,0.0,7,7,7,2,1,0,12,10,0,0,0,0,0,0,0,0,0,0,0,37.0,1,1,0,0,0,3,1,02/19/2023,home,16340,576,Rider,9,True,2,17,-15,loss,2390860,1092,2482367,2023,0.0,,,1.0
1,0.0,3.0,0.0,3,0,0,1,4,0,13,12,0,0,0,0,2,0,0,0,0,0,0,52.0,0,5,0,0,0,2,2,02/18/2023,home,16340,466,Nevada,9,True,5,4,1,win,2390526,2,2678273,2023,0.0,,,1.0
1,0.0,0.1,0.0,2,2,2,1,0,0,5,2,0,0,0,0,1,1,0,0,0,0,1,16.0,0,1,0,0,0,6,0,02/19/2023,home,16340,466,Nevada,9,True,7,9,-2,loss,2390845,2,2678272,2023,0.0,,,1.0
1,1.0,3.0,0.0,3,7,4,5,0,0,18,9,1,0,0,0,1,1,0,0,0,3,0,76.0,6,1,0,1,0,1,0,02/17/2023,away,16340,141,The Citadel,9,True,9,21,-12,loss,2390297,178,2508739,2023,0.0,,,1.0
1,0.0,0.2,0.0,2,0,0,0,1,0,3,3,0,0,0,0,0,0,0,1,1,0,0,6.0,0,0,1,0,0,4,0,02/18/2023,home,16340,782,Wichita St.,9,True,6,5,1,win,2390803,99,2137070,2023,0.0,,,1.0
1,0.0,2.1,0.0,3,1,1,0,1,0,11,11,1,0,0,0,0,0,0,0,0,0,0,43.0,3,3,1,0,0,2,1,02/17/2023,home,16340,361,LIU,9,True,6,3,3,win,2390377,792,2488850,2023,0.0,,,1.0
1,1.0,5.0,0.0,4,1,1,1,5,0,17,15,1,0,0,0,1,1,0,0,0,0,0,67.0,4,2,0,0,0,1,3,02/17/2023,away,16340,19651,High Point,10,True,2,6,-4,loss,2390408,81,2495197,2023,0.0,,,1.0
1,0.0,1.0,0.0,1,0,0,1,1,0,5,4,0,0,0,0,0,0,0,0,0,0,0,22.0,1,1,0,0,0,4,0,02/20/2023,away,16340,676,SFA,9,True,16,5,11,win,2391081,327,2804575,2023,0.0,,,1.0
1,0.0,1.1,0.0,0,0,0,0,2,0,4,4,0,0,0,0,0,0,0,1,0,0,0,15.0,1,1,0,0,1,3,1,02/18/2023,home,16340,748,Wagner,9,True,3,2,1,win,2390737,490,2656602,2023,0.0,,,1.0
1,0.0,3.0,0.0,2,0,0,0,3,0,11,11,0,0,0,0,0,0,0,0,0,0,0,38.0,3,2,0,0,0,2,2,02/21/2023,home,16340,248,George Mason,9,True,10,2,8,win,2391140,317,2345674,2023,0.0,,,1.0
1,0.0,1.0,0.0,0,0,0,0,2,0,3,3,0,0,0,0,0,0,0,2,0,0,0,17.0,0,1,0,0,0,3,0,02/19/2023,home,16340,606,Saint Joseph's,10,True,4,5,-1,loss,2390828,193,2126425,2023,0.0,,,1.0
1,0.0,2.0,0.0,2,1,0,0,0,0,10,10,0,0,0,0,0,0,0,0,0,0,0,35.0,3,3,0,0,0,3,0,02/18/2023,away,16340,430,Mississippi St.,9,True,14,13,1,win,2390494,741,2674886,2023,0.0,,,1.0
1,0.0,0.1,0.0,0,0,0,0,0,0,1,1,0,0,0,0,0,0,0,0,0,0,0,6.0,0,1,0,0,1,5,0,02/18/2023,home,16340,71,Bowling Green,9,True,11,9,2,win,2390760,692,2668277,2023,0.0,,,1.0
1,0.0,1.1,0.0,3,1,1,0,1,0,8,7,0,0,0,1,0,1,0,0,0,0,0,25.0,1,2,0,0,0,6,0,02/21/2023,away,16340,8,Alabama,9,True,4,7,-3,loss,2391089,692,2668277,2023,0.0,,,1.0
1,0.0,0.1,0.0,0,0,0,1,0,0,2,1,0,0,0,0,0,0,0,0,0,0,0,11.0,1,0,0,0,0,3,0,02/19/2023,neutral,16340,428,Minnesota,9,True,13,2,11,win,2391059,104,2488307,2023,0.0,,,1.0
1,0.0,2.0,0.0,3,4,0,0,2,0,10,10,0,0,0,1,0,0,0,0,0,0,0,32.0,3,1,0,1,0,3,0,02/19/2023,away,16340,328,Kansas,9,True,4,6,-2,loss,2390959,735,2319123,2023,0.0,,,1.0
1,1.0,3.0,0.0,4,5,5,3,3,0,17,12,1,0,0,3,0,1,1,0,0,0,1,66.0,1,5,0,1,0,1,1,02/19/2023,away,16340,716,Troy,9,True,10,11,-1,loss,2391015,219,2493733,2023,0.0,,,1.0
1,0.0,1.0,0.0,0,0,0,1,1,0,4,3,0,0,0,0,0,0,0,0,0,0,0,16.0,0,2,0,0,0,4,1,02/19/2023,home,16340,287,Houston Christian,9,True,10,4,6,win,2390934,536,2827838,2023,0.0,,,1.0
1,0.0,0.1,0.0,1,1,1,3,1,0,5,2,1,0,0,0,1,0,0,0,0,0,0,21.0,0,0,0,0,0,5,0,02/21/2023,home,16340,129,Central Mich.,9,True,8,14,-6,loss,2391201,536,2827838,2023,0.0,,,1.0
1,0.0,2.0,0.0,2,1,1,1,3,0,9,8,1,0,0,0,0,0,0,0,0,0,0,38.0,1,2,1,0,0,2,0,02/18/2023,home,16340,236,Fordham,9,True,19,5,14,win,2390733,1045,2807530,2023,0.0,,,1.0
1,0.0,0.2,0.0,1,0,0,0,1,0,3,3,0,0,0,0,1,0,0,2,2,0,0,10.0,0,1,0,0,0,3,0,02/19/2023,home,16340,140,Cincinnati,9,True,4,6,-2,loss,2390922,254,2653222,2023,0.0,,,1.0
1,0.0,3.0,0.0,1,0,0,1,3,0,10,9,0,0,0,0,0,0,0,0,0,0,0,36.0,2,3,0,0,0,2,1,02/19/2023,away,16340,460,UNCW,9,True,7,0,7,win,2390777,746,2486504,2023,0.0,,,1.0
1,0.0,4.1,0.0,5,1,1,1,4,0,18,17,0,0,0,1,0,0,0,0,0,0,0,76.0,7,1,0,0,0,3,0,02/18/2023,away,16340,288,Houston,9,True,5,3,2,win,2390519,107,2660039,2023,0.0,,,1.0
1,0.0,2.0,0.0,1,0,0,3,3,0,10,7,0,0,0,0,2,0,0,0,0,0,0,49.0,0,3,0,0,0,2,1,02/17/2023,home,16340,287,Houston Christian,9,True,10,0,10,win,2390482,536,2306163,2023,0.0,,,1.0
1,0.0,0.1,0.0,1,3,1,1,1,0,4,3,0,0,0,0,0,0,0,0,0,0,0,24.0,0,0,0,0,0,3,0,02/21/2023,home,16340,129,Central Mich.,9,True,8,14,-6,loss,2391201,536,2306163,2023,0.0,,,1.0
1,0.0,1.1,0.0,2,4,4,4,1,0,11,7,0,0,0,0,0,0,0,2,0,0,0,49.0,3,0,0,0,0,4,0,02/18/2023,home,16340,742,Virginia Tech,9,True,3,12,-9,loss,2390508,1014,2345728,2023,0.0,,,1.0
1,0.0,2.0,0.0,1,0,0,1,4,0,9,7,0,0,0,0,1,1,0,0,0,0,0,34.0,1,1,0,0,0,4,2,02/21/2023,home,16340,6,Alabama A&M,9,True,10,0,10,win,2391176,694,2826307,2023,0.0,,,1.0
1,1.0,3.0,0.0,5,3,3,0,4,0,14,14,2,1,0,0,0,0,0,0,0,0,0,51.0,2,3,0,0,0,1,0,02/21/2023,home,16340,109,UC Irvine,9,True,7,8,-1,loss,2391105,657,2660944,2023,0.0,,,1.0
1,0.0,1.0,0.0,1,0,0,0,2,0,4,4,1,0,0,0,0,0,0,0,0,0,0,17.0,1,0,0,0,0,4,0,02/19/2023,home,16340,454,Murray St.,9,True,17,7,10,win,2391039,2711,2456282,2023,0.0,,,1.0
1,0.0,1.0,0.0,1,0,0,0,0,0,4,4,0,0,0,0,0,0,0,0,0,0,0,15.0,1,2,0,0,0,2,0,02/17/2023,home,16340,683,Stony Brook,9,True,20,5,15,win,2390354,101,2798033,2023,0.0,,,1.0
1,0.0,0.2,0.0,0,0,0,0,2,0,2,2,0,0,0,0,0,0,0,1,0,0,0,10.0,0,0,0,0,0,7,1,02/20/2023,neutral,16340,29,Arizona,9,True,8,9,-1,loss,2391071,112,2679583,2023,0.0,,,1.0
1,0.0,3.0,0.0,3,3,2,1,4,0,13,11,2,0,0,0,0,0,0,0,0,0,1,48.0,2,2,0,0,0,2,3,02/17/2023,home,16340,5,Akron,9,True,12,14,-2,loss,2390417,769,2124622,2023,0.0,,,1.0
1,0.0,0.1,0.0,0,0,0,0,0,0,2,2,0,0,0,0,1,0,0,1,1,0,0,7.0,1,0,0,0,0,3,0,02/19/2023,home,16340,5,Akron,9,True,2,3,-1,loss,2391007,769,2124622,2023,0.0,,,1.0
1,0.0,0.1,0.0,1,0,0,0,0,0,2,2,0,0,0,0,0,0,0,0,0,0,0,5.0,1,0,0,0,0,4,0,02/17/2023,home,16340,352,Lehigh,9,True,3,5,-2,loss,2390488,61,2677035,2023,0.0,,,1.0
1,0.0,1.1,0.0,2,0,0,1,1,0,7,6,1,0,0,0,0,0,0,1,1,0,0,23.0,2,1,0,0,0,2,0,02/18/2023,home,16340,352,Lehigh,10,True,7,6,1,win,2390805,61,2677035,2023,0.0,,,1.0
1,0.0,2.1,0.0,5,2,2,0,4,0,12,11,1,0,0,0,0,0,0,2,0,1,0,43.0,1,2,0,0,0,3,0,02/19/2023,away,16340,2711,North Florida,9,True,7,17,-10,loss,2391039,454,2485569,2023,0.0,,,1.0
1,0.0,1.0,0.0,4,3,3,0,1,0,7,7,1,1,1,0,0,0,0,0,0,0,0,32.0,1,1,0,1,0,3,0,02/18/2023,home,16340,30135,California Baptist,9,True,2,5,-3,loss,2390748,522,2825424,2023,0.0,,,1.0
1,1.0,2.0,0.0,3,1,1,0,3,0,10,10,1,0,0,0,0,0,0,0,0,0,0,33.0,2,1,0,0,0,1,2,02/20/2023,home,16340,721,Air Force,9,True,8,6,2,win,2391079,522,2825424,2023,0.0,,,1.0
1,0.0,1.0,0.0,0,0,0,1,0,0,4,3,0,0,0,0,0,0,0,0,0,0,0,9.0,1,2,0,0,0,4,0,02/19/2023,away,16340,1045,DBU,9,True,1,13,-12,loss,2390918,236,2661131,2023,0.0,,,1.0
1,1.0,2.2,0.0,3,1,0,2,3,0,13,11,1,0,0,0,1,0,0,0,0,0,0,43.0,1,4,0,0,0,1,0,02/19/2023,neutral,16340,111,UC Riverside,9,True,8,6,2,win,2390888,754,2811795,2023,0.0,,,1.0
1,1.0,4.0,0.0,0,0,0,1,8,0,13,12,0,0,0,0,0,0,0,0,0,0,0,58.0,1,3,0,0,0,1,2,02/18/2023,home,16340,236,Fordham,9,True,19,5,14,win,2390733,1045,2658798,2023,0.0,,,1.0
1,0.0,3.1,0.0,5,1,1,4,5,0,19,15,0,0,0,1,0,0,0,1,0,0,0,78.0,1,4,0,0,0,2,2,02/18/2023,away,16340,404,Memphis,9,True,6,11,-5,loss,2390538,625,2328922,2023,0.0,,,1.0
1,0.0,1.1,0.0,0,0,0,0,2,0,4,4,0,0,0,0,0,0,0,2,0,0,0,16.0,1,1,1,0,0,2,0,02/17/2023,home,16340,508,Northwestern St.,9,True,3,2,1,win,2390484,646,2826105,2023,0.0,,,1.0
1,0.0,0.2,0.0,1,1,0,0,1,0,4,4,0,0,0,0,2,0,0,3,3,0,0,17.0,1,0,0,0,0,4,0,02/21/2023,home,16340,129,Central Mich.,9,True,8,14,-6,loss,2391201,536,2492983,2023,0.0,,,1.0
1,0.0,1.0,0.0,1,1,1,2,0,0,6,4,1,0,0,0,0,0,0,0,0,0,0,19.0,2,1,0,0,0,6,0,02/18/2023,home,16340,392,Maryland,9,True,1,8,-7,loss,2390734,651,2799885,2023,0.0,,,1.0
1,0.0,2.0,0.0,5,5,5,2,4,0,14,10,1,0,0,1,0,1,0,3,3,0,1,49.0,0,1,0,0,0,2,0,02/18/2023,away,16340,657,Southern California,9,True,4,17,-13,loss,2390530,386,2309913,2023,0.0,,,1.0
1,1.0,4.0,0.0,4,0,0,0,5,0,15,15,0,0,0,0,0,0,0,0,0,0,0,46.0,3,3,1,0,0,1,1,02/19/2023,away,16340,485,Norfolk St.,9,True,3,0,3,win,2420239,444,2336261,2023,0.0,,,1.0
1,0.0,0.1,0.0,1,3,3,2,0,0,4,2,1,0,0,0,0,0,0,1,0,0,0,15.0,1,0,0,1,0,2,0,02/18/2023,home,16340,742,Virginia Tech,9,True,3,12,-9,loss,2390508,1014,2821816,2023,0.0,,,1.0
1,1.0,3.1,0.0,8,8,6,2,2,0,22,20,2,1,0,1,0,0,0,0,0,0,0,71.0,2,6,0,1,0,1,0,02/17/2023,neutral,16340,419,Middle Tenn.,9,True,8,14,-6,loss,2390330,740,2471302,2023,0.0,,,1.0
1,0.0,1.0,0.0,0,0,0,0,0,0,3,3,0,0,0,0,0,0,0,0,0,0,0,15.0,1,2,0,0,0,4,0,02/19/2023,away,16340,61,Bethune-Cookman,9,True,3,4,-1,loss,2391029,352,2309948,2023,0.0,,,1.0
1,0.0,4.0,0.0,5,3,2,0,6,0,18,18,0,0,0,1,0,0,0,0,0,0,0,63.0,1,5,0,0,1,2,3,02/18/2023,neutral,16340,220,Fairfield,9,True,10,3,7,win,2390622,740,2661817,2023,0.0,,,1.0
1,1.0,3.2,0.0,6,6,6,2,2,0,20,15,1,1,0,3,0,1,0,0,0,0,1,65.0,3,5,0,1,0,1,2,02/18/2023,away,16340,670,Texas St.,9,True,5,20,-15,loss,2390775,509,2492066,2023,0.0,,,1.0
1,0.0,1.0,0.0,0,0,0,0,1,0,3,3,0,0,0,0,0,0,0,0,0,0,0,11.0,1,1,0,0,0,9,0,02/18/2023,away,16340,316,Jacksonville,16,True,10,6,4,win,2390521,331,2798295,2023,0.0,,,1.0
1,0.0,0.1,0.0,1,0,0,0,0,0,2,2,1,0,1,0,0,0,0,1,1,0,0,6.0,0,1,0,0,0,4,0,02/18/2023,neutral,16340,699,Texas Southern,9,True,4,8,-4,loss,2390587,553,2826638,2023,0.0,,,1.0
1,0.0,2.0,0.0,0,0,0,0,2,0,6,6,0,0,0,0,0,0,0,0,0,0,0,22.0,1,3,0,0,0,2,0,02/18/2023,home,16340,414,Miami (OH),9,True,5,4,1,win,2390515,255,2328945,2023,0.0,,,1.0
1,0.0,4.0,0.0,2,0,0,1,3,0,15,14,0,0,0,0,0,0,0,2,0,0,0,68.0,6,3,1,0,0,3,0,02/18/2023,away,16340,522,Oklahoma,9,True,5,2,3,win,2390748,30135,2662311,2023,0.0,,,1.0
1,0.0,1.0,0.0,1,1,1,0,0,0,4,3,0,0,0,0,0,1,0,0,0,0,0,21.0,1,1,0,0,0,3,0,02/19/2023,home,16340,248,George Mason,9,True,2,5,-3,loss,2390998,231,2310570,2023,0.0,,,1.0
1,0.0,0.1,0.0,2,2,0,1,1,0,4,3,0,0,0,0,1,0,0,2,2,0,0,17.0,0,0,0,0,0,2,0,02/17/2023,away,16340,716,Troy,9,True,7,12,-5,loss,2390462,219,1974374,2023,0.0,,,1.0
1,0.0,1.0,0.0,1,0,0,0,1,0,4,3,0,0,0,0,0,0,0,1,1,0,1,10.0,0,2,0,0,0,4,0,02/19/2023,away,16340,716,Troy,9,True,10,11,-1,loss,2391015,219,1974374,2023,0.0,,,1.0
1,1.0,5.0,0.0,6,1,1,3,5,0,24,21,0,0,0,0,1,0,0,0,0,0,0,87.0,4,5,0,1,0,1,2,02/18/2023,home,16340,202,Eastern Ky.,9,True,0,2,-2,loss,2390794,646,2826176,2023,1.0,,,1.0
1,0.0,1.0,0.0,0,0,0,0,2,0,3,3,0,0,0,0,0,0,0,0,0,0,0,13.0,1,0,0,0,1,4,2,02/17/2023,home,16340,508,Northwestern St.,9,True,3,2,1,win,2390484,646,2679725,2023,0.0,,,1.0
1,0.0,2.0,0.0,3,2,1,1,4,0,10,9,0,0,0,0,0,0,0,0,0,0,0,34.0,0,1,0,0,1,5,0,02/19/2023,home,16340,9,UAB,9,True,7,6,1,win,2391055,646,2679725,2023,0.0,,,1.0
1,0.0,1.0,0.0,0,0,0,0,1,0,3,3,0,0,0,0,0,0,0,0,0,0,0,21.0,1,1,0,0,0,4,0,02/19/2023,away,16340,235,Florida,9,True,0,8,-8,loss,2390813,48,2311493,2023,0.0,,,1.0
1,0.0,5.0,0.0,3,0,0,1,6,0,18,17,0,0,0,0,0,0,0,0,0,0,0,63.0,2,6,1,0,0,2,3,02/21/2023,away,16340,141,The Citadel,9,True,4,1,3,win,2391111,48,2311493,2023,0.0,,,1.0
1,0.0,1.1,0.0,3,2,2,0,2,0,6,6,0,0,0,1,0,0,0,2,0,0,0,22.0,1,0,0,0,0,3,2,02/20/2023,home,16340,463,Nebraska,9,True,16,16,0,tie,2391068,627,2806715,2023,0.0,,,1.0
1,0.0,1.2,0.0,3,6,4,2,1,0,12,8,1,0,0,1,0,2,0,0,0,0,0,44.0,2,1,0,1,0,4,0,02/18/2023,away,16340,692,Tennessee Tech,9,True,9,11,-2,loss,2390760,71,2346285,2023,0.0,,,1.0
1,0.0,1.2,0.0,1,0,0,0,2,0,6,6,1,0,0,0,0,0,0,0,0,0,0,24.0,1,2,0,0,1,3,0,02/17/2023,home,16340,1356,Seattle U,9,True,8,2,6,win,2390449,697,2115665,2023,0.0,,,1.0
1,0.0,0.1,0.0,3,4,4,1,1,0,6,5,0,0,0,1,0,0,0,0,0,0,0,23.0,0,0,0,1,0,3,1,02/21/2023,home,16340,346,Lamar University,9,True,4,7,-3,loss,2391187,697,2115665,2023,0.0,,,1.0
1,1.0,4.0,0.0,2,1,1,0,1,0,16,15,0,0,0,1,0,1,0,0,0,0,0,47.0,10,1,0,0,0,1,0,02/19/2023,home,16340,248,George Mason,9,True,2,5,-3,loss,2390998,231,2139370,2023,0.0,,,1.0
1,0.0,0.2,0.0,0,0,0,0,0,0,2,2,0,0,0,0,0,0,0,1,0,0,0,8.0,1,1,0,0,0,5,0,02/19/2023,home,16340,742,Virginia Tech,9,True,2,15,-13,loss,2390825,1014,2137375,2023,0.0,,,1.0
1,0.0,1.2,0.0,1,0,0,0,1,0,6,6,1,0,0,0,0,0,0,0,0,0,0,25.0,1,3,1,0,0,2,1,02/18/2023,home,16340,748,Wagner,9,True,3,2,1,win,2390737,490,2140076,2023,0.0,,,1.0
1,0.0,1.2,0.0,1,0,0,0,1,0,6,6,1,0,0,0,0,0,0,1,0,0,0,24.0,2,2,1,0,0,2,1,02/19/2023,home,16340,748,Wagner,9,True,9,0,9,win,2390990,490,2140076,2023,0.0,,,1.0
1,1.0,5.0,0.0,3,0,0,2,4,0,20,16,1,0,0,0,0,2,0,0,0,0,0,65.0,6,3,1,0,0,1,1,02/19/2023,home,16340,503,NIU,9,True,6,1,5,win,2390989,527,2673181,2023,0.0,,,1.0
1,1.0,4.2,0.0,3,2,2,1,7,0,19,16,0,0,0,1,0,1,0,0,0,0,1,81.0,3,4,0,1,0,1,1,02/17/2023,neutral,16340,29,Arizona,9,True,1,3,-2,loss,2390492,694,2464451,2023,0.0,,,1.0
1,0.0,1.0,0.0,0,0,0,1,1,0,4,3,0,0,0,0,1,0,0,0,0,0,0,19.0,1,1,0,0,0,5,1,02/19/2023,home,16340,249,George Washington,9,True,23,5,18,win,2390984,196,2660843,2023,0.0,,,1.0
1,0.0,1.1,0.0,5,3,2,0,1,0,9,9,1,0,0,0,2,0,0,0,0,0,0,24.0,2,1,0,0,0,3,0,02/17/2023,away,16340,277,Hawaii,9,True,8,3,5,win,2390486,810,2331637,2023,0.0,,,1.0
1,0.0,0.1,0.0,4,3,3,0,1,0,5,5,2,0,0,0,1,0,0,1,1,0,0,21.0,0,0,0,0,0,2,0,02/19/2023,away,16340,277,Hawaii,9,True,7,16,-9,loss,2391040,810,2331637,2023,0.0,,,1.0
1,0.0,1.2,0.0,2,2,1,0,2,0,8,5,0,0,0,0,0,1,0,2,2,1,1,27.0,1,2,0,0,0,2,0,02/18/2023,home,16340,741,VMI,9,True,13,14,-1,loss,2390494,430,2465015,2023,0.0,,,1.0
1,0.0,2.0,0.0,0,0,0,0,5,0,6,6,0,0,0,0,2,0,0,1,0,0,0,28.0,0,1,0,0,1,4,1,02/18/2023,neutral,16340,553,Prairie View,9,True,8,4,4,win,2390587,699,2829696,2023,0.0,,,1.0
