season,season_id,school_id,stats_player_seq,G,AB,H,TB,R,2B,3B,HR,RBI,BB,HBP,SF,SH,K,DP,SB,CS,Picked,IBB,OPP DP,GDP,PA,BA,OBP,SLG,OPS,BAbip,RS%,HR%,K%,BB%,K-BB%,BB/K
2023,16340,101,2306042.0,3,10,5,9,4,4,0,0,3,3,0,1,0,2,0.0,0,0,1,0,0.0,0.0,14,0.5,0.5714285714285714,1.3,1.8714285714285714,0.5555555555555556,0.5,0.0,0.14285714285714285,0.21428571428571427,-0.07142857142857142,1.5
2023,16340,101,2330285.0,3,11,5,9,5,1,0,1,3,2,0,0,1,2,0.0,1,0,0,0,0.0,0.0,14,0.45454545454545453,0.5,1.0,1.5,0.5,0.6666666666666666,0.07142857142857142,0.14285714285714285,0.14285714285714285,0.0,1.0
2023,16340,101,2516442.0,1,1,0,0,0,0,0,0,0,0,0,0,0,1,0.0,0,0,0,0,0.0,0.0,1,0.0,0.0,0.0,0.0,,,0.0,1.0,0.0,1.0,0.0
2023,16340,101,2516449.0,3,11,7,11,5,1,0,1,9,1,0,0,0,1,0.0,2,0,0,1,0.0,0.0,12,0.6363636363636364,0.6666666666666666,1.1818181818181819,1.8484848484848486,0.6666666666666666,0.5714285714285714,0.08333333333333333,0.08333333333333333,0.08333333333333333,0.0,1.0
2023,16340,101,2516483.0,1,1,0,0,0,0,0,0,0,0,0,0,0,0,0.0,0,0,0,0,0.0,0.0,1,0.0,0.0,0.0,0.0,0.0,,0.0,0.0,0.0,0.0,
2023,16340,101,2670407.0,3,11,3,4,3,1,0,0,1,4,0,0,1,1,0.0,1,0,0,0,0.0,0.0,16,0.2727272727272727,0.4375,0.45454545454545453,0.8920454545454546,0.3,0.42857142857142855,0.0,0.0625,0.25,-0.1875,4.0
2023,16340,101,2670451.0,3,11,5,9,7,1,0,1,4,2,1,0,0,1,0.0,0,0,0,0,0.0,0.0,13,0.45454545454545453,0.6153846153846154,1.0,1.6153846153846154,0.4444444444444444,0.8571428571428571,0.07692307692307693,0.07692307692307693,0.15384615384615385,-0.07692307692307693,2.0
2023,16340,101,2670453.0,3,13,6,12,6,1,1,1,5,2,0,0,0,3,0.0,1,0,0,0,0.0,0.0,15,0.46153846153846156,0.5333333333333333,1.1538461538461537,1.687179487179487,0.5555555555555556,0.7142857142857143,0.06666666666666667,0.2,0.13333333333333333,0.06666666666666668,0.6666666666666666
2023,16340,101,2670455.0,1,4,2,5,2,0,0,1,5,0,0,0,0,1,0.0,0,0,0,0,0.0,0.0,4,0.5,0.5,1.5,2.0,0.5,1.0,0.25,0.25,0.0,0.25,0.0
2023,16340,101,2670598.0,3,12,5,7,3,2,0,0,3,2,1,0,0,4,0.0,2,0,0,0,0.0,0.0,14,0.4166666666666667,0.5714285714285714,0.75,1.3214285714285714,0.625,0.375,0.0,0.2857142857142857,0.14285714285714285,0.14285714285714285,0.5
2023,16340,101,2798459.0,1,5,2,2,1,0,0,0,1,0,0,0,0,0,0.0,0,0,0,0,0.0,0.0,5,0.4,0.4,0.4,0.8,0.4,0.5,0.0,0.0,0.0,0.0,
2023,16340,101,2798462.0,1,1,0,0,0,0,0,0,0,0,0,0,0,0,0.0,0,0,0,0,0.0,0.0,1,0.0,0.0,0.0,0.0,0.0,,0.0,0.0,0.0,0.0,
2023,16340,101,2798464.0,2,3,0,0,0,0,0,0,0,0,0,0,0,1,0.0,0,0,0,0,0.0,0.0,3,0.0,0.0,0.0,0.0,0.0,,0.0,0.3333333333333333,0.0,0.3333333333333333,0.0
2023,16340,101,2798467.0,3,11,2,2,2,0,0,0,4,0,0,0,0,1,0.0,0,1,0,0,0.0,0.0,11,0.18181818181818182,0.18181818181818182,0.18181818181818182,0.36363636363636365,0.2,1.0,0.0,0.09090909090909091,0.0,0.09090909090909091,0.0
2023,16340,101,2798502.0,2,8,3,3,4,0,0,0,0,0,0,0,0,1,0.0,0,0,0,0,0.0,0.0,8,0.375,0.375,0.375,0.75,0.42857142857142855,1.3333333333333333,0.0,0.125,0.0,0.125,0.0
2023,16340,101,2798503.0,1,1,0,0,0,0,0,0,0,0,0,0,0,1,0.0,0,0,0,0,0.0,0.0,1,0.0,0.0,0.0,0.0,,,0.0,1.0,0.0,1.0,0.0
2023,16340,101,2822127.0,1,1,0,0,0,0,0,0,0,0,0,0,0,1,0.0,0,0,0,0,0.0,0.0,1,0.0,0.0,0.0,0.0,,,0.0,1.0,0.0,1.0,0.0
2023,16340,102,2121749.0,4,15,4,5,2,1,0,0,3,1,1,0,0,2,0.0,0,0,0,0,1.0,1.0,16,0.26666666666666666,0.375,0.4,0.775,0.3076923076923077,0.3333333333333333,0.0,0.125,0.0625,0.0625,0.5
2023,16340,102,2301882.0,4,13,4,6,3,2,0,0,3,4,0,0,0,5,0.0,0,0,0,0,0.0,0.0,17,0.3076923076923077,0.47058823529411764,0.6153846153846154,1.0859728506787332,0.5,0.375,0.0,0.29411764705882354,0.23529411764705882,0.05882352941176472,0.8
2023,16340,102,2304735.0,1,1,0,0,0,0,0,0,0,0,0,0,0,0,0.0,0,0,0,0,0.0,0.0,1,0.0,0.0,0.0,0.0,0.0,,0.0,0.0,0.0,0.0,
2023,16340,102,2304737.0,4,14,7,12,7,2,0,1,2,2,2,0,0,1,0.0,0,0,1,0,0.0,0.0,16,0.5,0.6875,1.0714285714285714,1.7589285714285714,0.5,0.6,0.0625,0.0625,0.125,-0.0625,2.0
2023,16340,102,2464111.0,4,15,2,3,0,1,0,0,2,1,0,0,0,0,0.0,0,0,0,0,0.0,0.0,16,0.13333333333333333,0.1875,0.26666666666666666,0.45416666666666666,0.13333333333333333,0.0,0.0,0.0,0.0625,-0.0625,
2023,16340,102,2472124.0,2,4,1,2,1,1,0,0,1,1,1,0,0,3,0.0,0,0,0,0,0.0,0.0,5,0.25,0.6,0.75,1.35,1.0,0.3333333333333333,0.0,0.6,0.2,0.39999999999999997,0.3333333333333333
2023,16340,102,2651251.0,4,10,0,0,0,0,0,0,0,0,0,0,1,3,0.0,0,0,0,0,1.0,1.0,11,0.0,0.0,0.0,0.0,0.0,,0.0,0.2727272727272727,0.0,0.2727272727272727,0.0
2023,16340,102,2651254.0,4,11,3,6,3,0,0,1,3,4,0,1,0,5,0.0,0,0,0,0,0.0,0.0,16,0.2727272727272727,0.4375,0.6363636363636364,1.0738636363636362,0.3333333333333333,0.3333333333333333,0.0625,0.3125,0.25,0.0625,0.8
2023,16340,102,2813702.0,4,10,1,2,0,1,0,0,0,2,0,0,0,5,0.0,0,0,0,0,0.0,0.0,12,0.1,0.25,0.3,0.55,0.2,0.0,0.0,0.4166666666666667,0.16666666666666666,0.25,0.4
2023,16340,102,2813703.0,1,1,0,0,0,0,0,0,0,0,0,0,0,0,0.0,0,0,0,0,0.0,0.0,1,0.0,0.0,0.0,0.0,0.0,,0.0,0.0,0.0,0.0,
2023,16340,102,2813720.0,1,1,0,0,0,0,0,0,0,0,0,0,0,1,0.0,0,0,0,0,0.0,0.0,1,0.0,0.0,0.0,0.0,,,0.0,1.0,0.0,1.0,0.0
2023,16340,102,2813722.0,1,1,0,0,0,0,0,0,0,1,0,0,0,0,0.0,0,1,0,0,0.0,0.0,2,0.0,0.5,0.0,0.5,0.0,0.0,0.0,0.0,0.5,-0.5,
2023,16340,102,2813724.0,4,15,5,7,3,2,0,0,2,0,1,1,0,2,0.0,1,0,0,0,1.0,1.0,16,0.3333333333333333,0.375,0.6,0.975,0.35714285714285715,0.5,0.0,0.125,0.0,0.125,0.0
2023,16340,102,2813726.0,2,6,1,1,1,0,0,0,1,1,0,0,0,4,0.0,1,0,0,0,0.0,0.0,7,0.16666666666666666,0.2857142857142857,0.16666666666666666,0.45238095238095233,0.5,0.5,0.0,0.5714285714285714,0.14285714285714285,0.42857142857142855,0.25
2023,16340,102,2813728.0,1,1,0,0,0,0,0,0,1,0,0,1,0,0,0.0,0,0,0,0,0.0,0.0,2,0.0,0.0,0.0,0.0,0.0,,0.0,0.0,0.0,0.0,
2023,16340,102,2813730.0,1,1,0,0,0,0,0,0,0,0,0,0,0,1,0.0,0,0,0,0,0.0,0.0,1,0.0,0.0,0.0,0.0,,,0.0,1.0,0.0,1.0,0.0
2023,16340,104,2140252.0,2,9,1,1,0,0,0,0,0,0,0,0,0,1,0.0,0,0,0,0,0.0,0.0,9,0.1111111111111111,0.1111111111111111,0.1111111111111111,0.2222222222222222,0.125,0.0,0.0,0.1111111111111111,0.0,0.1111111111111111,0.0
2023,16340,104,2488284.0,4,14,2,5,3,1,1,0,4,1,1,0,0,4,0.0,0,1,0,0,0.0,0.0,15,0.14285714285714285,0.26666666666666666,0.5,0.7666666666666666,0.2,0.75,0.0,0.26666666666666666,0.06666666666666667,0.2,0.25
2023,16340,104,2488289.0,2,8,1,1,1,0,0,0,1,1,0,0,1,3,0.0,0,0,0,0,0.0,0.0,10,0.125,0.2,0.125,0.325,0.2,0.5,0.0,0.3,0.1,0.19999999999999998,0.3333333333333333
2023,16340,104,2488294.0,4,12,3,7,2,1,0,1,4,1,0,1,0,2,0.0,0,0,0,0,0.0,0.0,14,0.25,0.2857142857142857,0.75,1.0357142857142856,0.2,0.3333333333333333,0.07142857142857142,0.14285714285714285,0.07142857142857142,0.07142857142857142,0.5
2023,16340,104,2488296.0,2,7,2,4,1,0,1,0,2,1,0,0,0,3,0.0,0,0,0,0,0.0,0.0,8,0.2857142857142857,0.375,0.7142857142857143,1.0892857142857144,0.5,0.3333333333333333,0.0,0.375,0.125,0.25,0.3333333333333333
2023,16340,104,2679356.0,1,1,0,0,0,0,0,0,0,0,0,0,0,1,0.0,0,0,0,0,0.0,0.0,1,0.0,0.0,0.0,0.0,,,0.0,1.0,0.0,1.0,0.0
2023,16340,104,2679357.0,4,19,6,9,3,1,1,0,2,0,0,0,0,0,0.0,0,0,0,0,0.0,0.0,19,0.3157894736842105,0.3157894736842105,0.5789473684210527,0.8947368421052632,0.3157894736842105,0.5,0.0,0.0,0.0,0.0,
2023,16340,104,2679358.0,1,1,0,0,0,0,0,0,0,0,0,0,0,1,0.0,0,0,0,0,0.0,0.0,1,0.0,0.0,0.0,0.0,,,0.0,1.0,0.0,1.0,0.0
2023,16340,104,2679360.0,4,14,3,4,3,1,0,0,0,3,0,0,0,5,0.0,2,0,0,0,0.0,0.0,17,0.21428571428571427,0.35294117647058826,0.35714285714285715,0.7100840336134454,0.3333333333333333,0.5,0.0,0.29411764705882354,0.17647058823529413,0.11764705882352941,0.6
2023,16340,104,2679399.0,3,10,2,2,0,0,0,0,0,0,0,0,0,2,0.0,0,0,0,0,0.0,0.0,10,0.2,0.2,0.2,0.4,0.25,0.0,0.0,0.2,0.0,0.2,0.0
2023,16340,104,2680961.0,4,15,8,13,5,2,0,1,3,3,0,0,0,4,0.0,0,0,0,1,0.0,0.0,18,0.5333333333333333,0.6111111111111112,1.0666666666666667,1.6777777777777778,0.7,0.4,0.05555555555555555,0.2222222222222222,0.16666666666666666,0.05555555555555555,0.75
2023,16340,104,2827129.0,4,13,5,7,1,0,1,0,2,2,0,0,0,2,0.0,0,0,0,0,2.0,2.0,15,0.38461538461538464,0.4666666666666667,0.6153846153846154,1.0820512820512822,0.45454545454545453,0.14285714285714285,0.0,0.13333333333333333,0.13333333333333333,0.0,1.0
2023,16340,104,2827131.0,2,6,1,4,1,0,0,1,3,0,2,0,0,1,0.0,0,0,0,0,0.0,0.0,6,0.16666666666666666,0.5,0.8333333333333334,1.3333333333333335,0.0,0.0,0.16666666666666666,0.16666666666666666,0.0,0.16666666666666666,0.0
2023,16340,104,2827139.0,2,7,2,2,1,0,0,0,1,0,0,0,0,4,0.0,0,0,0,0,0.0,0.0,7,0.2857142857142857,0.2857142857142857,0.2857142857142857,0.5714285714285714,0.6666666666666666,0.5,0.0,0.5714285714285714,0.0,0.5714285714285714,0.0
2023,16340,107,2110631.0,3,10,1,3,3,0,1,0,1,3,0,0,0,4,0.0,0,0,0,0,0.0,0.0,13,0.1,0.3076923076923077,0.4,0.7076923076923077,0.16666666666666666,0.75,0.0,0.3076923076923077,0.23076923076923078,0.07692307692307693,0.75
2023,16340,107,2119890.0,3,10,0,0,0,0,0,0,1,3,1,0,0,1,0.0,0,0,0,0,1.0,1.0,13,0.0,0.3076923076923077,0.0,0.3076923076923077,0.0,0.0,0.0,0.07692307692307693,0.23076923076923078,-0.15384615384615385,3.0
2023,16340,107,2320162.0,2,7,1,1,0,0,0,0,0,0,0,0,1,2,0.0,0,0,0,0,1.0,1.0,8,0.14285714285714285,0.125,0.14285714285714285,0.26785714285714285,0.2,0.0,0.0,0.25,0.0,0.25,0.0
2023,16340,107,2464107.0,1,2,0,0,0,0,0,0,0,0,0,0,0,0,0.0,0,0,0,0,0.0,0.0,2,0.0,0.0,0.0,0.0,0.0,,0.0,0.0,0.0,0.0,
2023,16340,107,2655210.0,3,11,1,1,2,0,0,0,0,3,0,0,0,4,0.0,0,0,0,0,0.0,0.0,14,0.09090909090909091,0.2857142857142857,0.09090909090909091,0.37662337662337664,0.14285714285714285,0.5,0.0,0.2857142857142857,0.21428571428571427,0.07142857142857142,0.75
2023,16340,107,2660055.0,3,8,2,2,1,0,0,0,1,3,0,0,0,1,0.0,0,0,0,0,0.0,0.0,11,0.25,0.45454545454545453,0.25,0.7045454545454546,0.2857142857142857,0.2,0.0,0.09090909090909091,0.2727272727272727,-0.1818181818181818,3.0
2023,16340,107,2660059.0,3,9,2,2,0,0,0,0,4,2,0,0,0,2,0.0,0,0,0,0,0.0,0.0,11,0.2222222222222222,0.36363636363636365,0.2222222222222222,0.5858585858585859,0.2857142857142857,0.0,0.0,0.18181818181818182,0.18181818181818182,0.0,1.0
2023,16340,107,2660077.0,3,14,7,12,4,2,0,1,4,1,0,0,0,3,0.0,2,0,0,0,0.0,0.0,15,0.5,0.5333333333333333,1.0714285714285714,1.6047619047619048,0.6,0.42857142857142855,0.06666666666666667,0.2,0.06666666666666667,0.13333333333333336,0.3333333333333333
2023,16340,107,2660122.0,3,11,5,8,1,3,0,0,4,2,1,0,0,3,0.0,0,0,0,0,0.0,0.0,13,0.45454545454545453,0.6153846153846154,1.0,1.6153846153846154,0.625,0.125,0.0,0.23076923076923078,0.15384615384615385,0.07692307692307693,0.6666666666666666
2023,16340,107,2660148.0,3,14,6,9,7,0,0,1,2,2,0,0,0,2,0.0,1,0,0,0,0.0,0.0,16,0.42857142857142855,0.5,0.7142857142857143,1.2142857142857144,0.45454545454545453,0.8571428571428571,0.0625,0.125,0.125,0.0,1.0
2023,16340,107,2806587.0,2,6,2,3,0,1,0,0,1,0,0,0,0,1,0.0,0,0,0,0,1.0,1.0,6,0.3333333333333333,0.3333333333333333,0.6666666666666666,1.0,0.4,0.0,0.0,0.16666666666666666,0.0,0.16666666666666666,0.0
2023,16340,107,2806725.0,1,2,0,0,0,0,0,0,0,0,0,0,0,0,0.0,0,0,0,0,0.0,0.0,2,0.0,0.0,0.0,0.0,0.0,,0.0,0.0,0.0,0.0,
2023,16340,108,2346881.0,2,6,0,0,0,0,0,0,0,0,1,0,0,1,0.0,0,0,0,0,0.0,0.0,6,0.0,0.16666666666666666,0.0,0.16666666666666666,0.0,0.0,0.0,0.16666666666666666,0.0,0.16666666666666666,0.0
2023,16340,108,2679652.0,2,2,0,0,0,0,0,0,0,0,0,0,0,0,0.0,0,0,0,0,0.0,0.0,2,0.0,0.0,0.0,0.0,0.0,,0.0,0.0,0.0,0.0,
2023,16340,108,2679654.0,4,16,5,9,5,1,0,1,2,2,0,0,0,4,0.0,0,0,0,0,0.0,0.0,18,0.3125,0.3888888888888889,0.6875,1.0763888888888888,0.36363636363636365,0.6666666666666666,0.05555555555555555,0.2222222222222222,0.1111111111111111,0.1111111111111111,0.5
2023,16340,108,2679655.0,1,3,0,0,0,0,0,0,0,0,0,0,0,2,0.0,0,0,0,0,0.0,0.0,3,0.0,0.0,0.0,0.0,0.0,,0.0,0.6666666666666666,0.0,0.6666666666666666,0.0
2023,16340,108,2679672.0,4,17,7,12,3,2,0,1,6,0,1,0,0,6,0.0,2,0,0,0,1.0,0.0,17,0.4117647058823529,0.47058823529411764,0.8823529411764706,1.3529411764705883,0.6,0.2857142857142857,0.058823529411764705,0.35294117647058826,0.0,0.35294117647058826,0.0
2023,16340,108,2679673.0,4,15,2,3,3,1,0,0,4,1,1,0,0,6,0.0,0,0,0,0,0.0,0.0,16,0.13333333333333333,0.25,0.26666666666666666,0.5166666666666666,0.2222222222222222,0.75,0.0,0.375,0.0625,0.3125,0.16666666666666666
2023,16340,108,2827450.0,2,6,3,3,1,0,0,0,1,1,0,0,0,1,0.0,1,0,0,0,0.0,0.0,7,0.5,0.5714285714285714,0.5,1.0714285714285714,0.6,0.25,0.0,0.14285714285714285,0.14285714285714285,0.0,1.0
2023,16340,108,2827453.0,4,17,5,5,3,0,0,0,2,1,0,0,0,4,0.0,2,0,0,0,0.0,0.0,18,0.29411764705882354,0.3333333333333333,0.29411764705882354,0.6274509803921569,0.38461538461538464,0.5,0.0,0.2222222222222222,0.05555555555555555,0.16666666666666666,0.25
2023,16340,108,2827454.0,3,8,1,1,2,0,0,0,0,4,0,0,1,2,0.0,0,0,0,0,0.0,0.0,13,0.125,0.38461538461538464,0.125,0.5096153846153846,0.16666666666666666,0.4,0.0,0.15384615384615385,0.3076923076923077,-0.15384615384615385,2.0
2023,16340,108,2827502.0,4,16,9,15,4,3,0,1,2,2,0,0,0,2,0.0,1,0,0,0,0.0,0.0,18,0.5625,0.6111111111111112,1.1875,1.7986111111111112,0.6153846153846154,0.3,0.05555555555555555,0.1111111111111111,0.1111111111111111,0.0,1.0
2023,16340,108,2827503.0,2,2,1,2,0,1,0,0,0,0,0,0,0,1,0.0,0,0,0,0,0.0,0.0,2,0.5,0.5,1.5,2.0,1.0,0.0,0.0,0.5,0.0,0.5,0.0
2023,16340,108,2827504.0,2,4,1,1,0,0,0,0,0,0,0,0,0,0,0.0,0,0,0,0,0.0,0.0,4,0.25,0.25,0.25,0.5,0.25,0.0,0.0,0.0,0.0,0.0,
2023,16340,108,2827505.0,3,10,2,6,4,1,0,1,4,1,1,0,0,5,0.0,0,0,0,0,0.0,0.0,11,0.2,0.36363636363636365,0.8,1.1636363636363636,0.25,1.0,0.09090909090909091,0.45454545454545453,0.09090909090909091,0.36363636363636365,0.2
2023,16340,108,2827508.0,3,13,2,2,1,0,0,0,2,1,0,0,0,4,0.0,0,0,0,0,0.0,0.0,14,0.15384615384615385,0.21428571428571427,0.15384615384615385,0.36813186813186816,0.2222222222222222,0.3333333333333333,0.0,0.2857142857142857,0.07142857142857142,0.21428571428571427,0.25
2023,16340,108,2827511.0,2,3,0,0,0,0,0,0,0,0,0,0,0,0,0.0,0,0,0,0,0.0,0.0,3,0.0,0.0,0.0,0.0,0.0,,0.0,0.0,0.0,0.0,
2023,16340,109,2305187.0,3,7,0,0,2,0,0,0,0,1,3,0,0,3,0.0,1,0,0,0,0.0,0.0,8,0.0,0.5,0.0,0.5,0.0,0.5,0.0,0.375,0.125,0.25,0.3333333333333333
2023,16340,109,2470252.0,3,10,3,6,2,0,0,1,4,3,1,0,0,1,0.0,0,1,1,0,0.0,0.0,13,0.3,0.5384615384615384,0.7,1.2384615384615385,0.25,0.16666666666666666,0.07692307692307693,0.07692307692307693,0.23076923076923078,-0.15384615384615385,3.0
2023,16340,109,2470257.0,2,5,0,0,0,0,0,0,1,0,1,1,0,1,0.0,0,0,0,0,0.0,0.0,6,0.0,0.16666666666666666,0.0,0.16666666666666666,0.0,0.0,0.0,0.16666666666666666,0.0,0.16666666666666666,0.0
2023,16340,109,2475154.0,2,4,1,1,2,0,0,0,2,2,0,2,0,0,0.0,1,0,0,0,0.0,0.0,8,0.25,0.375,0.25,0.625,0.16666666666666666,0.6666666666666666,0.0,0.0,0.25,-0.25,
2023,16340,109,2489138.0,3,12,2,4,1,0,1,0,2,0,1,1,0,5,0.0,0,0,0,0,0.0,0.0,13,0.16666666666666666,0.23076923076923078,0.4166666666666667,0.6474358974358975,0.25,0.3333333333333333,0.0,0.38461538461538464,0.0,0.38461538461538464,0.0
2023,16340,109,2651155.0,1,3,0,0,1,0,0,0,1,1,0,1,0,0,0.0,0,0,0,0,0.0,0.0,5,0.0,0.2,0.0,0.2,0.0,1.0,0.0,0.0,0.2,-0.2,
2023,16340,109,2651164.0,3,9,4,5,1,1,0,0,0,4,0,0,0,1,0.0,0,0,0,0,0.0,0.0,13,0.4444444444444444,0.6153846153846154,0.6666666666666666,1.282051282051282,0.5,0.125,0.0,0.07692307692307693,0.3076923076923077,-0.23076923076923078,4.0
2023,16340,109,2651165.0,3,9,3,3,3,0,0,0,0,4,0,0,0,1,0.0,0,0,0,0,0.0,0.0,13,0.3333333333333333,0.5384615384615384,0.3333333333333333,0.8717948717948718,0.375,0.42857142857142855,0.0,0.07692307692307693,0.3076923076923077,-0.23076923076923078,4.0
2023,16340,109,2651170.0,1,4,0,0,0,0,0,0,0,0,0,0,0,2,0.0,0,0,0,0,0.0,0.0,4,0.0,0.0,0.0,0.0,0.0,,0.0,0.5,0.0,0.5,0.0
2023,16340,109,2795358.0,3,11,4,10,3,0,3,0,3,1,0,0,0,1,0.0,1,0,0,0,0.0,0.0,12,0.36363636363636365,0.4166666666666667,1.1818181818181819,1.5984848484848486,0.4,0.6,0.0,0.08333333333333333,0.08333333333333333,0.0,1.0
2023,16340,109,2795365.0,3,13,3,4,0,1,0,0,2,1,0,0,0,2,0.0,0,0,0,0,1.0,1.0,14,0.23076923076923078,0.2857142857142857,0.38461538461538464,0.6703296703296704,0.2727272727272727,0.0,0.0,0.14285714285714285,0.07142857142857142,0.07142857142857142,0.5
2023,16340,110,2121581.0,2,3,0,0,2,0,0,0,0,2,0,0,0,3,0.0,0,0,0,0,0.0,0.0,5,0.0,0.4,0.0,0.4,,1.0,0.0,0.6,0.4,0.19999999999999996,0.6666666666666666
2023,16340,110,2306043.0,3,11,4,4,2,0,0,0,7,2,0,1,0,0,0.0,0,1,0,0,0.0,0.0,14,0.36363636363636365,0.42857142857142855,0.36363636363636365,0.7922077922077921,0.3333333333333333,0.3333333333333333,0.0,0.0,0.14285714285714285,-0.14285714285714285,
2023,16340,110,2472150.0,3,12,7,12,7,2,0,1,8,6,0,0,0,0,0.0,0,0,0,0,0.0,0.0,18,0.5833333333333334,0.7222222222222222,1.25,1.9722222222222223,0.5454545454545454,0.5,0.05555555555555555,0.0,0.3333333333333333,-0.3333333333333333,
2023,16340,110,2472154.0,2,5,2,2,4,0,0,0,2,1,2,0,0,1,0.0,0,0,0,0,0.0,0.0,6,0.4,0.8333333333333334,0.4,1.2333333333333334,0.5,0.8,0.0,0.16666666666666666,0.16666666666666666,0.0,1.0
2023,16340,110,2472155.0,2,5,3,9,3,0,0,2,6,2,1,0,0,2,0.0,0,0,0,0,0.0,0.0,7,0.6,0.8571428571428571,2.2,3.0571428571428574,1.0,0.25,0.2857142857142857,0.2857142857142857,0.2857142857142857,0.0,1.0
2023,16340,110,2472156.0,3,9,1,1,5,0,0,0,2,3,1,1,0,0,0.0,3,0,0,0,0.0,0.0,13,0.1111111111111111,0.38461538461538464,0.1111111111111111,0.49572649572649574,0.1,1.0,0.0,0.0,0.23076923076923078,-0.23076923076923078,
2023,16340,110,2667448.0,3,17,5,8,4,1,1,0,6,0,1,0,0,4,0.0,1,0,0,0,0.0,0.0,17,0.29411764705882354,0.35294117647058826,0.5882352941176471,0.9411764705882353,0.38461538461538464,0.6666666666666666,0.0,0.23529411764705882,0.0,0.23529411764705882,0.0
2023,16340,110,2673387.0,3,13,3,3,2,0,0,0,1,0,0,0,0,3,0.0,1,0,0,0,1.0,1.0,13,0.23076923076923078,0.23076923076923078,0.23076923076923078,0.46153846153846156,0.3,0.6666666666666666,0.0,0.23076923076923078,0.0,0.23076923076923078,0.0
2023,16340,110,2673426.0,3,15,4,8,5,1,0,1,5,1,2,0,0,3,0.0,1,1,0,0,0.0,0.0,16,0.26666666666666666,0.4375,0.6666666666666666,1.1041666666666665,0.2727272727272727,0.6666666666666666,0.0625,0.1875,0.0625,0.125,0.3333333333333333
2023,16340,110,2673429.0,3,11,5,9,7,1,0,1,5,5,1,0,0,3,0.0,0,0,0,0,0.0,0.0,16,0.45454545454545453,0.6875,1.0,1.6875,0.5714285714285714,0.6,0.0625,0.1875,0.3125,-0.125,1.6666666666666667
2023,16340,110,2673434.0,2,7,4,7,4,0,0,1,3,2,1,0,0,1,0.0,0,0,0,0,0.0,0.0,9,0.5714285714285714,0.7777777777777778,1.1428571428571428,1.9206349206349205,0.6,0.5,0.1111111111111111,0.1111111111111111,0.2222222222222222,-0.1111111111111111,2.0
2023,16340,110,2826111.0,2,3,1,1,0,0,0,0,0,0,0,0,0,0,0.0,0,0,0,0,0.0,0.0,3,0.3333333333333333,0.3333333333333333,0.3333333333333333,0.6666666666666666,0.3333333333333333,0.0,0.0,0.0,0.0,0.0,
2023,16340,110,2826118.0,1,1,0,0,1,0,0,0,0,0,1,0,0,1,0.0,0,0,0,0,0.0,0.0,1,0.0,1.0,0.0,1.0,,1.0,0.0,1.0,0.0,1.0,0.0
2023,16340,111,2130862.0,3,14,0,0,1,0,0,0,0,0,0,0,0,2,0.0,0,0,0,0,0.0,0.0,14,0.0,0.0,0.0,0.0,0.0,,0.0,0.14285714285714285,0.0,0.14285714285714285,0.0
2023,16340,111,2348301.0,1,3,0,0,0,0,0,0,0,0,0,0,0,0,0.0,0,0,0,0,0.0,0.0,3,0.0,0.0,0.0,0.0,0.0,,0.0,0.0,0.0,0.0,
2023,16340,111,2348321.0,1,2,0,0,0,0,0,0,0,1,0,0,0,1,0.0,0,0,0,0,0.0,0.0,3,0.0,0.3333333333333333,0.0,0.3333333333333333,0.0,0.0,0.0,0.3333333333333333,0.3333333333333333,0.0,1.0
2023,16340,111,2508294.0,3,12,9,10,1,1,0,0,2,2,0,0,0,1,0.0,1,0,0,0,0.0,0.0,14,0.75,0.7857142857142857,0.9166666666666666,1.7023809523809523,0.8181818181818182,0.09090909090909091,0.0,0.07142857142857142,0.14285714285714285,-0.07142857142857142,2.0
2023,16340,111,2508417.0,2,4,1,1,0,0,0,0,0,0,0,0,0,2,0.0,0,0,0,0,1.0,1.0,4,0.25,0.25,0.25,0.5,0.5,0.0,0.0,0.5,0.0,0.5,0.0
2023,16340,111,2513133.0,2,5,2,3,2,1,0,0,1,1,0,0,0,1,0.0,0,0,0,0,0.0,0.0,6,0.4,0.5,0.8,1.3,0.5,0.6666666666666666,0.0,0.16666666666666666,0.16666666666666666,0.0,1.0
2023,16340,111,2681298.0,3,8,2,2,4,0,0,0,0,0,0,0,1,0,0.0,1,0,0,0,0.0,0.0,9,0.25,0.2222222222222222,0.25,0.4722222222222222,0.25,2.0,0.0,0.0,0.0,0.0,
2023,16340,111,2681299.0,3,12,4,5,0,1,0,0,1,0,0,0,0,1,0.0,0,1,0,0,0.0,0.0,12,0.3333333333333333,0.3333333333333333,0.5,0.8333333333333333,0.36363636363636365,0.0,0.0,0.08333333333333333,0.0,0.08333333333333333,0.0
2023,16340,111,2681302.0,3,9,1,1,1,0,0,0,1,3,1,0,0,4,0.0,0,0,1,0,1.0,1.0,12,0.1111111111111111,0.4166666666666667,0.1111111111111111,0.5277777777777778,0.2,0.2,0.0,0.3333333333333333,0.25,0.08333333333333331,0.75
2023,16340,111,2681409.0,2,6,1,1,1,0,0,0,1,1,0,0,0,2,0.0,0,0,0,0,0.0,0.0,7,0.16666666666666666,0.2857142857142857,0.16666666666666666,0.45238095238095233,0.25,0.5,0.0,0.2857142857142857,0.14285714285714285,0.14285714285714285,0.5
2023,16340,111,2681531.0,2,4,2,3,2,1,0,0,1,0,0,0,0,2,0.0,0,0,0,0,0.0,0.0,4,0.5,0.5,1.0,1.5,1.0,1.0,0.0,0.5,0.0,0.5,0.0
2023,16340,111,2685066.0,3,3,1,1,0,0,0,0,0,1,0,0,0,2,0.0,0,0,0,0,0.0,0.0,4,0.3333333333333333,0.5,0.3333333333333333,0.8333333333333333,1.0,0.0,0.0,0.5,0.25,0.25,0.5
2023,16340,111,2828830.0,3,11,4,6,2,2,0,0,2,1,0,0,0,3,0.0,0,0,0,0,0.0,0.0,12,0.36363636363636365,0.4166666666666667,0.7272727272727273,1.143939393939394,0.5,0.4,0.0,0.25,0.08333333333333333,0.16666666666666669,0.3333333333333333
2023,16340,111,2828831.0,3,10,2,2,1,0,0,0,2,0,1,1,0,5,0.0,0,1,0,0,0.0,0.0,11,0.2,0.2727272727272727,0.2,0.4727272727272727,0.3333333333333333,0.3333333333333333,0.0,0.45454545454545453,0.0,0.45454545454545453,0.0
2023,16340,111,2829112.0,1,2,1,2,1,1,0,0,0,0,0,0,0,1,0.0,0,0,0,0,0.0,0.0,2,0.5,0.5,1.5,2.0,1.0,1.0,0.0,0.5,0.0,0.5,0.0
2023,16340,112,2112969.0,4,11,3,5,3,0,1,0,0,2,1,0,0,3,0.0,0,0,0,0,0.0,0.0,13,0.2727272727272727,0.46153846153846156,0.5454545454545454,1.006993006993007,0.375,0.5,0.0,0.23076923076923078,0.15384615384615385,0.07692307692307693,0.6666666666666666
2023,16340,112,2137742.0,3,14,5,9,2,2,1,0,4,0,0,1,0,1,0.0,0,0,0,0,0.0,0.0,15,0.35714285714285715,0.3333333333333333,0.8571428571428571,1.1904761904761905,0.35714285714285715,0.4,0.0,0.06666666666666667,0.0,0.06666666666666667,0.0
2023,16340,112,2333360.0,3,9,2,3,2,1,0,0,0,0,2,0,0,0,0.0,0,0,0,0,0.0,0.0,9,0.2222222222222222,0.4444444444444444,0.4444444444444444,0.8888888888888888,0.2222222222222222,0.5,0.0,0.0,0.0,0.0,
2023,16340,112,2490521.0,4,10,4,4,1,0,0,0,1,1,0,1,0,1,0.0,1,0,0,0,0.0,0.0,12,0.4,0.4166666666666667,0.4,0.8166666666666667,0.4,0.2,0.0,0.08333333333333333,0.08333333333333333,0.0,1.0
2023,16340,112,2490523.0,3,9,0,0,3,0,0,0,0,2,1,0,0,2,0.0,0,0,0,0,1.0,1.0,11,0.0,0.2727272727272727,0.0,0.2727272727272727,0.0,1.0,0.0,0.18181818181818182,0.18181818181818182,0.0,1.0
2023,16340,112,2490534.0,4,15,2,4,2,0,1,0,1,1,1,0,0,6,0.0,0,0,0,0,1.0,1.0,16,0.13333333333333333,0.25,0.3333333333333333,0.5833333333333333,0.2222222222222222,0.5,0.0,0.375,0.0625,0.3125,0.16666666666666666
2023,16340,112,2679579.0,2,3,2,5,1,0,0,1,4,0,0,0,0,0,0.0,0,0,0,0,0.0,0.0,3,0.6666666666666666,0.6666666666666666,2.0,2.6666666666666665,0.5,0.0,0.3333333333333333,0.0,0.0,0.0,
2023,16340,112,2679625.0,3,10,2,3,1,1,0,0,2,2,0,1,1,3,0.0,0,0,0,0,0.0,0.0,14,0.2,0.2857142857142857,0.4,0.6857142857142857,0.25,0.25,0.0,0.21428571428571427,0.14285714285714285,0.07142857142857142,0.6666666666666666
2023,16340,112,2679626.0,3,6,4,4,2,0,0,0,1,1,0,0,0,1,0.0,1,0,1,0,0.0,0.0,7,0.6666666666666666,0.7142857142857143,0.6666666666666666,1.380952380952381,0.8,0.4,0.0,0.14285714285714285,0.14285714285714285,0.0,1.0
2023,16340,112,2679627.0,4,17,4,6,2,0,1,0,1,2,0,0,0,3,0.0,0,0,0,0,0.0,0.0,19,0.23529411764705882,0.3157894736842105,0.4117647058823529,0.7275541795665634,0.2857142857142857,0.3333333333333333,0.0,0.15789473684210525,0.10526315789473684,0.05263157894736842,0.6666666666666666
2023,16340,112,2679631.0,3,7,2,2,1,0,0,0,1,0,1,0,0,2,0.0,1,0,0,0,0.0,0.0,7,0.2857142857142857,0.42857142857142855,0.2857142857142857,0.7142857142857142,0.4,0.3333333333333333,0.0,0.2857142857142857,0.0,0.2857142857142857,0.0
2023,16340,112,2679634.0,1,1,1,1,0,0,0,0,0,0,0,0,0,0,0.0,0,0,0,0,0.0,0.0,1,1.0,1.0,1.0,2.0,1.0,0.0,0.0,0.0,0.0,0.0,
2023,16340,112,2827856.0,3,10,2,2,0,0,0,0,2,0,0,0,0,3,0.0,0,0,0,0,0.0,0.0,10,0.2,0.2,0.2,0.4,0.2857142857142857,0.0,0.0,0.3,0.0,0.3,0.0
2023,16340,112,2827871.0,4,17,7,8,2,1,0,0,5,0,1,1,0,2,0.0,0,0,0,0,0.0,0.0,18,0.4117647058823529,0.4444444444444444,0.5294117647058824,0.9738562091503268,0.4375,0.25,0.0,0.1111111111111111,0.0,0.1111111111111111,0.0
2023,16340,112,2827877.0,1,1,0,0,0,0,0,0,0,0,0,0,0,1,0.0,0,0,0,0,0.0,0.0,1,0.0,0.0,0.0,0.0,,,0.0,1.0,0.0,1.0,0.0
2023,16340,112,2827880.0,2,2,0,0,0,0,0,0,0,0,0,0,0,1,0.0,0,0,0,0,0.0,0.0,2,0.0,0.0,0.0,0.0,0.0,,0.0,0.5,0.0,0.5,0.0
2023,16340,115,2310243.0,2,8,4,8,3,1,0,1,2,1,1,0,0,3,0.0,1,0,0,0,0.0,0.0,9,0.5,0.6666666666666666,1.25,1.9166666666666665,0.75,0.4,0.1111111111111111,0.3333333333333333,0.1111111111111111,0.2222222222222222,0.3333333333333333
2023,16340,115,2476420.0,2,9,3,6,2,0,0,1,2,1,0,0,0,3,0.0,0,0,0,0,0.0,0.0,10,0.3333333333333333,0.4,0.7777777777777778,1.1777777777777778,0.4,0.3333333333333333,0.1,0.3,0.1,0.19999999999999998,0.3333333333333333
2023,16340,115,2492972.0,2,6,0,0,1,0,0,0,0,1,2,0,0,1,0.0,1,0,0,0,0.0,0.0,7,0.0,0.42857142857142855,0.0,0.42857142857142855,0.0,0.3333333333333333,0.0,0.14285714285714285,0.14285714285714285,0.0,1.0
2023,16340,115,2492989.0,3,10,5,10,5,0,1,1,4,3,0,0,0,2,0.0,1,0,0,0,0.0,0.0,13,0.5,0.6153846153846154,1.2,1.8153846153846154,0.5714285714285714,0.5714285714285714,0.07692307692307693,0.15384615384615385,0.23076923076923078,-0.07692307692307693,1.5
2023,16340,115,2492997.0,3,13,2,3,0,1,0,0,2,2,0,0,0,4,0.0,0,0,0,0,0.0,0.0,15,0.15384615384615385,0.26666666666666666,0.3076923076923077,0.5743589743589743,0.2222222222222222,0.0,0.0,0.26666666666666666,0.13333333333333333,0.13333333333333333,0.5
2023,16340,115,2680003.0,1,1,0,0,0,0,0,0,0,0,0,0,0,0,0.0,0,0,0,0,0.0,0.0,1,0.0,0.0,0.0,0.0,0.0,,0.0,0.0,0.0,0.0,
2023,16340,115,2680008.0,3,10,4,4,2,0,0,0,4,5,1,0,0,3,0.0,1,0,0,0,1.0,1.0,15,0.4,0.6666666666666666,0.4,1.0666666666666667,0.5714285714285714,0.2,0.0,0.2,0.3333333333333333,-0.1333333333333333,1.6666666666666667
2023,16340,115,2680034.0,1,1,1,1,0,0,0,0,0,1,0,0,0,0,0.0,0,0,0,0,0.0,0.0,2,1.0,1.0,1.0,2.0,1.0,0.0,0.0,0.0,0.5,-0.5,
2023,16340,115,2680037.0,2,7,1,1,3,0,0,0,0,1,2,0,0,3,0.0,0,0,0,0,1.0,1.0,8,0.14285714285714285,0.5,0.14285714285714285,0.6428571428571428,0.25,0.75,0.0,0.375,0.125,0.25,0.3333333333333333
2023,16340,115,2680046.0,1,3,2,2,0,0,0,0,1,1,0,0,0,0,0.0,0,0,0,0,0.0,0.0,4,0.6666666666666666,0.75,0.6666666666666666,1.4166666666666665,0.6666666666666666,0.0,0.0,0.0,0.25,-0.25,
2023,16340,115,2827593.0,3,11,1,1,1,0,0,0,0,4,0,0,0,3,0.0,1,1,0,0,1.0,1.0,15,0.09090909090909091,0.3333333333333333,0.09090909090909091,0.4242424242424242,0.125,0.2,0.0,0.2,0.26666666666666666,-0.06666666666666665,1.3333333333333333
2023,16340,115,2827594.0,1,1,1,4,1,0,0,1,1,0,0,0,0,0,0.0,0,0,0,0,0.0,0.0,1,1.0,1.0,5.0,6.0,,,1.0,0.0,0.0,0.0,
2023,16340,115,2827637.0,3,8,4,8,3,2,1,0,4,1,4,0,0,3,0.0,1,1,0,0,0.0,0.0,9,0.5,1.0,1.375,2.375,0.8,0.3333333333333333,0.0,0.3333333333333333,0.1111111111111111,0.2222222222222222,0.3333333333333333
2023,16340,115,2827638.0,2,4,0,0,0,0,0,0,0,3,0,0,0,1,0.0,0,0,0,0,0.0,0.0,7,0.0,0.42857142857142855,0.0,0.42857142857142855,0.0,0.0,0.0,0.14285714285714285,0.42857142857142855,-0.2857142857142857,3.0
2023,16340,115,2827640.0,2,5,2,3,2,1,0,0,0,1,1,0,0,2,0.0,0,0,0,0,1.0,1.0,6,0.4,0.6666666666666666,0.8,1.4666666666666668,0.6666666666666666,0.5,0.0,0.3333333333333333,0.16666666666666666,0.16666666666666666,0.5
2023,16340,115,2827643.0,1,1,0,0,0,0,0,0,0,0,0,0,0,1,0.0,0,0,0,0,0.0,0.0,1,0.0,0.0,0.0,0.0,,,0.0,1.0,0.0,1.0,0.0
2023,16340,115,2827644.0,1,1,0,0,0,0,0,0,0,0,0,0,0,0,0.0,0,0,0,0,0.0,0.0,1,0.0,0.0,0.0,0.0,0.0,,0.0,0.0,0.0,0.0,
2023,16340,625,2493708.0,3,10,2,2,1,0,0,0,2,2,1,0,2,1,0.0,1,0,0,0,0.0,0.0,14,0.2,0.35714285714285715,0.2,0.5571428571428572,0.2222222222222222,0.2,0.0,0.07142857142857142,0.14285714285714285,-0.07142857142857142,2.0
2023,16340,625,2681198.0,3,9,2,4,3,0,1,0,2,5,0,1,0,2,0.0,0,0,0,0,0.0,0.0,15,0.2222222222222222,0.4666666666666667,0.5555555555555556,1.0222222222222221,0.25,0.42857142857142855,0.0,0.13333333333333333,0.3333333333333333,-0.19999999999999998,2.5
2023,16340,1004,2132006.0,3,10,2,5,1,0,0,1,1,2,1,0,0,2,0.0,0,0,0,0,1.0,1.0,12,0.2,0.4166666666666667,0.6,1.0166666666666666,0.14285714285714285,0.0,0.08333333333333333,0.16666666666666666,0.16666666666666666,0.0,1.0
2023,16340,1004,2140053.0,3,13,5,11,2,2,2,0,4,0,0,0,0,3,0.0,0,1,0,0,0.0,0.0,13,0.38461538461538464,0.38461538461538464,1.1538461538461537,1.5384615384615383,0.5,0.4,0.0,0.23076923076923078,0.0,0.23076923076923078,0.0
2023,16340,1004,2461846.0,1,2,0,0,0,0,0,0,0,1,0,0,0,1,0.0,0,0,0,0,0.0,0.0,3,0.0,0.3333333333333333,0.0,0.3333333333333333,0.0,0.0,0.0,0.3333333333333333,0.3333333333333333,0.0,1.0
2023,16340,1004,2472637.0,3,12,4,11,4,1,0,2,4,0,0,0,1,1,0.0,1,0,0,0,0.0,0.0,13,0.3333333333333333,0.3076923076923077,1.1666666666666667,1.4743589743589745,0.2222222222222222,1.0,0.15384615384615385,0.07692307692307693,0.0,0.07692307692307693,0.0
2023,16340,1004,2472647.0,3,10,3,3,2,0,0,0,2,2,0,0,1,1,0.0,0,0,0,0,0.0,0.0,13,0.3,0.38461538461538464,0.3,0.6846153846153846,0.3333333333333333,0.4,0.0,0.07692307692307693,0.15384615384615385,-0.07692307692307693,2.0
2023,16340,1004,2472671.0,3,11,4,6,1,2,0,0,1,0,0,0,0,3,0.0,1,0,1,0,1.0,0.0,11,0.36363636363636365,0.36363636363636365,0.7272727272727273,1.0909090909090908,0.5,0.25,0.0,0.2727272727272727,0.0,0.2727272727272727,0.0
2023,16340,1004,2662240.0,2,2,0,0,0,0,0,0,0,0,0,0,0,0,0.0,0,0,0,0,0.0,0.0,2,0.0,0.0,0.0,0.0,0.0,,0.0,0.0,0.0,0.0,
2023,16340,1004,2662243.0,3,10,4,9,4,2,0,1,2,1,0,0,0,4,0.0,0,0,0,0,0.0,0.0,11,0.4,0.45454545454545453,1.2,1.6545454545454545,0.6,0.75,0.09090909090909091,0.36363636363636365,0.09090909090909091,0.2727272727272727,0.25
2023,16340,1004,2662255.0,3,10,5,6,2,1,0,0,0,0,0,0,0,2,0.0,1,0,0,0,0.0,0.0,10,0.5,0.5,0.7,1.2,0.625,0.4,0.0,0.2,0.0,0.2,0.0
2023,16340,1004,2662265.0,2,8,2,2,1,0,0,0,0,0,0,0,0,2,0.0,0,0,0,0,0.0,0.0,8,0.25,0.25,0.25,0.5,0.3333333333333333,0.5,0.0,0.25,0.0,0.25,0.0
2023,16340,1004,2826294.0,1,3,1,2,1,1,0,0,0,0,0,0,0,1,0.0,0,0,0,0,0.0,0.0,3,0.3333333333333333,0.3333333333333333,1.0,1.3333333333333333,0.5,1.0,0.0,0.3333333333333333,0.0,0.3333333333333333,0.0
2023,16340,1004,2826310.0,2,9,2,4,0,0,1,0,2,0,0,0,0,2,0.0,0,0,0,0,0.0,0.0,9,0.2222222222222222,0.2222222222222222,0.5555555555555556,0.7777777777777778,0.2857142857142857,0.0,0.0,0.2222222222222222,0.0,0.2222222222222222,0.0
2023,16340,1004,2826311.0,1,2,1,1,0,0,0,0,1,0,1,1,0,1,0.0,0,0,0,0,0.0,0.0,3,0.5,0.6666666666666666,0.5,1.1666666666666665,0.5,0.0,0.0,0.3333333333333333,0.0,0.3333333333333333,0.0
2023,16340,1014,2139365.0,2,5,1,1,0,0,0,0,0,1,0,0,0,3,0.0,0,0,0,0,0.0,0.0,6,0.2,0.3333333333333333,0.2,0.5333333333333333,0.5,0.0,0.0,0.5,0.16666666666666666,0.33333333333333337,0.3333333333333333
2023,16340,1014,2139367.0,1,3,1,1,0,0,0,0,0,1,0,0,0,0,0.0,0,0,0,0,0.0,0.0,4,0.3333333333333333,0.5,0.3333333333333333,0.8333333333333333,0.3333333333333333,0.0,0.0,0.0,0.25,-0.25,
2023,16340,1014,2139375.0,1,1,1,2,0,1,0,0,0,0,0,0,0,0,0.0,0,0,0,0,0.0,0.0,1,1.0,1.0,3.0,4.0,1.0,0.0,0.0,0.0,0.0,0.0,
2023,16340,1014,2345670.0,3,11,3,5,1,2,0,0,1,2,0,0,0,3,0.0,0,0,0,0,0.0,0.0,13,0.2727272727272727,0.38461538461538464,0.6363636363636364,1.020979020979021,0.375,0.2,0.0,0.23076923076923078,0.15384615384615385,0.07692307692307693,0.6666666666666666
2023,16340,1014,2345723.0,3,11,1,2,1,1,0,0,1,2,0,0,0,1,0.0,0,0,0,0,0.0,0.0,13,0.09090909090909091,0.23076923076923078,0.2727272727272727,0.5034965034965035,0.1,0.3333333333333333,0.0,0.07692307692307693,0.15384615384615385,-0.07692307692307693,2.0
2023,16340,1014,2471896.0,1,1,1,1,0,0,0,0,0,0,0,0,0,0,0.0,0,0,0,0,0.0,0.0,1,1.0,1.0,1.0,2.0,1.0,0.0,0.0,0.0,0.0,0.0,
2023,16340,1014,2666515.0,3,10,2,6,1,1,0,1,5,2,0,0,0,4,0.0,0,0,0,0,1.0,1.0,12,0.2,0.3333333333333333,0.8,1.1333333333333333,0.2,0.0,0.08333333333333333,0.3333333333333333,0.16666666666666666,0.16666666666666666,0.5
2023,16340,1014,2678756.0,3,12,4,5,3,1,0,0,0,1,0,0,0,3,0.0,0,1,0,0,1.0,1.0,13,0.3333333333333333,0.38461538461538464,0.5,0.8846153846153846,0.4444444444444444,0.6,0.0,0.23076923076923078,0.07692307692307693,0.15384615384615385,0.3333333333333333
2023,16340,1014,2678771.0,3,12,2,2,0,0,0,0,1,0,0,0,0,5,0.0,0,0,0,0,0.0,0.0,12,0.16666666666666666,0.16666666666666666,0.16666666666666666,0.3333333333333333,0.2857142857142857,0.0,0.0,0.4166666666666667,0.0,0.4166666666666667,0.0
2023,16340,1014,2678772.0,3,10,2,2,2,0,0,0,1,1,1,1,0,4,0.0,0,0,0,0,0.0,0.0,12,0.2,0.3333333333333333,0.2,0.5333333333333333,0.2857142857142857,0.5,0.0,0.3333333333333333,0.08333333333333333,0.25,0.25
2023,16340,1014,2678773.0,3,9,1,1,1,0,0,0,0,3,0,0,0,5,0.0,0,0,0,0,0.0,0.0,12,0.1111111111111111,0.3333333333333333,0.1111111111111111,0.4444444444444444,0.25,0.25,0.0,0.4166666666666667,0.25,0.16666666666666669,0.6
2023,16340,1014,2678779.0,2,5,0,0,1,0,0,0,0,0,0,0,0,3,0.0,0,0,0,0,0.0,0.0,5,0.0,0.0,0.0,0.0,0.0,,0.0,0.6,0.0,0.6,0.0
2023,16340,1014,2821797.0,1,1,0,0,0,0,0,0,0,0,0,0,0,1,0.0,0,0,0,0,0.0,0.0,1,0.0,0.0,0.0,0.0,,,0.0,1.0,0.0,1.0,0.0
2023,16340,1014,2821833.0,1,1,1,1,0,0,0,0,0,0,0,0,0,0,0.0,0,0,0,0,0.0,0.0,1,1.0,1.0,1.0,2.0,1.0,0.0,0.0,0.0,0.0,0.0,
2023,16340,1014,2821835.0,2,5,1,1,0,0,0,0,0,0,0,0,0,2,0.0,0,0,0,0,0.0,0.0,5,0.2,0.2,0.2,0.4,0.3333333333333333,0.0,0.0,0.4,0.0,0.4,0.0
2023,16340,1045,2119834.0,3,9,5,6,2,1,0,0,3,1,0,0,0,0,0.0,2,0,0,0,0.0,0.0,10,0.5555555555555556,0.6,0.7777777777777778,1.3777777777777778,0.5555555555555556,0.3333333333333333,0.0,0.0,0.1,-0.1,
2023,16340,1045,2309325.0,3,12,3,5,2,2,0,0,0,1,0,0,0,1,0.0,1,0,0,0,0.0,0.0,13,0.25,0.3076923076923077,0.5833333333333334,0.8910256410256411,0.2727272727272727,0.5,0.0,0.07692307692307693,0.07692307692307693,0.0,1.0
2023,16340,1045,2346824.0,3,11,5,10,4,2,0,1,4,3,0,0,0,1,0.0,0,0,0,0,0.0,0.0,14,0.45454545454545453,0.5714285714285714,1.1818181818181819,1.7532467532467533,0.4444444444444444,0.42857142857142855,0.07142857142857142,0.07142857142857142,0.21428571428571427,-0.14285714285714285,3.0
2023,16340,1045,2471906.0,2,2,0,0,0,0,0,0,0,1,0,0,0,0,0.0,0,0,0,0,0.0,0.0,3,0.0,0.3333333333333333,0.0,0.3333333333333333,0.0,0.0,0.0,0.0,0.3333333333333333,-0.3333333333333333,
2023,16340,1045,2476094.0,2,7,1,1,1,0,0,0,2,1,1,2,0,1,0.0,2,0,0,0,0.0,0.0,10,0.14285714285714285,0.3,0.14285714285714285,0.44285714285714284,0.125,0.3333333333333333,0.0,0.1,0.1,0.0,1.0
2023,16340,1045,2658750.0,2,3,1,2,1,1,0,0,1,2,0,0,0,2,0.0,0,0,0,0,0.0,0.0,5,0.3333333333333333,0.6,1.0,1.6,1.0,0.3333333333333333,0.0,0.4,0.4,0.0,1.0
2023,16340,1045,2658796.0,3,10,3,5,4,2,0,0,3,1,1,0,0,3,0.0,2,0,0,0,0.0,0.0,11,0.3,0.45454545454545453,0.7,1.1545454545454545,0.42857142857142855,0.8,0.0,0.2727272727272727,0.09090909090909091,0.1818181818181818,0.3333333333333333
2023,16340,1045,2658797.0,3,11,3,3,3,0,0,0,1,1,0,0,0,3,0.0,1,0,0,0,0.0,0.0,12,0.2727272727272727,0.3333333333333333,0.2727272727272727,0.606060606060606,0.375,0.75,0.0,0.25,0.08333333333333333,0.16666666666666669,0.3333333333333333
2023,16340,1045,2658801.0,3,13,5,12,4,1,0,2,9,1,0,1,0,2,0.0,0,0,0,0,0.0,0.0,15,0.38461538461538464,0.4,1.1538461538461537,1.5538461538461537,0.3,0.5,0.13333333333333333,0.13333333333333333,0.06666666666666667,0.06666666666666667,0.5
2023,16340,1045,2807542.0,1,2,1,1,0,0,0,0,0,0,0,0,0,1,0.0,0,0,0,0,0.0,0.0,2,0.5,0.5,0.5,1.0,1.0,0.0,0.0,0.5,0.0,0.5,0.0
2023,16340,1045,2807555.0,2,4,4,8,6,1,0,1,3,4,0,0,0,0,0.0,0,0,0,0,0.0,0.0,8,1.0,1.0,2.5,3.5,1.0,0.7142857142857143,0.125,0.0,0.5,-0.5,
2023,16340,1045,2807575.0,2,2,0,0,0,0,0,0,0,0,0,0,0,0,0.0,0,0,0,0,0.0,0.0,2,0.0,0.0,0.0,0.0,0.0,,0.0,0.0,0.0,0.0,
2023,16340,1045,2807582.0,2,2,1,1,2,0,0,0,0,1,0,0,0,0,0.0,0,0,0,0,0.0,0.0,3,0.5,0.6666666666666666,0.5,1.1666666666666665,0.5,1.0,0.0,0.0,0.3333333333333333,-0.3333333333333333,
2023,16340,1045,2807584.0,3,11,3,9,7,0,0,2,7,3,0,0,0,2,0.0,0,0,0,0,0.0,0.0,14,0.2727272727272727,0.42857142857142855,1.0,1.4285714285714286,0.14285714285714285,1.25,0.14285714285714285,0.14285714285714285,0.21428571428571427,-0.07142857142857142,1.5
2023,16340,1068,2112171.0,3,10,1,1,0,0,0,0,1,0,1,1,0,6,0.0,0,0,0,0,0.0,0.0,11,0.1,0.18181818181818182,0.1,0.28181818181818186,0.2,0.0,0.0,0.5454545454545454,0.0,0.5454545454545454,0.0
2023,16340,1068,2303746.0,2,5,0,0,0,0,0,0,0,1,0,0,0,1,0.0,1,0,0,0,0.0,0.0,6,0.0,0.16666666666666666,0.0,0.16666666666666666,0.0,0.0,0.0,0.16666666666666666,0.16666666666666666,0.0,1.0
2023,16340,1068,2306925.0,2,5,0,0,0,0,0,0,0,0,0,0,0,2,0.0,0,0,0,0,0.0,0.0,5,0.0,0.0,0.0,0.0,0.0,,0.0,0.4,0.0,0.4,0.0
2023,16340,1068,2337799.0,2,5,1,1,0,0,0,0,0,1,0,0,0,3,0.0,0,0,0,0,0.0,0.0,6,0.2,0.3333333333333333,0.2,0.5333333333333333,0.5,0.0,0.0,0.5,0.16666666666666666,0.33333333333333337,0.3333333333333333
2023,16340,1068,2476301.0,2,5,0,0,0,0,0,0,0,1,0,0,0,2,0.0,0,0,0,0,0.0,0.0,6,0.0,0.16666666666666666,0.0,0.16666666666666666,0.0,0.0,0.0,0.3333333333333333,0.16666666666666666,0.16666666666666666,0.5
2023,16340,1068,2476305.0,1,2,0,0,0,0,0,0,0,0,0,0,0,1,0.0,0,0,0,0,0.0,0.0,2,0.0,0.0,0.0,0.0,0.0,,0.0,0.5,0.0,0.5,0.0
2023,16340,1068,2476310.0,1,1,0,0,0,0,0,0,0,0,0,0,0,1,0.0,0,0,0,0,0.0,0.0,1,0.0,0.0,0.0,0.0,,,0.0,1.0,0.0,1.0,0.0
2023,16340,1068,2476316.0,3,11,3,4,0,1,0,0,1,0,0,0,0,1,0.0,0,0,0,0,0.0,0.0,11,0.2727272727272727,0.2727272727272727,0.45454545454545453,0.7272727272727273,0.3,0.0,0.0,0.09090909090909091,0.0,0.09090909090909091,0.0
2023,16340,1068,2488949.0,1,3,1,1,0,0,0,0,0,0,0,0,0,0,0.0,0,0,0,0,0.0,0.0,3,0.3333333333333333,0.3333333333333333,0.3333333333333333,0.6666666666666666,0.3333333333333333,0.0,0.0,0.0,0.0,0.0,
2023,16340,1068,2656865.0,3,11,3,3,1,0,0,0,0,1,0,0,0,3,0.0,0,0,0,0,1.0,0.0,12,0.2727272727272727,0.3333333333333333,0.2727272727272727,0.606060606060606,0.375,0.25,0.0,0.25,0.08333333333333333,0.16666666666666669,0.3333333333333333
2023,16340,1068,2677877.0,3,12,3,4,1,1,0,0,0,0,0,0,0,2,0.0,0,0,0,0,1.0,0.0,12,0.25,0.25,0.4166666666666667,0.6666666666666667,0.3,0.3333333333333333,0.0,0.16666666666666666,0.0,0.16666666666666666,0.0
2023,16340,1068,2822956.0,2,7,0,0,0,0,0,0,0,0,0,0,0,5,0.0,0,0,0,0,0.0,0.0,7,0.0,0.0,0.0,0.0,0.0,,0.0,0.7142857142857143,0.0,0.7142857142857143,0.0
2023,16340,1068,2822959.0,3,11,2,5,1,0,0,1,1,1,0,0,0,4,0.0,1,0,0,0,0.0,0.0,12,0.18181818181818182,0.25,0.5454545454545454,0.7954545454545454,0.16666666666666666,0.0,0.08333333333333333,0.3333333333333333,0.08333333333333333,0.25,0.25
2023,16340,1068,2822962.0,1,3,0,0,0,0,0,0,0,0,0,0,0,1,0.0,0,0,0,0,0.0,0.0,3,0.0,0.0,0.0,0.0,0.0,,0.0,0.3333333333333333,0.0,0.3333333333333333,0.0
2023,16340,1092,1980595.0,4,11,0,0,2,0,0,0,0,3,1,0,0,2,0.0,0,0,0,0,2.0,2.0,14,0.0,0.2857142857142857,0.0,0.2857142857142857,0.0,0.5,0.0,0.14285714285714285,0.21428571428571427,-0.07142857142857142,1.5
2023,16340,1092,1988407.0,3,9,0,0,0,0,0,0,0,1,0,0,0,3,0.0,0,0,0,0,0.0,0.0,10,0.0,0.1,0.0,0.1,0.0,0.0,0.0,0.3,0.1,0.19999999999999998,0.3333333333333333
2023,16340,1092,2129387.0,1,1,0,0,0,0,0,0,0,0,0,0,0,1,0.0,0,0,0,0,0.0,0.0,1,0.0,0.0,0.0,0.0,,,0.0,1.0,0.0,1.0,0.0
2023,16340,1092,2138453.0,4,14,2,3,0,1,0,0,0,2,0,0,0,10,0.0,0,0,0,0,0.0,0.0,16,0.14285714285714285,0.25,0.2857142857142857,0.5357142857142857,0.5,0.0,0.0,0.625,0.125,0.5,0.2
2023,16340,1092,2138638.0,4,13,0,0,1,0,0,0,0,0,1,0,0,3,0.0,1,0,0,0,0.0,0.0,13,0.0,0.07692307692307693,0.0,0.07692307692307693,0.0,1.0,0.0,0.23076923076923078,0.0,0.23076923076923078,0.0
2023,16340,1092,2310508.0,3,9,3,5,1,2,0,0,2,1,0,0,0,3,0.0,0,0,0,0,0.0,0.0,10,0.3333333333333333,0.4,0.7777777777777778,1.1777777777777778,0.5,0.25,0.0,0.3,0.1,0.19999999999999998,0.3333333333333333
2023,16340,1092,2343959.0,2,4,0,0,0,0,0,0,0,1,0,0,0,1,0.0,0,0,0,0,1.0,1.0,5,0.0,0.2,0.0,0.2,0.0,0.0,0.0,0.2,0.2,0.0,1.0
2023,16340,1092,2482335.0,4,11,3,8,2,2,0,1,2,2,0,0,0,1,0.0,0,0,0,0,0.0,0.0,13,0.2727272727272727,0.38461538461538464,1.0,1.3846153846153846,0.2222222222222222,0.25,0.07692307692307693,0.07692307692307693,0.15384615384615385,-0.07692307692307693,2.0
2023,16340,1092,2482353.0,4,12,4,4,2,0,0,0,0,0,3,0,0,1,0.0,1,1,0,0,1.0,1.0,12,0.3333333333333333,0.5833333333333334,0.3333333333333333,0.9166666666666667,0.36363636363636365,0.2857142857142857,0.0,0.08333333333333333,0.0,0.08333333333333333,0.0
2023,16340,1092,2659511.0,4,12,5,5,1,0,0,0,3,3,1,0,0,2,0.0,1,0,0,0,1.0,1.0,15,0.4166666666666667,0.6,0.4166666666666667,1.0166666666666666,0.5,0.1111111111111111,0.0,0.13333333333333333,0.2,-0.06666666666666668,1.5
2023,16340,1092,2681195.0,3,8,1,1,0,0,0,0,0,0,0,0,0,3,0.0,0,0,0,0,0.0,0.0,8,0.125,0.125,0.125,0.25,0.2,0.0,0.0,0.375,0.0,0.375,0.0
2023,16340,1092,2685376.0,2,2,1,1,0,0,0,0,0,1,0,0,0,0,0.0,0,0,0,0,0.0,0.0,3,0.5,0.6666666666666666,0.5,1.1666666666666665,0.5,0.0,0.0,0.0,0.3333333333333333,-0.3333333333333333,
2023,16340,1092,2686908.0,2,7,0,0,0,0,0,0,1,0,0,0,0,0,0.0,0,0,0,0,0.0,0.0,7,0.0,0.0,0.0,0.0,0.0,,0.0,0.0,0.0,0.0,
2023,16340,1104,2117327.0,4,13,2,4,4,2,0,0,0,7,0,0,0,5,0.0,0,0,0,0,1.0,1.0,20,0.15384615384615385,0.45,0.46153846153846156,0.9115384615384616,0.25,0.4444444444444444,0.0,0.25,0.35,-0.09999999999999998,1.4
2023,16340,1104,2467006.0,2,7,1,1,1,0,0,0,0,0,0,0,1,3,0.0,0,0,0,0,0.0,0.0,8,0.14285714285714285,0.125,0.14285714285714285,0.26785714285714285,0.25,1.0,0.0,0.375,0.0,0.375,0.0
2023,16340,1104,2467007.0,4,18,6,7,3,1,0,0,3,0,0,0,0,6,0.0,0,1,1,0,0.0,0.0,18,0.3333333333333333,0.3333333333333333,0.4444444444444444,0.7777777777777777,0.5,0.5,0.0,0.3333333333333333,0.0,0.3333333333333333,0.0
2023,16340,1104,2467009.0,4,12,3,5,3,0,1,0,1,5,0,0,0,2,0.0,3,1,0,0,0.0,0.0,17,0.25,0.47058823529411764,0.5,0.9705882352941176,0.3,0.375,0.0,0.11764705882352941,0.29411764705882354,-0.17647058823529413,2.5
2023,16340,1104,2467013.0,4,18,5,5,3,0,0,0,1,2,0,0,0,2,0.0,0,0,0,0,1.0,1.0,20,0.2777777777777778,0.35,0.2777777777777778,0.6277777777777778,0.3125,0.42857142857142855,0.0,0.1,0.1,0.0,1.0
2023,16340,1104,2467019.0,4,15,4,8,3,0,2,0,4,1,0,0,0,1,0.0,0,0,0,1,0.0,0.0,16,0.26666666666666666,0.3125,0.6666666666666666,0.9791666666666666,0.2857142857142857,0.6,0.0,0.0625,0.0625,0.0,1.0
2023,16340,1104,2467025.0,4,12,2,3,0,1,0,0,1,1,0,1,0,2,0.0,0,0,0,0,1.0,1.0,14,0.16666666666666666,0.21428571428571427,0.3333333333333333,0.5476190476190476,0.18181818181818182,0.0,0.0,0.14285714285714285,0.07142857142857142,0.07142857142857142,0.5
2023,16340,1104,2472152.0,4,12,2,3,2,1,0,0,1,4,0,0,1,3,0.0,1,0,0,1,1.0,1.0,17,0.16666666666666666,0.35294117647058826,0.3333333333333333,0.6862745098039216,0.2222222222222222,0.3333333333333333,0.0,0.17647058823529413,0.23529411764705882,-0.05882352941176469,1.3333333333333333
2023,16340,1104,2650987.0,2,4,1,1,0,0,0,0,0,1,0,0,0,1,0.0,0,0,0,0,1.0,1.0,5,0.25,0.4,0.25,0.65,0.3333333333333333,0.0,0.0,0.2,0.2,0.0,1.0
2023,16340,1104,2651004.0,3,7,0,0,1,0,0,0,1,0,2,1,1,3,0.0,0,0,0,0,0.0,0.0,9,0.0,0.2222222222222222,0.0,0.2222222222222222,0.0,0.5,0.0,0.3333333333333333,0.0,0.3333333333333333,0.0
2023,16340,1104,2801464.0,2,6,4,6,1,2,0,0,1,1,0,0,0,0,0.0,0,0,0,0,0.0,0.0,7,0.6666666666666666,0.7142857142857143,1.3333333333333333,2.0476190476190474,0.6666666666666666,0.2,0.0,0.0,0.14285714285714285,-0.14285714285714285,
2023,16340,1104,2801466.0,2,6,2,2,0,0,0,0,3,2,0,0,0,1,0.0,0,0,0,0,0.0,0.0,8,0.3333333333333333,0.5,0.3333333333333333,0.8333333333333333,0.4,0.0,0.0,0.125,0.25,-0.125,2.0
2023,16340,10411,2137020.0,2,5,2,2,1,0,0,0,1,0,0,0,0,1,0.0,1,0,0,0,0.0,0.0,5,0.4,0.4,0.4,0.8,0.5,0.5,0.0,0.2,0.0,0.2,0.0
2023,16340,10411,2335522.0,3,6,1,2,3,1,0,0,2,2,0,1,0,3,0.0,0,0,0,0,0.0,0.0,9,0.16666666666666666,0.3333333333333333,0.5,0.8333333333333333,0.25,1.0,0.0,0.3333333333333333,0.2222222222222222,0.1111111111111111,0.6666666666666666
2023,16340,10411,2493076.0,1,1,0,0,0,0,0,0,0,0,0,0,0,1,0.0,0,0,0,0,0.0,0.0,1,0.0,0.0,0.0,0.0,,,0.0,1.0,0.0,1.0,0.0
2023,16340,10411,2493083.0,3,8,2,5,2,0,0,1,8,1,0,2,0,2,0.0,0,0,0,0,0.0,0.0,11,0.25,0.2727272727272727,0.75,1.0227272727272727,0.14285714285714285,0.5,0.09090909090909091,0.18181818181818182,0.09090909090909091,0.09090909090909091,0.5
2023,16340,10411,2493085.0,3,9,1,1,3,0,0,0,1,2,0,0,0,1,0.0,1,0,0,0,0.0,0.0,11,0.1111111111111111,0.2727272727272727,0.1111111111111111,0.3838383838383838,0.125,1.0,0.0,0.09090909090909091,0.18181818181818182,-0.09090909090909091,2.0
2023,16340,10411,2680401.0,3,9,2,2,4,0,0,0,1,3,0,0,1,3,0.0,2,0,0,0,1.0,0.0,13,0.2222222222222222,0.38461538461538464,0.2222222222222222,0.6068376068376069,0.3333333333333333,0.8,0.0,0.23076923076923078,0.23076923076923078,0.0,1.0
2023,16340,10411,2680405.0,3,3,1,1,0,0,0,0,1,0,1,0,0,0,0.0,0,0,0,0,0.0,0.0,3,0.3333333333333333,0.6666666666666666,0.3333333333333333,1.0,0.3333333333333333,0.0,0.0,0.0,0.0,0.0,
2023,16340,10411,2680406.0,3,7,3,3,5,0,0,0,2,4,0,0,0,1,0.0,0,0,0,0,0.0,0.0,11,0.42857142857142855,0.6363636363636364,0.42857142857142855,1.0649350649350648,0.5,0.7142857142857143,0.0,0.09090909090909091,0.36363636363636365,-0.2727272727272727,4.0
2023,16340,10411,2680407.0,2,7,2,2,2,0,0,0,2,1,0,0,0,1,0.0,0,0,0,0,1.0,1.0,8,0.2857142857142857,0.375,0.2857142857142857,0.6607142857142857,0.3333333333333333,0.6666666666666666,0.0,0.125,0.125,0.0,1.0
2023,16340,10411,2680408.0,1,2,0,0,0,0,0,0,0,0,0,0,0,1,0.0,0,0,0,0,0.0,0.0,2,0.0,0.0,0.0,0.0,0.0,,0.0,0.5,0.0,0.5,0.0
2023,16340,10411,2680409.0,1,4,1,1,1,0,0,0,0,0,0,0,0,1,0.0,0,0,0,0,0.0,0.0,4,0.25,0.25,0.25,0.5,0.3333333333333333,1.0,0.0,0.25,0.0,0.25,0.0
2023,16340,10411,2826470.0,3,8,3,4,4,1,0,0,2,2,1,0,0,2,0.0,0,0,0,0,1.0,1.0,10,0.375,0.6,0.625,1.225,0.5,0.6666666666666666,0.0,0.2,0.2,0.0,1.0
2023,16340,10411,2826471.0,1,1,0,0,0,0,0,0,0,0,0,0,0,0,0.0,0,0,0,0,0.0,0.0,1,0.0,0.0,0.0,0.0,0.0,,0.0,0.0,0.0,0.0,
2023,16340,10411,2826526.0,1,1,0,0,0,0,0,0,0,0,0,0,0,1,0.0,0,0,0,0,0.0,0.0,1,0.0,0.0,0.0,0.0,,,0.0,1.0,0.0,1.0,0.0
2023,16340,10411,2826534.0,2,8,0,0,0,0,0,0,0,0,0,0,0,2,0.0,0,0,0,0,0.0,0.0,8,0.0,0.0,0.0,0.0,0.0,,0.0,0.25,0.0,0.25,0.0
2023,16340,10411,2826555.0,3,8,2,3,1,1,0,0,1,2,1,0,0,2,0.0,0,0,0,0,0.0,0.0,10,0.25,0.5,0.5,1.0,0.3333333333333333,0.2,0.0,0.2,0.2,0.0,1.0
