season,season_id,school_id,stats_player_seq,App,IP,H,R,ER,BB,SO,SHO,BF,P-OAB,2B,3B,Bk,HR,WP,HB,IBB,IR,IRS,SHA,SFA,GO,FO,W,L,SV,KL,CG,pickoffs,PI,W-L%,ERA,WHIP,H9,HR9,BB9,SO9,SO/BB,RA9
2023,16340,101,2309253,1,6.0,8,5,5,3,9,0,28,25,2,0,0,0,1,0,0,0,0,0,0,7,1,1,0,0,3,0.0,0.0,95.0,1.0,7.5,1.8333333333333333,12.0,0.0,4.5,13.5,3.0,7.5
2023,16340,101,2516459,1,5.0,6,2,2,3,5,0,22,19,0,0,0,1,1,0,0,0,0,0,0,6,2,0,0,0,0,0.0,0.0,84.0,,3.6,1.8,10.799999999999999,1.8,5.3999999999999995,9.0,1.6666666666666667,3.6
2023,16340,101,2516478,1,1.0,0,0,0,0,1,0,3,3,0,0,0,0,0,0,0,0,0,0,0,2,0,0,0,0,0,0.0,0.0,11.0,,0.0,0.0,0.0,0.0,0.0,9.0,,0.0
2023,16340,101,2670471,1,1.0,0,0,0,0,1,0,3,3,0,0,0,0,0,0,0,0,0,0,0,2,0,0,0,0,0,0.0,0.0,5.0,,0.0,0.0,0.0,0.0,0.0,9.0,,0.0
2023,16340,101,2670597,1,3.0,0,0,0,0,5,0,9,9,0,0,0,0,0,0,0,0,0,0,0,3,1,1,0,0,2,0.0,0.0,40.0,1.0,0.0,0.0,0.0,0.0,0.0,15.0,,0.0
2023,16340,101,2680026,1,1.0,1,0,0,0,1,0,4,4,0,0,0,0,0,0,0,0,0,0,0,2,0,0,0,0,0,0.0,0.0,17.0,,0.0,1.0,9.0,0.0,0.0,9.0,,0.0
2023,16340,101,2798028,1,7.0,8,4,3,0,3,0,28,27,3,0,0,0,0,0,0,0,0,0,1,9,7,1,0,0,2,0.0,0.0,77.0,1.0,3.8571428571428568,1.1428571428571428,10.285714285714285,0.0,0.0,3.8571428571428568,,5.142857142857142
2023,16340,101,2798033,1,1.0,1,0,0,0,0,0,4,4,0,0,0,0,0,0,0,0,0,0,0,1,2,0,0,0,0,0.0,0.0,15.0,,0.0,1.0,9.0,0.0,0.0,0.0,,0.0
2023,16340,101,2798435,1,1.0,0,0,0,0,1,0,3,3,0,0,0,0,0,0,0,0,0,0,0,2,0,0,0,0,1,0.0,0.0,16.0,,0.0,0.0,0.0,0.0,0.0,9.0,,0.0
2023,16340,101,2798466,1,1.0,0,0,0,0,1,0,3,3,0,0,0,0,0,0,0,0,0,0,0,2,0,0,0,0,0,0.0,0.0,15.0,,0.0,0.0,0.0,0.0,0.0,9.0,,0.0
2023,16340,102,2121731,2,2.0,1,1,1,2,4,0,9,7,0,1,0,0,1,0,0,0,0,0,0,0,2,0,0,2,1,0.0,0.0,45.0,,4.5,1.5,4.5,0.0,9.0,18.0,2.0,4.5
2023,16340,102,2121750,1,3.0,2,2,2,2,3,0,14,9,1,0,0,1,0,2,0,0,0,1,0,4,1,1,0,0,1,0.0,0.0,54.0,1.0,6.0,1.3333333333333333,6.0,3.0,6.0,9.0,1.5,6.0
2023,16340,102,2304735,1,1.0,1,1,1,0,1,0,4,4,0,0,0,1,0,0,0,0,0,0,0,1,1,0,0,0,0,0.0,0.0,15.0,,9.0,1.0,9.0,9.0,0.0,9.0,,9.0
2023,16340,102,2473664,2,1.6666666666666665,4,6,6,2,3,0,11,9,0,0,0,1,0,0,0,0,0,0,0,1,1,0,0,0,0,0.0,0.0,44.0,,32.400000000000006,3.6000000000000005,21.6,5.4,10.8,16.200000000000003,1.5,32.400000000000006
2023,16340,102,2483092,1,5.0,2,1,1,0,7,0,17,16,0,0,0,1,0,1,0,0,0,0,0,3,4,1,0,0,0,0.0,0.0,73.0,1.0,1.8,0.4,3.6,1.8,0.0,12.6,,1.8
2023,16340,102,2483098,2,2.6666666666666665,0,0,0,2,1,0,10,8,0,0,0,0,0,0,0,0,0,0,0,1,6,0,0,0,0,0.0,0.0,47.0,,0.0,0.75,0.0,0.0,6.75,3.375,0.5,0.0
2023,16340,102,2483102,1,2.0,2,3,3,3,2,0,11,7,0,0,0,1,2,0,0,0,0,0,1,1,3,0,0,0,2,0.0,0.0,53.0,,13.5,2.5,9.0,4.5,13.5,9.0,0.6666666666666666,13.5
2023,16340,102,2483103,2,1.3333333333333333,2,1,1,0,1,0,6,6,2,0,0,0,0,0,0,3,3,0,0,1,2,0,0,0,0,0.0,0.0,21.0,,6.75,1.5,13.5,0.0,0.0,6.75,,6.75
2023,16340,102,2488305,1,2.0,1,1,0,2,2,0,8,6,0,0,0,0,0,0,0,0,0,0,0,2,1,0,0,0,1,0.0,0.0,36.0,,0.0,1.5,4.5,0.0,9.0,9.0,1.0,4.5
2023,16340,102,2651250,1,4.0,3,1,1,0,7,0,15,13,1,0,0,1,0,2,0,2,0,0,0,2,1,0,1,0,2,0.0,0.0,56.0,0.0,2.25,0.75,6.75,2.25,0.0,15.75,,2.25
2023,16340,102,2651255,1,5.0,5,1,1,0,1,0,19,19,0,0,0,0,2,0,0,0,0,0,0,3,10,1,0,0,0,0.0,0.0,53.0,1.0,1.8,1.0,9.0,0.0,0.0,1.8,,1.8
2023,16340,102,2651257,2,1.3333333333333333,1,2,2,1,2,0,6,5,0,0,0,1,0,0,0,1,0,0,0,2,0,0,0,0,0,0.0,0.0,24.0,,13.5,1.5,6.75,6.75,6.75,13.5,2.0,13.5
2023,16340,102,2813701,1,2.0,0,0,0,0,0,0,6,6,0,0,0,0,0,0,0,0,0,0,0,3,3,0,0,0,0,0.0,0.0,14.0,,0.0,0.0,0.0,0.0,0.0,0.0,,0.0
2023,16340,102,2813704,1,1.0,0,0,0,0,2,0,3,3,0,0,0,0,0,0,0,0,0,0,0,1,0,0,0,0,0,0.0,0.0,15.0,,0.0,0.0,0.0,0.0,0.0,18.0,,0.0
2023,16340,102,2813729,1,2.0,7,4,3,2,1,0,14,12,2,0,0,0,0,0,0,0,0,0,0,3,1,0,0,0,1,0.0,0.0,50.0,,13.5,4.5,31.5,0.0,9.0,4.5,0.5,18.0
2023,16340,104,2337844,1,2.0,3,0,0,0,2,0,9,9,0,0,0,0,0,0,0,0,0,0,0,3,1,0,0,0,0,0.0,0.0,38.0,,0.0,1.5,13.5,0.0,0.0,9.0,,0.0
2023,16340,104,2337991,1,0.3333333333333333,0,0,0,2,1,0,3,1,0,0,0,0,1,0,0,1,0,0,0,0,0,0,0,0,0,0.0,0.0,11.0,,0.0,6.0,0.0,0.0,54.0,27.0,0.5,0.0
2023,16340,104,2338002,2,1.6666666666666665,4,3,3,2,4,0,11,9,1,0,0,0,0,0,0,0,0,0,0,1,0,0,0,0,2,0.0,0.0,39.0,,16.200000000000003,3.6000000000000005,21.6,0.0,10.8,21.6,2.0,16.200000000000003
2023,16340,104,2338005,2,2.6666666666666665,2,2,2,0,5,0,10,10,0,1,0,0,0,0,0,3,0,0,0,2,1,0,0,0,1,0.0,0.0,38.0,,6.75,0.75,6.75,0.0,0.0,16.875,,6.75
2023,16340,104,2488286,1,0.3333333333333333,2,2,2,1,0,0,5,3,1,0,0,0,0,1,0,0,0,0,0,0,1,0,0,0,0,0.0,0.0,20.0,,54.0,9.0,54.0,0.0,27.0,0.0,0.0,54.0
2023,16340,104,2488300,2,2.333333333333333,0,0,0,0,3,0,7,7,0,0,0,0,0,0,0,0,0,0,0,3,1,0,0,0,1,0.0,0.0,26.0,,0.0,0.0,0.0,0.0,0.0,11.571428571428573,,0.0
2023,16340,104,2488307,1,0.3333333333333333,0,0,0,1,0,0,2,1,0,0,0,0,0,0,0,0,0,0,0,1,0,0,0,0,0,0.0,0.0,11.0,,0.0,3.0,0.0,0.0,27.0,0.0,0.0,0.0
2023,16340,104,2679361,1,6.0,4,3,3,3,10,0,23,20,0,1,0,0,1,0,0,0,0,0,0,2,4,0,1,0,4,0.0,0.0,87.0,0.0,4.5,1.1666666666666667,6.0,0.0,4.5,15.0,3.3333333333333335,4.5
2023,16340,104,2679363,2,2.6666666666666665,0,0,0,2,4,0,10,8,0,0,0,0,1,0,0,1,0,0,0,1,3,2,0,0,1,0.0,0.0,47.0,1.0,0.0,0.75,0.0,0.0,6.75,13.5,2.0,0.0
2023,16340,104,2679401,1,1.3333333333333333,0,0,0,1,2,0,5,4,0,0,0,0,0,0,0,0,0,0,0,1,1,0,0,0,1,0.0,0.0,20.0,,0.0,0.75,0.0,0.0,6.75,13.5,2.0,0.0
2023,16340,104,2679403,1,5.0,5,2,2,0,8,0,19,18,2,0,0,0,0,0,0,0,0,0,1,3,3,0,0,0,1,0.0,1.0,87.0,,3.6,1.0,9.0,0.0,0.0,14.4,,3.6
2023,16340,104,2827130,1,0.6666666666666666,1,0,0,0,1,0,3,3,0,1,0,0,0,0,0,0,0,0,0,0,1,0,0,0,0,0.0,0.0,19.0,,0.0,1.5,13.5,0.0,0.0,13.5,,0.0
2023,16340,104,2827132,2,4.0,3,1,1,4,4,0,18,13,0,0,0,1,0,1,0,0,0,0,0,3,3,0,0,1,1,0.0,0.0,74.0,,2.25,1.75,6.75,2.25,9.0,9.0,1.0,2.25
2023,16340,104,2827136,1,3.0,3,2,2,6,2,0,18,12,0,0,0,1,1,0,0,0,0,0,0,6,1,0,0,0,0,0.0,0.0,72.0,,6.0,3.0,9.0,3.0,18.0,6.0,0.3333333333333333,6.0
2023,16340,104,2827144,1,2.0,10,8,7,0,2,0,15,15,0,0,0,0,0,0,0,0,0,0,0,2,1,0,1,0,1,0.0,0.0,61.0,0.0,31.5,5.0,45.0,0.0,0.0,9.0,,36.0
2023,16340,107,2131087,1,1.0,1,0,0,0,2,0,3,3,0,0,0,0,0,0,0,1,0,0,0,0,0,1,0,0,1,0.0,0.0,14.0,1.0,0.0,1.0,9.0,0.0,0.0,18.0,,0.0
2023,16340,107,2132275,1,0.3333333333333333,0,0,0,0,0,0,1,1,0,0,0,0,0,0,0,1,0,0,0,0,1,0,0,1,0,0.0,0.0,3.0,,0.0,0.0,0.0,0.0,0.0,0.0,,0.0
2023,16340,107,2464109,1,1.0,0,0,0,3,0,0,5,2,0,0,0,0,0,0,0,0,0,0,0,1,1,0,0,0,0,0.0,0.0,28.0,,0.0,3.0,0.0,0.0,27.0,0.0,0.0,0.0
2023,16340,107,2660033,2,2.333333333333333,2,2,2,1,4,0,10,9,1,0,0,0,1,0,0,1,0,0,0,2,1,0,0,0,2,0.0,0.0,43.0,,7.714285714285715,1.2857142857142858,7.714285714285715,0.0,3.8571428571428577,15.42857142857143,4.0,7.714285714285715
2023,16340,107,2660039,1,4.333333333333333,5,1,1,1,4,0,18,17,0,0,0,1,0,0,0,0,0,0,0,7,1,0,0,0,0,0.0,0.0,76.0,,2.076923076923077,1.3846153846153848,10.384615384615385,2.076923076923077,2.076923076923077,8.307692307692308,4.0,2.076923076923077
2023,16340,107,2660059,1,3.6666666666666665,4,4,3,1,1,0,18,16,2,0,0,0,0,0,0,0,0,1,0,5,5,0,0,0,0,0.0,0.0,60.0,,7.363636363636364,1.3636363636363638,9.81818181818182,0.0,2.454545454545455,2.454545454545455,1.0,9.81818181818182
2023,16340,107,2660069,1,1.0,2,2,2,1,1,0,6,4,0,0,0,0,0,0,0,0,0,0,1,0,2,0,1,0,0,0.0,0.0,23.0,0.0,18.0,3.0,18.0,0.0,9.0,9.0,1.0,18.0
2023,16340,107,2660125,1,3.0,4,2,2,2,3,0,14,10,1,0,0,0,0,0,0,0,0,1,1,1,4,0,0,0,0,0.0,0.0,58.0,,6.0,2.0,12.0,0.0,6.0,9.0,1.5,6.0
2023,16340,107,2660131,1,8.0,3,0,0,1,7,0,28,27,0,0,0,0,0,0,0,0,0,0,0,7,10,1,0,0,0,0.0,0.0,103.0,1.0,0.0,0.5,3.375,0.0,1.125,7.875,7.0,0.0
2023,16340,107,2806752,2,1.3333333333333333,2,0,0,0,3,0,6,6,0,0,0,0,0,0,0,1,1,0,0,1,0,0,0,0,0,0.0,0.0,25.0,,0.0,1.5,13.5,0.0,0.0,20.25,,0.0
2023,16340,109,1984833,1,2.3333333333333335,2,1,1,1,4,0,10,8,1,0,0,0,2,0,0,3,1,0,1,1,2,1,0,0,2,0.0,0.0,42.0,1.0,3.8571428571428568,1.2857142857142856,7.7142857142857135,0.0,3.8571428571428568,15.428571428571427,4.0,3.8571428571428568
2023,16340,109,2305186,2,2.333333333333333,1,0,0,0,4,0,8,8,0,0,0,0,0,0,0,0,0,0,0,2,1,0,0,2,1,0.0,0.0,30.0,,0.0,0.4285714285714286,3.8571428571428577,0.0,0.0,15.42857142857143,,0.0
2023,16340,109,2305194,2,2.333333333333333,1,0,0,1,3,0,8,7,0,0,0,0,0,0,0,2,0,0,0,1,2,0,0,0,2,0.0,0.0,37.0,,0.0,0.8571428571428572,3.8571428571428577,0.0,3.8571428571428577,11.571428571428573,3.0,0.0
2023,16340,109,2470254,2,3.333333333333333,2,0,0,0,5,0,12,12,0,0,0,0,0,0,0,0,0,0,0,4,1,0,0,1,0,0.0,0.0,51.0,,0.0,0.6000000000000001,5.4,0.0,0.0,13.500000000000002,,0.0
2023,16340,109,2470258,2,1.6666666666666665,1,0,0,1,5,0,8,6,0,0,0,0,0,1,0,2,1,0,0,0,0,0,0,0,1,0.0,0.0,30.0,,0.0,1.2000000000000002,5.4,0.0,5.4,27.000000000000004,5.0,0.0
2023,16340,109,2651167,1,2.3333333333333335,0,2,2,4,5,0,11,7,0,0,0,0,0,0,0,0,0,0,0,0,2,0,0,0,0,0.0,0.0,49.0,,7.7142857142857135,1.7142857142857142,0.0,0.0,15.428571428571427,19.285714285714285,1.25,7.7142857142857135
2023,16340,109,2651168,1,4.333333333333333,5,0,0,1,5,0,19,18,0,0,0,0,0,0,0,0,0,0,0,3,5,1,0,0,1,0.0,0.0,71.0,1.0,0.0,1.3846153846153848,10.384615384615385,0.0,2.076923076923077,10.384615384615385,5.0,0.0
2023,16340,109,2651172,1,5.666666666666667,2,0,0,1,5,0,22,20,1,0,0,0,0,1,0,0,0,0,0,8,4,1,0,0,2,0.0,0.0,90.0,1.0,0.0,0.5294117647058824,3.176470588235294,0.0,1.588235294117647,7.9411764705882355,5.0,0.0
2023,16340,109,2795377,1,1.0,0,0,0,0,3,0,3,3,0,0,0,0,0,0,0,0,0,0,0,0,0,0,0,0,2,0.0,0.0,12.0,,0.0,0.0,0.0,0.0,0.0,27.0,,0.0
2023,16340,109,2795381,1,1.6666666666666665,3,1,1,0,2,0,9,8,1,0,0,0,0,1,0,1,0,0,0,0,3,0,0,0,1,0.0,0.0,27.0,,5.4,1.8000000000000003,16.200000000000003,0.0,0.0,10.8,,5.4
2023,16340,110,2306045,1,0.3333333333333333,1,0,0,0,1,0,2,2,0,0,0,0,0,0,0,0,0,0,0,0,0,0,0,0,1,0.0,0.0,10.0,,0.0,3.0,27.0,0.0,0.0,27.0,,0.0
2023,16340,110,2306059,2,2.0,3,1,1,0,5,0,9,9,0,0,0,1,0,0,0,0,0,0,0,1,0,0,0,0,2,0.0,0.0,28.0,,4.5,1.5,13.5,4.5,0.0,22.5,,4.5
2023,16340,110,2306061,1,1.0,0,0,0,0,1,0,3,3,0,0,0,0,0,0,0,0,0,0,0,1,1,0,0,0,0,0.0,0.0,11.0,,0.0,0.0,0.0,0.0,0.0,9.0,,0.0
2023,16340,110,2472148,2,1.6666666666666665,0,0,0,0,1,0,5,5,0,0,0,0,0,0,0,0,0,0,0,3,1,0,0,0,0,0.0,0.0,22.0,,0.0,0.0,0.0,0.0,0.0,5.4,,0.0
2023,16340,110,2472157,1,5.0,6,1,1,1,8,0,22,20,1,0,0,0,0,1,0,0,0,0,0,2,4,1,0,0,2,0.0,0.0,86.0,1.0,1.8,1.4,10.799999999999999,0.0,1.8,14.4,8.0,1.8
2023,16340,110,2673390,1,5.0,3,0,0,1,6,0,19,18,0,0,0,0,1,0,0,0,0,0,0,5,4,1,0,0,2,0.0,0.0,71.0,1.0,0.0,0.8,5.3999999999999995,0.0,1.8,10.799999999999999,6.0,0.0
2023,16340,110,2673392,1,1.0,0,0,0,0,2,0,3,3,0,0,0,0,0,0,0,0,0,0,0,0,1,0,0,0,1,0.0,0.0,19.0,,0.0,0.0,0.0,0.0,0.0,18.0,,0.0
2023,16340,110,2673439,1,6.0,4,0,0,0,10,0,22,22,2,0,0,0,0,0,0,0,0,0,0,2,6,1,0,0,1,0.0,0.0,91.0,1.0,0.0,0.6666666666666666,6.0,0.0,0.0,15.0,,0.0
2023,16340,110,2673442,1,1.0,0,0,0,0,1,0,3,3,0,0,0,0,0,0,0,0,0,0,0,1,1,0,0,0,0,0.0,0.0,9.0,,0.0,0.0,0.0,0.0,0.0,9.0,,0.0
2023,16340,110,2826113,1,1.0,1,0,0,0,3,0,4,4,0,0,0,0,0,0,0,0,0,0,0,0,0,0,0,0,2,0.0,0.0,13.0,,0.0,1.0,9.0,0.0,0.0,27.0,,0.0
2023,16340,110,2826117,2,2.0,0,0,0,1,4,0,7,6,0,0,0,0,0,0,0,0,0,0,0,1,0,0,0,0,2,0.0,0.0,37.0,,0.0,0.5,0.0,0.0,4.5,18.0,4.0,0.0
2023,16340,110,2826182,1,1.0,2,0,0,0,1,0,5,5,0,0,0,0,0,0,0,0,0,0,0,0,2,0,0,0,0,0.0,0.0,15.0,,0.0,2.0,18.0,0.0,0.0,9.0,,0.0
2023,16340,111,2116630,1,1.0,3,3,3,1,0,0,7,6,1,1,0,1,0,0,0,0,0,0,0,2,1,0,0,0,0,0.0,0.0,25.0,,27.0,4.0,27.0,9.0,9.0,0.0,0.0,27.0
2023,16340,111,2124983,1,1.0,2,3,1,1,0,0,6,4,1,0,0,0,0,0,0,0,0,0,1,1,2,0,0,0,0,0.0,0.0,26.0,,9.0,3.0,18.0,0.0,9.0,0.0,0.0,27.0
2023,16340,111,2508313,1,2.0,6,5,5,1,0,0,13,11,2,1,0,1,0,1,0,0,0,0,0,4,1,0,0,0,0,0.0,0.0,42.0,,22.5,3.5,27.0,4.5,4.5,0.0,0.0,22.5
2023,16340,111,2680031,1,3.3333333333333335,0,1,1,1,3,0,12,10,0,0,0,0,0,1,0,0,0,0,0,5,2,0,1,0,0,0.0,0.0,50.0,0.0,2.6999999999999997,0.3,0.0,0.0,2.6999999999999997,8.1,3.0,2.6999999999999997
2023,16340,111,2681301,1,2.3333333333333335,0,0,0,0,2,0,7,7,0,0,0,0,0,0,0,0,0,0,0,3,2,0,0,0,2,0.0,0.0,27.0,,0.0,0.0,0.0,0.0,0.0,7.7142857142857135,,0.0
2023,16340,111,2681534,1,2.0,3,4,4,1,2,0,12,9,0,0,0,2,0,2,0,0,0,0,0,2,2,0,0,0,1,0.0,0.0,37.0,,18.0,2.0,13.5,9.0,4.5,9.0,2.0,18.0
2023,16340,111,2681741,1,2.0,2,3,3,4,4,0,13,8,2,0,0,0,0,1,0,0,0,0,0,0,2,0,1,0,2,0.0,0.0,60.0,0.0,13.5,3.0,9.0,0.0,18.0,18.0,1.0,13.5
2023,16340,111,2829073,1,1.0,3,4,4,2,1,0,7,5,0,0,0,1,1,0,0,0,0,0,0,0,1,0,0,0,0,0.0,0.0,23.0,,36.0,5.0,27.0,9.0,18.0,9.0,0.5,36.0
2023,16340,111,2829112,1,0.3333333333333333,3,2,2,2,0,0,6,4,0,0,0,0,0,0,0,0,0,0,0,0,1,0,0,0,0,0.0,0.0,20.0,,54.0,15.0,81.0,0.0,54.0,0.0,0.0,54.0
2023,16340,111,2829113,1,1.0,0,0,0,0,0,0,3,3,0,0,0,0,0,0,0,0,0,0,0,1,2,0,0,0,0,0.0,0.0,9.0,,0.0,0.0,0.0,0.0,0.0,0.0,,0.0
2023,16340,112,2112950,1,3.0,2,0,0,1,4,0,10,9,0,0,0,0,0,0,0,0,0,0,0,3,0,0,0,0,2,0.0,0.0,39.0,,0.0,1.0,6.0,0.0,3.0,12.0,4.0,0.0
2023,16340,112,2333364,1,2.0,6,3,2,0,1,0,12,12,1,1,0,0,0,0,0,0,0,0,0,4,0,0,0,0,1,0.0,0.0,27.0,,9.0,3.0,27.0,0.0,0.0,4.5,,13.5
2023,16340,112,2334915,1,3.0,6,5,5,1,3,0,16,15,0,0,0,2,2,0,0,0,0,0,0,4,2,0,0,0,1,0.0,0.0,72.0,,15.0,2.3333333333333335,18.0,6.0,3.0,9.0,3.0,15.0
2023,16340,112,2348592,1,0.6666666666666666,2,1,1,1,1,0,5,4,1,0,0,0,0,0,1,2,2,0,0,1,0,0,0,0,0,0.0,0.0,12.0,,13.5,4.5,27.0,0.0,13.5,13.5,1.0,13.5
2023,16340,112,2490520,2,1.6666666666666665,2,1,1,1,0,0,9,6,0,0,0,0,0,1,0,3,3,0,1,2,3,0,1,0,0,0.0,0.0,34.0,0.0,5.4,1.8000000000000003,10.8,0.0,5.4,0.0,0.0,5.4
2023,16340,112,2490524,1,3.6666666666666665,4,3,3,1,4,0,16,15,1,0,0,0,0,0,0,2,1,0,0,4,3,0,0,0,1,0.0,0.0,69.0,,7.363636363636364,1.3636363636363638,9.81818181818182,0.0,2.454545454545455,9.81818181818182,4.0,7.363636363636364
2023,16340,112,2679581,1,2.3333333333333335,5,6,5,4,0,0,16,10,0,1,0,0,0,1,0,0,0,1,0,3,3,0,1,0,0,0.0,1.0,62.0,0.0,19.285714285714285,3.8571428571428568,19.285714285714285,0.0,15.428571428571427,0.0,0.0,23.14285714285714
2023,16340,112,2679583,1,0.6666666666666666,0,0,0,0,2,0,2,2,0,0,0,0,0,0,0,1,0,0,0,0,0,0,0,0,1,0.0,0.0,10.0,,0.0,0.0,0.0,0.0,0.0,27.0,,0.0
2023,16340,112,2679628,1,1.3333333333333333,4,3,3,0,2,0,8,8,2,0,0,0,0,0,0,0,0,0,0,0,2,0,0,0,2,0.0,0.0,31.0,,20.25,3.0,27.0,0.0,0.0,13.5,,20.25
2023,16340,112,2827874,1,5.0,2,0,0,0,6,0,17,17,0,0,0,0,0,0,0,0,0,0,0,4,5,0,0,0,0,0.0,0.0,68.0,,0.0,0.4,3.6,0.0,0.0,10.799999999999999,,0.0
2023,16340,112,2827875,1,1.0,2,2,1,0,1,0,6,5,0,1,0,0,0,1,0,0,0,0,0,1,1,0,1,0,0,0.0,0.0,18.0,0.0,9.0,2.0,18.0,0.0,0.0,9.0,,18.0
2023,16340,112,2827878,2,1.3333333333333333,2,3,3,1,0,0,8,6,0,0,0,1,0,1,0,1,1,0,0,1,3,0,0,0,0,0.0,0.0,22.0,,20.25,2.25,13.5,6.75,6.75,0.0,0.0,20.25
2023,16340,112,2827879,1,0.3333333333333333,0,1,1,1,0,0,2,1,0,0,0,0,0,0,0,0,0,0,0,0,1,0,0,0,0,0.0,0.0,10.0,,27.0,3.0,0.0,0.0,27.0,0.0,0.0,27.0
2023,16340,115,2139461,1,1.0,2,1,1,0,2,0,5,5,1,0,0,0,1,0,0,0,0,0,0,1,0,0,0,0,0,0.0,0.0,26.0,,9.0,2.0,18.0,0.0,0.0,18.0,,9.0
2023,16340,115,2492969,1,1.6666666666666665,2,5,5,6,2,0,12,6,0,0,0,1,0,0,0,0,0,0,0,1,1,0,1,0,0,0.0,0.0,51.0,0.0,27.000000000000004,4.800000000000001,10.8,5.4,32.400000000000006,10.8,0.3333333333333333,27.000000000000004
2023,16340,115,2492974,1,3.0,1,0,0,0,2,0,10,10,0,0,0,0,2,0,0,0,0,0,0,5,2,0,0,0,0,0.0,0.0,29.0,,0.0,0.3333333333333333,3.0,0.0,0.0,6.0,,0.0
2023,16340,115,2492976,1,5.0,5,2,2,3,8,0,23,20,1,0,0,0,1,0,0,0,0,0,0,1,6,1,0,0,1,0.0,0.0,93.0,1.0,3.6,1.6,9.0,0.0,5.3999999999999995,14.4,2.6666666666666665,3.6
2023,16340,115,2501516,1,1.0,0,0,0,0,1,0,3,3,0,0,0,0,0,0,0,0,0,0,0,0,2,0,0,0,0,0.0,0.0,10.0,,0.0,0.0,0.0,0.0,0.0,9.0,,0.0
2023,16340,115,2680010,1,1.0,0,0,0,0,0,0,3,3,0,0,0,0,0,0,0,0,0,0,0,1,2,0,0,0,0,0.0,0.0,13.0,,0.0,0.0,0.0,0.0,0.0,0.0,,0.0
2023,16340,115,2680047,1,1.0,3,3,3,0,0,0,7,6,1,0,0,0,0,1,0,3,3,0,0,3,0,0,0,0,0,0.0,0.0,23.0,,27.0,3.0,27.0,0.0,0.0,0.0,,27.0
2023,16340,115,2827639,1,5.0,1,0,0,3,5,0,19,16,0,0,0,0,1,0,0,0,0,0,0,7,3,1,0,0,2,0.0,0.0,88.0,1.0,0.0,0.8,1.8,0.0,5.3999999999999995,9.0,1.6666666666666667,0.0
2023,16340,115,2827641,1,2.0,2,2,2,1,2,0,9,8,1,0,0,0,1,0,0,0,0,0,0,2,2,0,0,0,0,0.0,0.0,24.0,,9.0,1.5,9.0,0.0,4.5,9.0,2.0,9.0
2023,16340,115,2827645,1,5.333333333333333,4,5,3,1,6,0,22,19,2,0,0,0,1,0,0,2,0,1,1,5,5,0,0,0,0,0.0,0.0,81.0,,5.0625,0.9375,6.75,0.0,1.6875,10.125,6.0,8.4375
2023,16340,115,2827646,1,1.0,0,0,0,0,3,0,4,3,0,0,0,0,0,1,0,0,0,0,0,0,0,0,0,0,0,0.0,0.0,16.0,,0.0,0.0,0.0,0.0,0.0,27.0,,0.0
2023,16340,625,2328922,1,3.3333333333333335,5,1,1,4,5,0,19,15,0,0,0,1,0,0,0,1,0,0,0,1,4,0,0,0,2,0.0,0.0,78.0,,2.6999999999999997,2.6999999999999997,13.5,2.6999999999999997,10.799999999999999,13.5,1.25,2.6999999999999997
2023,16340,625,2493706,1,3.0,1,0,0,4,5,0,14,9,1,0,0,0,0,0,2,0,0,1,0,2,2,1,0,0,0,0.0,0.0,50.0,1.0,0.0,1.6666666666666667,3.0,0.0,12.0,15.0,1.25,0.0
2023,16340,625,2493715,1,2.0,3,2,2,1,1,0,11,10,2,0,0,0,0,0,0,2,0,0,0,1,4,0,0,0,1,0.0,0.0,35.0,,9.0,2.0,13.5,0.0,4.5,4.5,1.0,9.0
2023,16340,625,2683299,1,4.0,5,6,6,1,6,0,19,18,2,0,0,2,1,0,0,0,0,0,0,6,1,0,0,0,1,0.0,0.0,73.0,,13.5,1.5,11.25,4.5,2.25,13.5,6.0,13.5
2023,16340,625,2689351,1,1.0,2,1,1,1,0,0,6,5,1,0,0,1,0,0,1,0,0,0,0,2,1,0,0,0,0,0.0,0.0,18.0,,9.0,3.0,18.0,9.0,9.0,0.0,0.0,9.0
2023,16340,625,2826210,1,1.0,1,0,0,0,1,0,4,4,0,1,0,0,0,0,0,0,0,0,0,1,1,0,0,0,1,0.0,0.0,11.0,,0.0,1.0,9.0,0.0,0.0,9.0,,0.0
2023,16340,625,2826215,1,1.3333333333333333,4,5,5,2,2,0,10,8,1,0,0,1,0,0,0,0,0,0,0,0,2,0,1,0,0,0.0,0.0,34.0,0.0,33.75,4.5,27.0,6.75,13.5,13.5,1.0,33.75
2023,16340,625,2826218,2,2.6666666666666665,4,5,4,3,2,0,17,13,1,0,0,0,1,0,0,1,1,1,0,3,3,0,1,1,2,0.0,0.0,53.0,0.0,13.5,2.625,13.5,0.0,10.125,6.75,0.6666666666666666,16.875
2023,16340,786,2112889,1,2.6666666666666665,3,1,1,0,4,0,12,11,1,0,0,1,0,1,0,0,0,0,0,1,3,0,0,0,1,0.0,0.0,40.0,,3.375,1.125,10.125,3.375,0.0,13.5,,3.375
2023,16340,786,2112910,1,3.0,1,0,0,1,6,0,11,10,1,0,0,0,0,0,0,0,0,0,0,2,1,0,0,0,1,0.0,0.0,49.0,,0.0,0.6666666666666666,3.0,0.0,3.0,18.0,6.0,0.0
2023,16340,786,2113555,1,3.3333333333333335,1,0,0,1,6,0,12,11,0,0,0,0,0,0,0,1,0,0,0,2,2,1,0,0,0,0.0,0.0,44.0,1.0,0.0,0.6,2.6999999999999997,0.0,2.6999999999999997,16.2,6.0,0.0
2023,16340,786,2142162,1,1.3333333333333333,1,1,1,2,1,0,8,4,0,0,0,0,1,1,0,0,0,1,0,1,2,0,1,0,0,0.0,0.0,37.0,0.0,6.75,2.25,6.75,0.0,13.5,6.75,0.5,6.75
2023,16340,786,2307741,1,2.0,3,3,1,2,3,0,12,9,0,0,0,0,0,0,0,0,0,0,1,3,1,0,0,0,0,0.0,0.0,49.0,,4.5,2.5,13.5,0.0,9.0,13.5,1.5,13.5
2023,16340,786,2490689,1,2.0,3,4,4,5,2,0,16,9,0,0,0,0,0,2,0,0,0,0,0,3,1,0,1,0,1,0.0,0.0,58.0,0.0,18.0,4.0,13.5,0.0,22.5,9.0,0.4,18.0
2023,16340,786,2672808,1,4.0,1,1,0,1,4,0,14,13,0,0,0,0,1,0,0,0,0,0,0,4,3,0,0,0,2,0.0,1.0,52.0,,0.0,0.5,2.25,0.0,2.25,9.0,4.0,2.25
2023,16340,786,2672828,1,3.0,2,1,0,1,4,0,13,11,1,0,0,0,1,1,0,0,0,0,0,2,3,0,0,0,2,0.0,0.0,58.0,,0.0,1.0,6.0,0.0,3.0,12.0,4.0,3.0
2023,16340,786,2672834,1,2.0,6,4,3,1,4,0,14,13,0,0,0,1,0,0,0,0,0,0,0,1,1,0,0,0,1,0.0,0.0,53.0,,13.5,3.5,27.0,4.5,4.5,18.0,4.0,18.0
2023,16340,786,2806745,1,3.0,2,1,1,2,5,0,13,11,0,0,0,0,0,0,0,0,0,0,0,3,1,0,0,0,1,0.0,0.0,50.0,,3.0,1.3333333333333333,6.0,0.0,6.0,15.0,2.5,3.0
2023,16340,792,2122211,2,1.6666666666666665,1,2,1,0,2,0,7,7,0,0,0,1,0,0,0,1,0,0,0,4,0,0,0,1,0,0.0,0.0,19.0,,5.4,0.6000000000000001,5.4,5.4,0.0,10.8,,10.8
2023,16340,792,2666564,1,2.0,2,3,3,1,2,0,9,8,0,0,0,0,0,0,0,0,0,0,0,0,4,0,0,0,1,0.0,0.0,34.0,,13.5,1.5,9.0,0.0,4.5,9.0,2.0,13.5
2023,16340,1004,2132005,1,2.0,0,0,0,3,5,0,10,7,0,0,0,0,0,0,0,0,0,0,0,0,1,0,0,0,1,0.0,0.0,53.0,,0.0,1.5,0.0,0.0,13.5,22.5,1.6666666666666667,0.0
2023,16340,1004,2140089,1,1.0,0,0,0,0,0,0,3,3,0,0,0,0,0,0,0,0,0,0,0,1,2,0,0,0,0,0.0,0.0,6.0,,0.0,0.0,0.0,0.0,0.0,0.0,,0.0
2023,16340,1004,2344568,1,5.666666666666667,3,0,0,2,9,0,22,20,0,0,0,0,0,0,0,0,0,0,0,0,8,1,0,0,1,0.0,0.0,90.0,1.0,0.0,0.8823529411764706,4.764705882352941,0.0,3.176470588235294,14.294117647058822,4.5,0.0
2023,16340,1004,2472634,1,3.6666666666666665,5,4,3,3,4,0,19,16,3,0,0,0,0,0,0,0,0,0,0,2,5,0,1,0,2,0.0,0.0,89.0,0.0,7.363636363636364,2.181818181818182,12.272727272727273,0.0,7.363636363636364,9.81818181818182,1.3333333333333333,9.81818181818182
2023,16340,1004,2472661,1,3.3333333333333335,0,0,0,0,2,0,11,11,0,0,0,0,0,0,0,2,0,0,0,3,5,0,0,1,0,0.0,0.0,54.0,,0.0,0.0,0.0,0.0,0.0,5.3999999999999995,,0.0
2023,16340,1004,2662264,1,1.6666666666666665,3,5,1,2,1,0,11,9,0,0,0,0,0,0,0,0,0,0,0,2,2,0,0,0,0,0.0,0.0,43.0,,5.4,3.0000000000000004,16.200000000000003,0.0,10.8,5.4,0.5,27.000000000000004
2023,16340,1004,2662265,1,6.0,1,2,2,3,3,0,22,18,1,0,0,0,1,1,0,0,0,0,0,6,8,1,0,0,2,0.0,0.0,79.0,1.0,3.0,0.6666666666666666,1.5,0.0,4.5,4.5,1.0,3.0
2023,16340,1004,2662266,1,2.3333333333333335,3,0,0,0,4,0,11,10,2,0,0,0,0,1,0,2,2,0,0,1,2,0,0,0,2,0.0,0.0,45.0,,0.0,1.2857142857142856,11.57142857142857,0.0,0.0,15.428571428571427,,0.0
2023,16340,1004,2826315,2,1.3333333333333333,3,4,3,2,1,0,11,7,1,0,1,0,0,2,0,4,4,0,0,2,0,0,0,0,0,0.0,0.0,38.0,,20.25,3.75,20.25,0.0,13.5,6.75,0.5,27.0
2023,16340,1014,2137375,1,0.6666666666666666,0,0,0,0,0,0,2,2,0,0,0,0,0,0,0,1,0,0,0,1,1,0,0,0,0,0.0,0.0,8.0,,0.0,0.0,0.0,0.0,0.0,0.0,,0.0
2023,16340,1014,2345675,1,5.0,1,0,0,3,6,0,19,16,0,0,0,0,0,0,0,0,0,0,0,3,6,0,0,0,1,0.0,0.0,86.0,,0.0,0.8,1.8,0.0,5.3999999999999995,10.799999999999999,2.0,0.0
2023,16340,1014,2345677,1,5.666666666666667,5,3,1,2,3,0,23,21,0,1,0,0,0,0,0,0,0,0,0,8,4,0,0,0,1,0.0,1.0,95.0,,1.588235294117647,1.2352941176470587,7.9411764705882355,0.0,3.176470588235294,4.764705882352941,1.5,4.764705882352941
2023,16340,1014,2345728,1,1.3333333333333333,2,4,4,4,1,0,11,7,0,0,0,0,0,0,0,2,0,0,0,3,0,0,0,0,0,0.0,0.0,49.0,,27.0,4.5,13.5,0.0,27.0,6.75,0.25,27.0
2023,16340,1014,2471887,1,2.0,0,0,0,0,4,0,6,6,0,0,0,0,0,0,0,0,0,0,0,1,1,0,0,1,1,0.0,0.0,29.0,,0.0,0.0,0.0,0.0,0.0,18.0,,0.0
2023,16340,1014,2471891,1,1.0,0,0,0,0,0,0,3,3,0,0,0,0,0,0,0,1,0,0,0,2,1,0,0,0,0,0.0,0.0,9.0,,0.0,0.0,0.0,0.0,0.0,0.0,,0.0
2023,16340,1014,2471900,1,1.3333333333333333,1,0,0,0,1,0,4,4,0,0,0,0,0,0,0,2,0,0,0,1,1,0,0,0,0,0.0,0.0,14.0,,0.0,0.75,6.75,0.0,0.0,6.75,,0.0
2023,16340,1014,2654564,1,3.0,5,6,4,0,4,0,17,14,3,0,0,1,0,1,0,0,0,0,2,0,4,0,1,0,1,0.0,0.0,70.0,0.0,12.0,1.6666666666666667,15.0,3.0,0.0,12.0,,18.0
2023,16340,1014,2658960,1,0.3333333333333333,3,2,2,1,0,0,5,4,1,0,0,0,0,0,0,3,3,0,0,0,1,0,0,0,0,0.0,0.0,24.0,,54.0,12.0,81.0,0.0,27.0,0.0,0.0,54.0
2023,16340,1014,2678773,1,2.3333333333333335,3,4,1,1,2,0,12,11,0,0,0,2,0,0,0,0,0,0,0,1,4,0,0,0,2,0.0,0.0,29.0,,3.8571428571428568,1.7142857142857142,11.57142857142857,7.7142857142857135,3.8571428571428568,7.7142857142857135,2.0,15.428571428571427
2023,16340,1014,2821806,1,2.0,2,5,2,2,2,0,13,9,1,0,0,0,1,2,0,0,0,0,0,1,3,0,0,0,0,0.0,0.0,50.0,,9.0,2.0,9.0,0.0,9.0,9.0,1.0,22.5
2023,16340,1014,2821810,1,2.0,2,2,2,2,2,0,10,8,1,0,0,0,1,0,0,0,0,0,0,2,2,1,0,0,0,0.0,0.0,39.0,1.0,9.0,2.0,9.0,0.0,9.0,9.0,1.0,9.0
2023,16340,1014,2821816,1,0.3333333333333333,1,3,3,2,0,0,4,2,1,0,0,0,0,0,0,1,0,0,0,1,0,0,1,0,0,0.0,0.0,15.0,0.0,81.0,9.0,27.0,0.0,54.0,0.0,0.0,81.0
2023,16340,1045,2128473,1,1.0,3,1,1,0,1,0,6,6,1,0,0,0,0,0,0,0,0,0,0,0,2,0,0,0,0,0.0,0.0,19.0,,9.0,3.0,27.0,0.0,0.0,9.0,,9.0
2023,16340,1045,2334680,1,5.0,1,0,0,0,12,0,17,16,1,0,0,0,0,1,0,0,0,0,0,1,2,1,0,0,2,0.0,0.0,79.0,1.0,0.0,0.2,1.8,0.0,0.0,21.599999999999998,,0.0
2023,16340,1045,2471927,1,1.0,2,0,0,1,2,0,6,5,0,0,0,0,0,0,0,0,0,0,0,0,1,0,0,0,0,0.0,0.0,16.0,,0.0,3.0,18.0,0.0,9.0,18.0,2.0,0.0
2023,16340,1045,2476056,1,5.0,1,0,0,3,5,0,19,16,0,0,0,0,0,0,0,0,0,0,0,4,6,1,0,0,1,0.0,0.0,79.0,1.0,0.0,0.8,1.8,0.0,5.3999999999999995,9.0,1.6666666666666667,0.0
2023,16340,1045,2658752,1,1.0,4,4,4,0,0,0,8,6,1,0,0,0,0,1,0,0,0,0,1,2,1,0,0,0,0,0.0,0.0,28.0,,36.0,4.0,36.0,0.0,0.0,0.0,,36.0
2023,16340,1045,2658798,1,4.0,0,0,0,1,8,0,13,12,0,0,0,0,0,0,0,0,0,0,0,1,3,0,0,0,2,0.0,0.0,58.0,,0.0,0.25,0.0,0.0,2.25,18.0,8.0,0.0
2023,16340,1045,2658799,1,1.0,0,0,0,0,0,0,3,3,0,0,0,0,0,0,0,0,0,0,0,0,3,0,0,0,0,0.0,0.0,12.0,,0.0,0.0,0.0,0.0,0.0,0.0,,0.0
2023,16340,1045,2658800,1,2.0,1,0,0,1,4,0,8,7,0,0,0,0,0,0,0,0,0,0,0,0,2,0,0,0,1,0.0,0.0,37.0,,0.0,1.0,4.5,0.0,4.5,18.0,4.0,0.0
2023,16340,1045,2658803,1,1.0,0,0,0,0,0,0,3,3,0,0,0,0,0,0,0,0,0,0,0,1,2,0,0,0,0,0.0,0.0,8.0,,0.0,0.0,0.0,0.0,0.0,0.0,,0.0
2023,16340,1045,2807516,1,1.0,1,0,0,0,1,0,3,3,0,0,0,0,0,0,0,0,0,0,0,1,0,0,0,0,0,0.0,0.0,13.0,,0.0,1.0,9.0,0.0,0.0,9.0,,0.0
2023,16340,1045,2807530,1,2.0,2,1,1,1,3,0,9,8,1,0,0,0,0,0,0,0,0,0,0,1,2,1,0,0,0,0.0,0.0,38.0,1.0,4.5,1.5,9.0,0.0,4.5,13.5,3.0,4.5
2023,16340,1045,2807592,1,1.0,0,0,0,0,1,0,3,3,0,0,0,0,0,0,0,0,0,0,0,1,1,0,0,0,1,0.0,0.0,10.0,,0.0,0.0,0.0,0.0,0.0,9.0,,0.0
2023,16340,1068,2120203,1,1.3333333333333333,0,0,0,0,0,0,4,4,0,0,0,0,0,0,0,1,0,0,0,3,1,0,0,0,0,0.0,0.0,12.0,,0.0,0.0,0.0,0.0,0.0,0.0,,0.0
2023,16340,1068,2306938,1,2.3333333333333335,1,0,0,2,5,0,11,7,0,0,0,0,1,2,0,2,2,0,0,1,0,0,0,0,1,0.0,0.0,52.0,,0.0,1.2857142857142856,3.8571428571428568,0.0,7.7142857142857135,19.285714285714285,2.5,0.0
2023,16340,1068,2306945,1,2.0,0,0,0,0,0,0,7,6,0,0,0,0,0,0,0,1,0,1,0,3,3,0,0,0,0,0.0,0.0,19.0,,0.0,0.0,0.0,0.0,0.0,0.0,,0.0
2023,16340,1068,2476302,1,2.0,3,1,0,0,1,0,10,9,1,0,0,0,0,1,0,0,0,0,0,4,1,0,0,0,0,0.0,0.0,29.0,,0.0,1.5,13.5,0.0,0.0,4.5,,4.5
2023,16340,1068,2476306,1,1.0,0,0,0,0,3,0,3,3,0,0,0,0,0,0,0,0,0,0,0,0,0,0,0,1,1,0.0,0.0,15.0,,0.0,0.0,0.0,0.0,0.0,27.0,,0.0
2023,16340,1068,2677880,1,6.0,4,0,0,2,3,0,21,18,0,0,0,0,0,1,0,0,0,0,0,6,5,1,0,0,2,0.0,1.0,79.0,1.0,0.0,1.0,6.0,0.0,3.0,4.5,1.5,0.0
2023,16340,1068,2677885,1,2.0,4,2,2,0,2,0,9,8,0,0,0,1,0,0,0,0,0,1,0,3,0,0,0,0,0,0.0,0.0,24.0,,9.0,2.0,18.0,4.5,0.0,9.0,,9.0
2023,16340,1068,2677887,1,1.0,1,0,0,0,0,0,4,4,0,0,0,0,0,0,0,0,0,0,0,1,2,0,0,0,0,0.0,0.0,10.0,,0.0,1.0,9.0,0.0,0.0,0.0,,0.0
2023,16340,1068,2822958,1,0.6666666666666666,2,2,2,0,0,0,5,3,0,0,0,0,0,1,0,0,0,1,0,2,0,0,0,0,0,0.0,0.0,17.0,,27.0,3.0,27.0,0.0,0.0,0.0,,27.0
2023,16340,1068,2822960,1,4.666666666666667,4,3,2,1,7,0,20,17,2,0,0,0,0,0,0,0,0,2,0,5,2,0,1,0,0,0.0,0.0,78.0,0.0,3.8571428571428568,1.0714285714285714,7.7142857142857135,0.0,1.9285714285714284,13.5,7.0,5.785714285714285
2023,16340,1068,2822962,1,4.0,3,1,1,3,6,0,18,14,0,0,1,0,0,1,0,0,0,0,0,3,2,0,1,0,2,0.0,0.0,69.0,0.0,2.25,1.5,6.75,0.0,6.75,13.5,2.0,2.25
2023,16340,1092,1973584,2,4.0,1,0,0,1,5,0,15,12,0,0,0,0,1,1,0,3,2,0,1,5,2,1,0,0,2,0.0,0.0,51.0,1.0,0.0,0.5,2.25,0.0,2.25,11.25,5.0,0.0
2023,16340,1092,1976653,1,1.0,0,0,0,0,0,0,3,3,0,0,0,0,0,0,0,0,0,0,0,2,1,0,0,0,0,0.0,0.0,8.0,,0.0,0.0,0.0,0.0,0.0,0.0,,0.0
2023,16340,1092,2120682,2,1.6666666666666665,3,1,1,2,0,0,11,8,0,0,0,1,0,1,0,0,0,0,0,2,3,0,0,0,0,0.0,0.0,32.0,,5.4,3.0000000000000004,16.200000000000003,5.4,10.8,0.0,0.0,5.4
2023,16340,1092,2124248,1,1.0,0,0,0,1,1,0,4,3,0,0,0,0,0,0,0,0,0,0,0,2,0,0,0,1,0,0.0,0.0,18.0,,0.0,1.0,0.0,0.0,9.0,9.0,1.0,0.0
2023,16340,1092,2138638,1,2.3333333333333335,5,5,5,2,3,0,15,12,1,0,0,1,0,1,0,0,0,0,0,0,4,0,1,0,1,0.0,0.0,45.0,0.0,19.285714285714285,3.0,19.285714285714285,3.8571428571428568,7.7142857142857135,11.57142857142857,1.5,19.285714285714285
2023,16340,1092,2308041,1,0.3333333333333333,4,4,4,0,0,0,5,5,2,0,0,0,0,0,0,0,0,0,0,0,1,0,0,0,0,0.0,0.0,20.0,,108.0,12.0,108.0,0.0,0.0,0.0,,108.0
2023,16340,1092,2478086,1,5.0,4,1,1,1,6,0,20,19,0,0,0,0,0,0,0,0,0,0,0,6,3,0,0,0,0,0.0,0.0,82.0,,1.8,1.0,7.2,0.0,1.8,10.799999999999999,6.0,1.8
2023,16340,1092,2482350,1,0.6666666666666666,1,0,0,0,0,0,2,2,0,0,0,0,0,0,0,2,2,0,0,1,0,0,0,0,0,0.0,0.0,3.0,,0.0,1.5,13.5,0.0,0.0,0.0,,0.0
2023,16340,1092,2482367,1,1.0,7,7,7,2,1,0,12,10,0,0,0,0,0,0,0,0,0,0,0,1,1,0,0,0,1,0.0,0.0,37.0,,63.0,9.0,63.0,0.0,18.0,9.0,0.5,63.0
2023,16340,1092,2681478,2,1.0,0,0,0,1,2,0,4,3,0,0,0,0,0,0,0,4,0,0,0,1,0,0,0,0,1,0.0,0.0,17.0,,0.0,1.0,0.0,0.0,9.0,18.0,2.0,0.0
2023,16340,1104,2128507,1,1.3333333333333333,1,0,0,2,1,0,7,5,0,0,0,0,0,0,0,1,0,0,0,2,1,0,0,0,0,0.0,0.0,34.0,,0.0,2.25,6.75,0.0,13.5,6.75,0.5,0.0
2023,16340,1104,2301724,1,1.0,3,3,1,0,2,0,7,6,1,0,0,0,0,0,0,0,0,0,1,0,1,0,0,0,0,0.0,0.0,27.0,,9.0,3.0,27.0,0.0,0.0,18.0,,27.0
2023,16340,1104,2307308,2,2.333333333333333,2,0,0,1,2,0,10,9,1,0,0,0,0,0,0,2,0,0,0,2,3,0,0,0,1,0.0,0.0,42.0,,0.0,1.2857142857142858,7.714285714285715,0.0,3.8571428571428577,7.714285714285715,2.0,0.0
2023,16340,1104,2467005,2,3.0,3,0,0,1,2,0,12,11,0,0,0,0,0,0,0,3,2,0,0,2,4,0,0,0,0,0.0,0.0,44.0,,0.0,1.3333333333333333,9.0,0.0,3.0,6.0,2.0,0.0
2023,16340,1104,2467008,1,2.6666666666666665,6,6,5,2,4,0,17,14,2,0,1,1,1,1,0,0,0,0,0,2,2,0,1,0,1,0.0,0.0,64.0,0.0,16.875,3.0,20.25,3.375,6.75,13.5,2.0,20.25
2023,16340,1104,2467012,1,1.0,1,1,1,0,2,0,5,4,0,1,0,0,0,1,0,0,0,0,0,0,1,0,0,0,0,0.0,0.0,12.0,,9.0,1.0,9.0,0.0,0.0,18.0,,9.0
2023,16340,1104,2467022,1,4.666666666666667,6,3,3,3,5,0,21,18,0,1,0,1,0,0,0,0,0,0,0,4,3,0,0,0,0,0.0,0.0,93.0,,5.785714285714285,1.9285714285714284,11.57142857142857,1.9285714285714284,5.785714285714285,9.642857142857142,1.6666666666666667,5.785714285714285
2023,16340,1104,2470316,1,3.0,2,0,0,1,4,0,13,12,0,0,0,0,1,0,0,0,0,0,0,3,3,0,0,0,1,0.0,0.0,43.0,,0.0,1.0,6.0,0.0,3.0,12.0,4.0,0.0
2023,16340,1104,2650958,1,3.0,2,0,0,1,0,0,10,9,0,0,0,0,0,0,0,0,0,0,0,4,3,1,0,0,0,0.0,0.0,37.0,1.0,0.0,1.0,6.0,0.0,3.0,0.0,0.0,0.0
2023,16340,1104,2650963,1,1.0,1,0,0,0,1,0,5,4,0,0,0,0,0,1,0,0,0,0,0,1,1,0,0,0,0,0.0,0.0,14.0,,0.0,1.0,9.0,0.0,0.0,9.0,,0.0
2023,16340,1104,2801434,1,0.3333333333333333,2,4,4,3,0,0,7,3,0,0,0,0,1,1,0,2,0,0,0,1,0,0,0,0,0,0.0,0.0,36.0,,108.0,15.0,54.0,0.0,81.0,0.0,0.0,108.0
2023,16340,1104,2801436,1,2.0,4,1,1,1,2,0,11,9,1,0,0,0,0,0,0,0,0,0,1,1,3,0,0,0,0,0.0,0.0,33.0,,4.5,2.5,18.0,0.0,4.5,9.0,2.0,4.5
2023,16340,1104,2801458,1,2.0,4,2,2,0,1,0,10,10,1,0,0,0,0,0,0,0,0,0,0,3,2,0,1,0,0,0.0,0.0,33.0,0.0,9.0,2.0,18.0,0.0,0.0,4.5,,9.0
2023,16340,1104,2801459,1,2.0,2,0,0,0,3,0,8,8,0,0,0,0,0,0,0,0,0,0,0,1,2,0,0,0,2,0.0,0.0,38.0,,0.0,1.0,9.0,0.0,0.0,13.5,,0.0
2023,16340,1104,2801462,1,5.666666666666667,6,0,0,0,6,0,23,23,1,0,0,0,0,0,0,0,0,0,0,3,7,1,0,0,3,0.0,0.0,93.0,1.0,0.0,1.0588235294117647,9.529411764705882,0.0,0.0,9.529411764705882,,0.0
2023,16340,10411,2493086,1,4.666666666666667,7,2,1,1,3,0,22,21,1,0,0,1,0,0,0,0,0,0,0,2,8,0,0,0,0,0.0,1.0,67.0,,1.9285714285714284,1.7142857142857142,13.5,1.9285714285714284,1.9285714285714284,5.785714285714285,3.0,3.8571428571428568
2023,16340,10411,2493116,1,2.0,3,1,1,0,2,0,10,10,0,0,1,0,0,0,0,0,0,0,0,2,2,0,0,0,0,0.0,0.0,38.0,,4.5,1.5,13.5,0.0,0.0,9.0,,4.5
2023,16340,10411,2673173,1,0.6666666666666666,0,0,0,2,2,0,5,2,0,0,0,0,2,1,0,0,0,0,0,0,0,0,0,0,0,0.0,0.0,23.0,,0.0,3.0,0.0,0.0,27.0,27.0,1.0,0.0
2023,16340,10411,2680407,1,3.3333333333333335,2,0,0,2,3,0,15,12,0,0,0,0,0,0,0,2,0,1,0,5,3,1,0,0,0,0.0,0.0,49.0,1.0,0.0,1.2,5.3999999999999995,0.0,5.3999999999999995,8.1,1.5,0.0
2023,16340,10411,2680409,1,0.3333333333333333,0,0,0,0,1,0,1,1,0,0,0,0,0,0,0,3,0,0,0,0,0,0,0,0,0,0.0,0.0,5.0,,0.0,0.0,0.0,0.0,0.0,27.0,,0.0
2023,16340,10411,2680410,1,1.0,0,0,0,1,1,0,6,3,0,0,0,0,0,2,0,0,0,0,0,1,1,0,0,0,1,0.0,0.0,22.0,,0.0,1.0,0.0,0.0,9.0,9.0,1.0,0.0
2023,16340,10411,2680436,1,1.0,1,1,1,0,1,0,4,3,1,0,0,0,0,0,0,0,0,0,1,1,1,0,0,0,1,0.0,0.0,11.0,,9.0,1.0,9.0,0.0,0.0,9.0,,9.0
2023,16340,10411,2826539,2,1.6666666666666665,1,0,0,0,2,0,7,7,0,0,0,0,0,0,0,3,0,0,0,1,2,0,0,0,0,0.0,0.0,30.0,,0.0,0.6000000000000001,5.4,0.0,0.0,10.8,,0.0
2023,16340,10411,2826550,1,6.0,4,0,0,0,6,0,23,23,0,0,0,0,1,0,0,0,0,0,0,7,5,1,0,0,1,0.0,0.0,85.0,1.0,0.0,0.6666666666666666,6.0,0.0,0.0,9.0,,0.0
2023,16340,10411,2826568,1,6.0,1,1,1,1,8,0,20,19,1,0,0,0,0,0,0,0,0,0,0,6,4,1,0,0,1,0.0,0.0,86.0,1.0,1.5,0.3333333333333333,1.5,0.0,1.5,12.0,8.0,1.5
2023,16340,10411,2826571,1,0.3333333333333333,1,0,0,2,0,0,4,2,0,0,0,0,1,0,0,0,0,0,0,0,1,0,0,0,0,0.0,0.0,19.0,,0.0,9.0,27.0,0.0,54.0,0.0,0.0,0.0
