season,season_id,school_id,division,home_runs_scored,home_runs_allowed,home_G,home_AB,H_x,home_2B,home_3B,home_HR,home_BB,home_K,away_runs_scored,away_runs_allowed,away_G,away_AB,H_y,away_2B,away_3B,away_HR,away_BB,away_K,PF
2023,16340,2,1.0,2527,2181,319,1113,364,60,12,43,137,232,1001,1621,220,767,184,27,6,20,85,176,123.83282043188932
2023,16340,3,2.0,1098,1198,191,615,183,44,2,11,77,119,1853,2026,216,771,245,39,9,21,89,167,66.93796236683228
2023,16340,4,3.0,860,851,114,333,102,23,1,11,23,64,1446,1229,197,634,163,37,3,15,58,104,110.53189047384816
2023,16340,5,1.0,912,1245,189,638,148,24,5,15,98,179,2074,3339,347,1185,296,58,10,35,144,329,73.1610262184805
2023,16340,6,1.0,1367,1952,216,653,175,30,12,12,121,169,1354,2582,264,793,190,41,6,8,120,248,103.06289521228547
2023,16340,7,1.0,2455,1370,283,1019,333,62,10,45,127,160,2403,1716,288,1081,364,75,1,36,137,193,94.50302270697628
2023,16340,8,1.0,3457,1488,392,1144,347,52,7,56,192,234,1918,1632,282,1018,287,48,5,56,119,261,100.20767461914343
2023,16340,9,1.0,911,1360,233,743,171,22,2,11,109,183,1137,1716,272,915,222,39,7,11,90,253,92.92409616261176
2023,16340,10,2.0,2260,1937,267,799,284,53,4,23,99,116,1270,1023,222,771,212,26,4,18,97,116,152.18667463751427
2023,16340,15,3.0,593,674,102,346,103,21,3,5,42,52,1006,1802,211,736,197,32,3,8,73,156,93.33871012792582
2023,16340,16,3.0,797,1580,138,412,101,16,2,2,50,83,529,1583,137,388,86,10,2,1,50,92,111.73178798858147
2023,16340,17,1.0,1197,3360,312,841,223,35,2,0,88,209,1439,2367,206,647,187,34,3,10,75,145,79.0538219006427
2023,16340,19,3.0,1080,569,175,519,151,25,9,9,48,84,1474,1699,199,616,179,29,7,9,61,134,59.09702399711855
2023,16340,20,3.0,1066,767,118,316,114,20,3,13,61,61,688,904,157,449,108,17,3,8,58,114,153.19233881270762
2023,16340,21,3.0,1103,562,131,440,143,31,7,3,38,74,2484,2757,316,1034,292,47,5,20,165,205,76.63300663733249
2023,16340,22,2.0,802,1337,132,411,132,29,1,7,60,99,1610,1281,182,637,212,29,9,15,75,124,102.01408760730794
2023,16340,24,3.0,1286,930,154,543,170,37,1,9,57,76,2211,1909,250,862,264,64,13,10,128,143,87.31559702433489
2023,16340,25,2.0,3606,1123,339,1042,387,81,18,28,144,148,2577,1065,307,978,303,62,9,23,136,176,117.58936627578285
2023,16340,26,3.0,338,216,52,170,59,11,0,7,25,25,429,575,73,267,86,14,1,5,34,57,77.46322402696904
2023,16340,28,1.0,2179,1673,295,1035,314,63,6,50,114,214,1444,1952,233,818,232,44,5,26,95,206,89.58854884110917
2023,16340,29,1.0,3002,1748,291,1108,385,91,23,54,121,195,1678,1890,259,991,282,57,6,42,115,244,118.48831923319926
2023,16340,30,1.0,2855,2314,338,1096,325,80,5,22,168,296,1093,1995,201,646,156,38,3,19,87,198,99.5425123401907
2023,16340,31,1.0,2970,1793,358,1151,342,54,7,56,196,283,1703,1605,248,839,201,38,3,36,119,248,99.74330048029832
2023,16340,32,1.0,2080,1596,290,980,302,53,8,36,114,221,1393,1705,229,831,243,34,8,26,94,200,93.69827029674316
2023,16340,35,2.0,713,667,112,370,124,19,1,4,34,78,1313,879,181,618,189,37,5,9,58,120,101.74172314911367
2023,16340,36,2.0,870,1432,182,534,134,27,4,15,60,156,1749,1993,292,958,245,44,3,35,123,287,98.69905615496208
2023,16340,37,1.0,2779,2468,366,1189,343,78,8,45,186,303,1549,1437,234,802,228,34,2,39,96,205,112.345590899608
2023,16340,38,3.0,432,590,84,276,78,9,5,2,21,68,1039,1796,194,594,164,22,6,9,55,99,83.25690770135215
2023,16340,39,2.0,1831,1795,233,788,262,40,4,28,82,164,1651,1871,269,907,236,37,2,15,114,213,118.85974853343669
2023,16340,42,3.0,1627,754,157,549,190,32,9,23,77,58,2907,1360,307,1082,342,68,7,29,184,184,109.1127434809283
2023,16340,43,1.0,1745,1950,212,808,264,60,5,33,96,147,2134,2289,321,1164,323,76,3,42,152,291,126.49305303750975
2023,16340,44,3.0,623,1480,197,607,143,25,5,2,63,142,1042,1922,195,648,164,34,1,8,68,128,70.23109804969276
2023,16340,45,3.0,587,415,97,310,90,16,1,5,45,48,1000,810,158,536,145,18,4,12,75,114,90.17258073702796
2023,16340,46,3.0,1444,927,196,637,202,42,3,13,77,100,3326,1877,340,1150,392,72,8,25,123,172,79.04976328413356
2023,16340,47,1.0,2094,1795,210,665,221,51,8,42,100,164,2718,2672,438,1350,346,61,9,44,151,333,150.4887357540419
2023,16340,48,1.0,1933,1626,266,747,240,40,3,26,81,168,1358,2307,301,797,161,32,3,15,88,201,109.88511524377107
2023,16340,49,2.0,2947,2021,328,1067,362,73,5,38,143,178,1398,1353,235,792,224,41,7,18,105,129,129.38532329707158
2023,16340,50,3.0,729,672,109,364,116,23,2,6,36,62,1317,1373,179,579,168,36,2,14,83,145,85.52880188260974
2023,16340,51,1.0,2214,2599,385,1165,296,56,9,24,156,286,882,2046,199,642,165,31,4,14,57,181,84.96442764885388
2023,16340,52,1.0,838,1842,179,610,178,25,1,19,46,134,1556,2987,342,1144,279,51,3,30,100,301,112.71069617817085
2023,16340,53,3.0,1945,915,194,617,213,42,7,28,78,124,1763,1336,199,643,212,48,3,16,82,131,94.6663872283377
2023,16340,55,2.0,2023,2096,208,552,184,36,6,26,118,121,1247,1744,166,482,154,34,2,15,73,100,109.9056785741841
2023,16340,56,2.0,537,539,74,234,67,20,1,4,24,40,1569,1283,195,629,186,38,3,14,90,128,99.41814184450931
2023,16340,58,3.0,314,434,63,184,60,8,1,2,25,35,421,295,45,155,49,13,4,0,22,30,74.62090981644054
2023,16340,61,1.0,2076,1450,295,978,292,58,6,18,132,216,2213,2606,306,1032,304,62,6,16,158,222,75.89703187594303
2023,16340,62,1.0,1961,1062,234,730,234,48,4,27,108,116,1946,2359,305,1024,284,43,7,20,119,212,91.52694640499519
2023,16340,64,3.0,345,987,87,287,66,11,4,4,10,96,1576,3048,277,880,227,48,0,16,98,219,91.71638229328242
2023,16340,65,2.0,1398,857,154,514,186,40,2,25,74,106,1049,1108,186,616,157,30,2,18,88,150,126.26664017484602
2023,16340,67,1.0,1532,1443,235,799,213,39,3,23,104,205,3216,2619,457,1621,434,64,1,49,232,390,99.15039472004959
2023,16340,69,3.0,539,426,78,266,91,19,2,9,29,43,1275,1065,179,549,158,29,5,15,56,110,94.63894367740522
2023,16340,71,1.0,1268,901,165,546,154,31,6,26,94,136,1723,2442,334,1030,232,39,6,19,143,275,105.41613008839899
2023,16340,72,1.0,875,1346,183,596,145,27,7,18,83,130,1611,2124,292,987,272,59,4,27,115,262,94.88328541854119
2023,16340,73,3.0,673,1988,165,504,139,13,3,4,41,120,390,1214,114,347,85,13,1,5,35,78,114.6202675130356
2023,16340,74,2.0,388,891,132,383,94,20,1,2,41,90,788,2201,240,749,164,22,5,6,70,159,77.80041972079442
2023,16340,76,3.0,1058,709,134,416,131,28,3,7,77,89,1200,765,171,586,182,34,7,7,55,111,114.75333257377235
2023,16340,77,1.0,1808,1982,184,653,220,51,6,45,78,152,1636,2059,284,964,253,58,5,37,125,287,158.3161734423722
2023,16340,78,3.0,636,374,92,312,99,17,3,5,30,46,1795,1295,268,890,269,47,8,10,119,127,95.21598424088926
2023,16340,80,1.0,553,934,127,424,101,23,3,7,49,107,741,1028,145,512,114,23,6,6,72,137,95.97263456821996
2023,16340,81,1.0,1237,792,141,482,153,28,7,22,73,101,1946,2498,333,1086,262,64,5,45,122,313,107.82838922190092
2023,16340,83,1.0,1226,843,182,555,167,36,7,9,76,119,1969,2784,297,982,271,58,2,29,119,231,71.03587554881476
2023,16340,84,3.0,1527,691,140,500,182,29,4,14,62,95,2150,1435,271,1047,346,70,10,18,84,179,119.76051006176532
2023,16340,87,1.0,648,1573,151,472,116,19,9,4,51,101,2086,3603,416,1303,314,56,13,25,137,379,107.55460462214171
2023,16340,88,3.0,1443,677,150,488,167,43,4,9,86,76,1471,1183,198,674,206,45,8,18,102,151,105.44084400904295
2023,16340,89,3.0,1089,2130,215,672,186,40,4,16,59,151,925,1974,171,581,159,35,0,12,57,165,88.31417409371316
2023,16340,90,1.0,1685,1929,304,1059,288,52,8,15,104,211,1504,1735,253,898,254,51,1,25,88,201,92.85902894005622
2023,16340,91,2.0,1153,1185,261,839,217,36,8,6,83,157,1703,1431,258,911,267,55,7,29,97,196,73.74366422404623
2023,16340,92,2.0,2056,1580,274,878,263,70,7,18,111,164,1332,1661,248,824,235,39,4,36,94,194,109.95583368492419
2023,16340,93,2.0,3355,2265,334,1075,374,60,6,56,119,145,2025,1571,313,1122,330,58,7,29,129,203,146.45847348684165
2023,16340,94,1.0,2021,2434,314,936,267,55,5,13,116,209,952,1860,247,778,194,32,6,7,67,196,124.62342916164573
2023,16340,95,2.0,1569,1609,281,806,231,40,3,15,113,176,838,1208,212,641,173,18,4,9,52,141,117.18655966159122
2023,16340,96,1.0,1740,1288,276,930,248,38,9,36,86,212,1460,1921,252,913,251,53,12,21,97,174,81.77153659195248
2023,16340,97,1.0,1732,1740,285,1014,282,69,4,20,138,270,1666,1317,255,928,252,58,4,22,118,190,104.1410095806059
2023,16340,98,2.0,1370,1804,316,924,232,42,5,8,90,133,1633,1292,215,799,282,56,5,7,65,114,73.8299253489127
2023,16340,99,1.0,1704,1292,293,952,265,46,3,29,90,207,1919,1589,278,936,251,61,4,33,83,202,81.03253022832259
2023,16340,100,2.0,2097,2630,306,943,277,59,9,31,92,186,865,1178,183,639,160,26,6,6,53,133,138.37157966466077
2023,16340,101,1.0,2680,1784,287,966,334,60,6,34,106,162,1459,1129,246,811,218,43,6,19,83,209,147.847206888938
2023,16340,102,1.0,2568,2386,353,1180,349,68,11,48,144,274,1990,2201,263,958,298,48,5,50,86,202,88.06825363672188
2023,16340,103,2.0,1060,1380,264,845,217,43,5,6,102,168,1258,1145,244,869,220,47,1,14,82,171,93.84733729303017
2023,16340,104,1.0,1496,996,250,822,231,46,3,34,101,213,2104,1664,308,1083,300,54,8,52,123,293,81.47940552016985
2023,16340,105,3.0,1917,1212,253,818,266,58,10,17,102,133,1330,1341,215,748,200,29,5,24,103,148,99.55191391064618
2023,16340,107,1.0,1218,1203,190,648,164,27,2,38,83,176,1704,1838,265,993,277,57,5,46,116,245,95.3319563731463
2023,16340,108,1.0,1258,1697,258,831,213,41,3,15,82,190,1181,2030,290,999,243,57,4,18,92,260,103.44165767383919
2023,16340,109,1.0,1854,1163,261,883,258,50,10,22,147,167,2371,1435,254,938,291,54,6,30,145,210,77.14357044634103
2023,16340,110,1.0,2085,1414,284,997,288,47,5,32,138,243,1245,1228,229,815,199,27,0,24,124,254,114.08721231554308
2023,16340,111,1.0,887,1867,254,797,195,30,7,5,60,212,1363,2908,288,936,243,42,7,13,78,229,73.11275273451976
2023,16340,112,1.0,2194,1500,316,999,279,65,11,20,138,231,1567,1409,245,784,224,48,8,19,77,182,96.23719715530147
2023,16340,114,3.0,757,983,93,325,102,24,0,1,33,47,3148,2768,389,1291,403,65,3,5,227,217,123.02340290955091
2023,16340,115,1.0,2688,1310,265,849,267,45,11,43,138,229,3674,2206,367,1328,425,84,5,80,200,302,94.16416377871903
2023,16340,116,1.0,1386,765,133,454,155,31,6,22,93,100,1814,2164,307,1043,283,45,10,25,123,262,124.81373116048037
2023,16340,118,3.0,18,72,9,22,4,1,0,1,1,4,30,120,10,20,2,2,0,0,1,10,66.66666666666666
2023,16340,121,3.0,680,1048,113,384,114,24,1,14,32,83,945,1220,166,554,152,35,4,7,55,127,117.25071021275726
2023,16340,122,3.0,989,782,127,391,134,32,5,4,57,67,2457,1436,262,926,305,68,10,22,125,178,93.84944914251504
2023,16340,123,3.0,96,128,8,28,10,0,0,0,3,6,304,454,54,191,47,10,0,6,14,49,199.4722955145119
2023,16340,124,3.0,1629,1409,188,620,190,43,4,28,71,136,2244,1323,216,709,235,47,6,21,91,118,97.85444589588963
2023,16340,127,1.0,1448,978,176,622,187,46,7,17,81,113,1839,1612,251,888,267,44,7,33,97,169,100.25519612233609
2023,16340,128,1.0,2980,2543,361,1177,359,65,4,70,127,301,1528,1723,252,848,219,44,3,39,97,265,118.59091300269
2023,16340,129,1.0,1790,966,212,663,172,37,4,15,130,158,2817,2205,384,1263,328,55,4,31,223,364,99.4026284348865
2023,16340,130,2.0,2808,1561,328,1071,353,70,12,47,115,132,1993,1231,251,853,264,39,10,28,135,173,103.70194198995341
2023,16340,132,3.0,2284,1940,330,985,291,55,11,9,123,166,904,1074,151,451,109,21,4,7,48,106,97.71486349848331
2023,16340,134,3.0,1770,1491,310,979,276,54,4,16,111,183,1472,852,155,522,171,29,2,15,66,92,70.1592082616179
2023,16340,137,3.0,418,203,48,173,58,12,0,3,24,31,1354,1413,204,715,181,27,4,15,73,153,95.38308637513552
2023,16340,139,3.0,2352,844,265,846,272,54,4,18,152,134,2096,1197,231,764,235,42,3,12,124,141,84.60210051051688
2023,16340,140,1.0,2034,2037,282,877,238,45,8,39,157,263,1859,2425,332,1064,251,31,4,38,143,366,111.8769493613048
2023,16340,141,1.0,2237,2077,338,1059,307,65,9,12,129,197,908,1692,196,670,173,34,2,16,52,151,96.21574874829312
2023,16340,142,3.0,1751,1498,201,683,226,36,3,24,73,116,1604,1067,189,704,225,48,9,11,82,119,114.37775555021597
2023,16340,143,2.0,680,1384,179,501,121,10,1,7,56,115,1593,2008,296,945,247,38,2,11,125,248,94.78186537259204
2023,16340,144,2.0,1201,1898,190,526,134,26,3,6,88,121,1373,1741,204,589,150,26,0,7,97,154,106.85123212655915
2023,16340,146,3.0,436,549,81,268,79,21,1,2,30,47,1380,1742,233,766,237,44,8,10,61,141,90.75576751212027
2023,16340,147,1.0,2726,1726,358,1244,398,82,7,35,160,274,1985,1318,263,958,278,50,4,33,132,221,99.01917505162905
2023,16340,149,1.0,3943,2827,375,1221,398,81,7,64,183,297,2183,1798,279,994,291,72,1,44,114,232,126.52298417483046
2023,16340,151,3.0,1395,534,149,444,134,29,5,12,44,82,1369,867,181,620,171,49,5,12,73,114,104.79793735217488
2023,16340,152,3.0,517,642,64,169,45,9,0,2,16,38,520,1018,115,315,73,16,1,4,40,81,135.40820058517556
2023,16340,155,2.0,1878,2016,222,627,200,46,3,30,88,149,2357,1735,287,916,293,76,10,30,111,194,123.0238302818948
2023,16340,158,1.0,1364,854,116,414,154,40,4,24,65,80,2025,1872,268,978,282,57,5,38,119,262,131.49460681514515
2023,16340,159,2.0,1510,886,237,827,238,28,2,34,116,125,2361,1450,260,977,310,59,5,31,152,171,68.97200752429951
2023,16340,160,3.0,1138,907,106,383,146,39,4,17,34,46,1797,1874,230,846,263,61,9,21,115,144,120.87344459121209
2023,16340,161,3.0,466,350,51,176,73,9,0,4,16,21,1313,1066,196,626,184,30,3,1,77,108,131.82009247583017
2023,16340,164,1.0,1784,1082,215,749,230,47,8,25,124,153,2872,2190,388,1363,405,80,4,53,201,322,102.17562687787711
2023,16340,165,1.0,1587,1466,231,744,209,45,11,12,109,157,1361,2182,260,864,224,37,5,15,137,211,96.9877803070013
2023,16340,166,3.0,1204,945,166,557,180,34,0,3,66,98,1336,1295,215,705,187,29,7,12,98,135,105.79032206362508
2023,16340,167,1.0,538,664,97,326,83,14,2,8,33,103,1067,1777,226,780,196,40,4,21,92,218,98.47173285774356
2023,16340,169,1.0,1185,1125,227,730,186,29,6,13,104,177,1584,1762,262,864,219,58,2,24,106,225,79.68222955412604
2023,16340,170,3.0,301,808,90,253,64,15,0,2,21,58,898,1693,174,518,138,20,1,5,58,119,82.75054676444101
2023,16340,172,1.0,395,1037,122,400,86,15,4,3,49,100,932,2389,228,761,189,38,5,6,86,181,80.58406267122781
2023,16340,173,1.0,2727,2274,306,1016,308,64,7,64,162,260,1501,2238,231,808,225,36,1,28,120,227,100.96990387489579
2023,16340,174,2.0,615,1651,185,497,121,20,5,1,50,127,759,2867,283,803,192,32,4,2,77,220,95.59756115740672
2023,16340,175,1.0,1859,1719,252,782,234,55,6,39,102,165,2306,2824,382,1215,302,49,7,38,154,361,105.72697175036356
2023,16340,177,3.0,371,811,83,269,76,15,0,6,22,45,2004,3131,323,985,273,54,6,15,134,217,89.57801996691732
2023,16340,178,1.0,1139,1702,180,655,186,33,2,26,80,130,1688,3114,289,1014,262,53,8,27,130,232,94.98924059419687
2023,16340,179,3.0,1126,1171,123,350,125,28,9,1,45,65,589,1229,145,459,112,20,1,7,40,109,148.94639870491116
2023,16340,180,1.0,3218,2096,303,1035,342,60,19,55,153,209,1589,2543,322,1034,257,55,4,19,125,276,136.6704046977786
2023,16340,181,2.0,1179,1152,217,710,196,40,1,20,89,120,1488,1632,283,972,253,31,2,31,120,182,97.4348635235732
2023,16340,182,3.0,1197,591,124,422,142,39,8,5,65,47,2490,1508,258,934,312,66,7,38,126,154,93.05136439187336
2023,16340,185,3.0,1368,1107,168,586,187,31,8,7,86,115,2073,1798,259,884,254,54,8,26,115,211,98.56949108757428
2023,16340,190,3.0,1064,1108,135,440,124,25,0,7,67,81,1672,2300,236,722,199,41,5,13,69,154,95.59359964193803
2023,16340,192,3.0,970,940,149,503,137,26,6,7,66,103,2047,1004,257,891,285,46,7,12,131,138,107.97868011148286
2023,16340,193,1.0,3443,1762,390,1288,369,86,7,58,200,347,1627,1465,248,918,248,38,1,51,81,225,107.04547716190666
2023,16340,195,3.0,795,847,109,331,96,35,5,6,74,95,357,330,49,182,60,19,2,6,24,31,107.44494745135744
2023,16340,196,1.0,3659,1692,397,1222,400,75,6,58,177,237,1789,1664,335,1069,268,56,8,17,123,237,130.76534769531986
2023,16340,197,2.0,1874,726,272,719,207,36,7,7,128,155,2085,1132,276,803,232,53,5,13,135,140,82.00917917679972
2023,16340,198,1.0,1806,1491,236,843,280,55,8,34,87,147,1459,1783,254,840,225,43,0,24,109,166,109.45299511705475
2023,16340,200,3.0,1431,551,179,568,188,35,8,12,64,80,2176,1249,280,987,313,51,10,23,112,134,90.52073563593362
2023,16340,201,1.0,1631,980,191,610,187,33,1,17,70,100,3104,2715,449,1449,402,75,8,37,196,299,105.48033207699277
2023,16340,202,1.0,1752,2036,245,832,222,40,6,44,146,234,2055,1988,311,1116,295,49,5,42,159,315,118.93249607535323
2023,16340,204,1.0,1269,1555,186,610,180,35,2,24,79,124,3046,2581,369,1255,376,90,6,54,147,235,99.5637393442905
2023,16340,205,2.0,1576,1185,173,586,192,43,4,28,68,99,2266,2821,319,1015,287,61,6,29,115,278,100.08044988301815
2023,16340,206,2.0,2048,2416,224,739,273,34,21,17,97,153,1499,2054,266,867,232,50,7,20,87,222,149.1978609625668
2023,16340,208,2.0,1539,1476,265,969,300,53,2,18,86,212,1569,1542,229,839,248,34,1,15,91,142,83.74847619220903
2023,16340,211,3.0,1475,582,149,437,150,24,7,8,61,78,2086,1298,215,662,208,41,13,11,101,124,87.71141732908119
2023,16340,212,3.0,584,709,103,356,85,19,2,8,38,105,1380,1574,211,726,198,40,4,22,90,194,89.66712898751733
2023,16340,213,3.0,655,935,131,332,88,19,4,0,39,73,1447,1707,235,649,158,29,7,6,99,162,90.43405441775136
2023,16340,214,3.0,469,539,66,223,60,12,1,8,38,55,251,135,36,134,47,4,2,0,13,24,142.4399434762129
2023,16340,216,2.0,1195,1700,145,543,178,30,5,22,72,124,1454,2207,270,932,245,38,3,17,118,197,147.24637135133608
2023,16340,217,3.0,2109,1344,257,784,266,56,8,26,114,146,1741,767,146,484,164,26,2,22,66,108,78.21477109824438
2023,16340,218,3.0,752,986,99,256,79,15,0,9,27,61,466,1037,141,433,98,10,3,3,35,118,164.692836549124
2023,16340,219,1.0,1610,1514,281,951,253,46,10,29,157,215,2034,1745,333,1257,305,57,6,55,183,325,97.96524904910918
2023,16340,220,1.0,2503,955,220,734,263,45,3,45,133,159,3993,3427,456,1645,533,100,17,100,272,413,96.59691252144083
2023,16340,221,3.0,909,1572,183,543,143,19,7,4,73,98,790,1924,175,485,120,15,3,4,67,138,87.4186066177803
2023,16340,222,1.0,2592,1731,276,912,283,62,7,46,164,190,2064,2412,315,1100,295,54,6,21,148,255,110.22919337918174
2023,16340,225,3.0,1853,2452,234,734,221,40,4,8,84,126,978,1188,166,586,176,25,3,7,50,102,140.99604612069984
2023,16340,228,1.0,2436,2381,313,985,294,61,11,39,111,227,2505,2569,331,1093,318,54,13,34,140,230,100.3944811675383
2023,16340,229,1.0,2706,1786,342,1200,360,72,7,44,193,257,1399,1760,223,840,227,49,4,41,103,192,92.71902982104412
2023,16340,230,2.0,903,848,126,453,121,24,0,3,41,96,604,845,112,386,104,17,1,5,31,75,107.41507553101756
2023,16340,231,1.0,2281,2522,348,1202,361,53,6,34,129,300,976,1656,187,643,163,28,3,20,64,156,98.05936222618175
2023,16340,233,2.0,2295,2036,258,993,327,41,8,39,88,168,1875,1267,244,933,274,46,7,38,87,185,130.36233278561522
2023,16340,234,1.0,2019,1760,292,996,300,58,11,31,107,238,1235,1942,297,803,190,38,6,22,62,208,120.98548643719198
2023,16340,235,1.0,3594,1811,397,1303,420,77,13,79,190,256,2016,1785,305,1063,266,51,6,67,116,313,109.24640671916512
2023,16340,236,1.0,1629,1548,257,847,227,46,6,23,74,179,1563,3322,301,995,249,38,1,32,94,263,76.17036190354814
2023,16340,238,3.0,884,841,124,362,110,23,2,9,39,69,1059,844,154,487,154,27,2,1,54,85,112.57691590527689
2023,16340,239,3.0,877,747,102,347,111,23,6,9,49,75,2893,1956,349,1119,318,49,10,16,148,255,114.59326564199613
2023,16340,241,2.0,1129,550,147,502,165,37,3,15,69,96,1589,1633,281,943,257,46,4,10,116,197,99.61257004353573
2023,16340,242,3.0,237,469,41,156,42,7,0,2,13,43,701,1389,129,371,101,18,4,2,44,92,106.28311354883884
2023,16340,245,3.0,1146,2216,179,574,153,33,10,2,100,104,776,2737,187,570,151,28,6,3,61,151,99.9788495086884
2023,16340,246,2.0,705,747,156,440,133,27,3,9,43,91,1227,1491,218,697,193,33,4,9,77,149,74.65330842814288
2023,16340,248,1.0,1865,1414,241,762,228,37,3,12,83,124,1784,1943,326,1074,273,47,4,16,119,225,119.0097605563083
2023,16340,249,1.0,1549,2447,283,1027,287,64,6,28,128,184,1621,1830,236,894,264,41,6,22,95,182,96.56196339873831
2023,16340,251,1.0,1425,951,190,611,190,38,3,35,82,132,2309,2285,362,1234,326,59,8,53,143,316,98.53951378227895
2023,16340,253,1.0,2589,1973,311,974,273,48,7,31,153,252,1976,2426,270,915,265,45,4,27,130,251,89.97225756781118
2023,16340,254,1.0,3439,2595,390,1235,413,64,5,71,188,328,2527,2631,366,1254,324,54,5,51,177,372,109.78435290959526
2023,16340,255,1.0,3940,2740,369,1196,424,91,11,67,164,237,1394,1913,236,856,238,51,4,23,89,231,129.1897043554651
2023,16340,257,1.0,2415,2045,329,1087,332,61,4,64,133,224,1537,1573,214,796,202,43,3,36,109,228,93.2808178344198
2023,16340,258,3.0,1633,2181,208,530,156,30,8,5,75,109,2012,1721,242,798,258,52,10,9,106,135,118.87067526633557
2023,16340,259,3.0,1036,606,92,334,131,33,2,5,55,39,1536,1020,178,686,221,58,1,15,85,117,124.2923725930462
2023,16340,260,1.0,1004,1200,190,632,180,26,4,8,77,112,1505,2587,286,942,230,48,4,25,94,212,81.07526881720429
2023,16340,261,1.0,1658,1510,173,579,191,44,8,18,101,118,2704,3047,375,1185,320,55,14,39,213,324,119.40622540638823
2023,16340,262,2.0,934,1010,157,522,158,26,5,13,46,87,2418,1797,332,1162,374,64,11,20,140,202,97.52975043633974
2023,16340,263,3.0,1733,1858,238,748,234,60,6,13,102,131,1110,1878,215,729,190,49,0,15,77,156,108.56661941885186
2023,16340,264,3.0,1252,1322,124,445,148,28,4,26,58,98,1241,1559,227,765,195,44,4,20,104,161,168.28859447004606
2023,16340,265,3.0,1097,604,120,399,151,30,11,7,60,50,2129,1335,267,930,271,47,15,14,118,147,109.25880484988453
2023,16340,266,3.0,1187,431,119,384,128,28,4,19,50,71,1046,978,173,595,177,32,6,17,72,130,116.21632842860463
2023,16340,267,3.0,1651,709,139,412,157,22,16,7,58,62,626,687,137,408,99,16,2,5,53,91,177.15484885511245
2023,16340,268,3.0,816,1328,123,379,128,24,3,2,39,45,1151,1995,242,772,206,40,5,10,69,157,134.0838023764853
2023,16340,269,3.0,1214,882,177,534,157,22,3,11,82,110,1467,1783,231,758,190,29,1,10,105,167,84.16792698826598
2023,16340,271,3.0,1263,1371,197,658,195,35,6,16,91,110,1377,1473,234,838,245,33,3,18,92,182,109.77932139994657
2023,16340,272,1.0,336,788,70,224,58,13,1,8,18,61,468,1240,156,522,119,22,0,9,59,172,146.6577450652392
2023,16340,275,1.0,809,659,110,392,121,31,2,9,65,72,1415,1982,260,933,253,65,3,22,99,243,102.14360264404421
2023,16340,276,3.0,1510,1196,146,497,162,26,1,19,100,108,2159,2483,303,1087,315,68,6,11,170,229,120.9796792832565
2023,16340,277,1.0,1982,1548,293,840,235,48,5,16,105,203,1473,1751,267,826,227,52,5,20,91,199,99.7753622574717
2023,16340,278,3.0,1508,896,156,550,201,51,8,23,67,80,953,1403,191,638,165,29,4,9,77,146,124.93034695920943
2023,16340,279,3.0,239,463,31,104,38,7,1,7,13,29,194,595,49,147,23,5,1,2,16,41,140.63534895130624
2023,16340,280,2.0,1858,1272,193,600,199,42,4,40,86,111,2015,2399,368,1236,329,71,10,37,127,286,135.20804036145003
2023,16340,281,3.0,602,1108,107,315,81,12,1,2,39,64,1323,1448,202,637,186,37,3,1,81,130,116.50033558518298
2023,16340,283,1.0,1446,1105,180,630,205,52,4,15,68,109,1800,2184,293,995,282,50,3,13,105,181,104.2284415439536
2023,16340,285,1.0,1017,1276,197,590,160,39,2,17,93,144,2158,3036,359,1192,312,82,4,17,181,292,80.45079347704986
2023,16340,286,3.0,1007,627,116,391,135,27,4,9,57,83,1644,1543,234,832,206,36,11,8,124,184,103.42555424515542
2023,16340,288,1.0,2160,2011,292,949,282,61,3,36,113,187,2323,2135,323,1087,309,53,8,37,107,280,103.49510192542881
2023,16340,297,3.0,1208,1205,155,507,150,31,1,21,84,108,868,1335,148,465,109,23,3,5,61,127,104.58582870865243
2023,16340,299,1.0,793,1228,172,564,154,36,2,7,55,107,2131,2184,288,1024,274,51,6,38,108,243,78.42410196987254
2023,16340,300,3.0,1301,801,136,467,165,30,13,6,51,79,1869,2375,299,995,309,55,13,9,94,152,108.8904058324555
2023,16340,301,1.0,1307,1192,182,636,184,29,0,47,93,139,2106,2126,321,1138,297,56,4,42,145,334,104.1487930783772
2023,16340,302,1.0,1523,1678,225,708,196,37,4,22,119,176,2073,1963,306,1042,274,46,8,40,142,260,107.86323092170467
2023,16340,303,3.0,1088,699,156,458,142,35,2,5,73,94,1476,755,177,550,178,38,2,5,84,102,90.88111574664688
2023,16340,305,1.0,1298,697,214,724,209,38,2,26,80,176,2491,1769,376,1346,355,80,4,45,148,332,82.28247992628668
2023,16340,306,1.0,3029,1757,317,1131,375,81,14,52,152,227,1756,1845,294,1066,280,50,5,25,129,250,123.2643929087346
2023,16340,308,1.0,1188,2005,197,645,171,49,0,15,76,154,2019,3528,371,1262,330,68,3,37,143,316,108.40478092607795
2023,16340,309,2.0,3027,2242,335,1050,348,79,13,25,185,201,2276,1656,273,905,278,52,10,26,155,210,109.20248705607266
2023,16340,310,1.0,894,902,103,410,139,31,9,11,40,72,1594,3652,351,1233,302,61,12,21,162,361,116.6669751155758
2023,16340,312,1.0,2668,1010,270,878,291,65,10,42,153,173,2393,1622,332,1136,307,64,6,28,146,287,112.64203680642038
2023,16340,313,3.0,14,35,7,27,6,0,1,0,1,4,1069,934,113,381,133,21,5,5,34,56,39.49076385421867
2023,16340,314,1.0,2152,1735,231,708,222,43,10,13,127,124,2162,1915,274,951,289,63,12,13,140,178,113.08692942247025
2023,16340,315,1.0,1971,1543,271,984,307,54,10,35,97,243,1727,2029,256,909,265,53,3,39,107,204,88.3785451273043
2023,16340,316,1.0,2590,2044,370,1263,347,53,13,54,217,298,1263,1863,256,883,212,38,4,24,137,245,102.56644360291193
2023,16340,317,1.0,2162,1639,264,881,270,60,8,29,111,167,2098,2346,303,1037,300,61,9,22,131,213,98.1663223140496
2023,16340,319,3.0,1535,1078,155,470,155,35,3,14,65,93,990,2125,201,621,170,35,3,10,67,135,108.77916429348109
2023,16340,320,3.0,842,400,91,352,126,23,0,10,38,61,1996,1754,293,1013,295,57,8,28,126,238,106.63912087912088
2023,16340,321,3.0,896,1460,123,375,99,15,4,1,71,104,743,2758,212,621,122,28,1,5,74,188,115.98823100484648
2023,16340,322,3.0,2142,843,209,705,248,45,1,58,91,106,2640,1076,242,879,288,63,10,37,111,156,93.01172738088493
2023,16340,325,3.0,969,1596,129,423,150,28,3,7,45,76,1271,1884,176,552,158,32,5,6,65,116,110.92028157594073
2023,16340,326,3.0,1277,403,98,296,118,21,1,2,53,36,1209,981,148,498,152,30,3,5,57,90,115.85127201565557
2023,16340,327,1.0,2108,1174,264,861,232,43,5,40,161,191,1953,2158,306,1072,289,51,5,37,173,297,92.53554764379382
2023,16340,328,1.0,1334,1107,165,621,194,48,3,22,91,151,2172,2581,381,1303,338,65,7,53,142,327,118.5880687795268
2023,16340,329,3.0,1657,1098,255,864,254,57,4,10,113,147,1781,1451,190,630,204,39,2,18,117,101,63.51315278586682
2023,16340,330,3.0,260,554,56,159,43,10,1,0,16,41,532,813,125,344,74,11,1,2,42,91,135.09028146574616
2023,16340,331,1.0,3114,1157,280,909,317,74,10,37,141,165,2271,1709,317,1104,292,65,5,41,137,302,121.49201363962669
2023,16340,332,2.0,1631,988,135,486,176,37,1,16,82,86,1551,3097,294,954,263,46,2,18,141,200,122.71084337349396
2023,16340,333,2.0,1620,1291,193,628,185,35,6,23,62,146,1244,2173,277,886,218,36,3,21,70,232,122.26993651068037
2023,16340,334,1.0,2661,1212,323,1106,349,73,13,34,181,284,1755,1523,287,965,252,50,3,21,127,259,104.9827445187638
2023,16340,335,3.0,806,667,83,284,101,31,4,13,31,41,1603,1063,191,682,236,46,10,6,71,130,127.14458735165717
2023,16340,337,3.0,502,1055,100,313,70,14,1,5,49,91,653,1760,170,513,127,25,5,3,58,146,109.69332780770826
2023,16340,339,2.0,1221,1064,207,649,176,38,3,15,62,130,1790,2062,270,888,231,49,4,19,102,214,77.37369632940539
2023,16340,341,3.0,2603,2236,341,1001,308,40,16,7,124,160,1498,1295,215,719,219,27,2,11,81,112,109.23674918338997
2023,16340,342,1.0,665,1035,115,383,102,23,3,14,52,87,1978,3696,399,1264,299,64,8,39,169,359,103.95242984781842
2023,16340,346,1.0,1711,944,246,833,238,57,3,16,116,119,1220,1315,242,857,231,38,3,21,100,167,103.03074036657527
2023,16340,347,2.0,1208,848,158,400,107,16,1,3,73,65,1354,4061,357,908,176,25,5,7,122,211,85.78982432764123
2023,16340,348,3.0,588,780,96,329,105,18,2,12,43,86,1733,1728,185,613,188,34,3,27,86,149,76.17018202831552
2023,16340,349,2.0,1782,1710,255,832,239,55,4,44,126,193,2179,1491,361,1228,330,78,5,32,168,279,134.7023561468184
2023,16340,350,2.0,472,2204,149,371,81,14,1,0,49,145,690,2756,213,542,117,24,0,4,50,156,111.01052869390442
2023,16340,351,3.0,1453,603,177,533,169,44,4,19,90,81,2067,1915,291,893,267,55,3,23,111,185,84.88707659041961
2023,16340,352,1.0,1345,1082,212,658,213,36,4,25,63,112,2016,1891,278,961,277,53,3,30,108,225,81.4582920833917
2023,16340,354,2.0,1460,790,155,477,174,36,1,20,67,59,1797,1464,233,783,242,36,4,21,98,146,103.71843190788496
2023,16340,355,1.0,1735,1514,237,812,224,56,6,20,114,177,1646,2129,324,1098,268,47,13,24,142,296,117.6601559225417
2023,16340,358,2.0,1459,1446,233,767,225,39,5,22,83,166,1265,1482,223,734,195,39,3,14,70,135,101.21302833680441
2023,16340,360,2.0,910,990,168,523,137,20,3,9,66,92,1363,1384,231,796,227,35,1,20,93,140,95.10374954495813
2023,16340,361,1.0,1420,2190,243,846,227,32,3,29,88,195,2363,3310,351,1214,318,64,4,37,172,347,91.91687721566093
2023,16340,363,1.0,1974,1643,275,824,234,47,7,22,111,185,1624,2665,335,974,226,48,7,20,89,235,102.73172386019202
2023,16340,365,1.0,4742,1796,427,1215,409,77,12,92,210,238,2340,1905,336,1197,335,48,6,52,185,345,121.19330359728899
2023,16340,366,1.0,2173,2035,323,1060,284,65,5,57,140,235,1442,1848,259,907,216,49,1,34,109,242,102.5597786707068
2023,16340,367,1.0,2861,1671,354,1109,331,64,12,35,137,246,1421,1258,236,739,186,35,2,22,82,192,112.77839990046039
2023,16340,368,1.0,1911,1699,218,709,239,46,9,14,110,177,2142,3686,448,1450,337,53,5,28,179,370,127.2943650708695
2023,16340,370,1.0,1403,1774,246,796,225,43,6,11,101,146,1497,1599,287,994,252,45,4,21,100,221,119.71899224806202
2023,16340,372,3.0,968,491,124,447,147,27,1,8,41,67,1417,1650,252,950,254,54,14,17,81,213,96.67637809354522
2023,16340,374,3.0,2004,870,250,778,249,42,13,7,98,115,2734,1392,334,1079,286,43,3,19,166,211,93.06020358700921
2023,16340,376,3.0,467,321,57,161,60,18,1,8,21,28,963,1463,169,454,149,36,8,9,52,94,96.30465281092262
2023,16340,379,3.0,186,692,63,179,40,8,1,2,14,38,770,1549,184,561,151,25,5,6,61,133,110.57858819825186
2023,16340,380,1.0,1271,641,172,613,192,35,5,31,89,122,2316,2467,312,1129,319,51,2,54,157,284,72.51262951635881
2023,16340,381,1.0,993,1095,142,544,157,23,2,16,88,129,2030,2793,361,1249,307,64,9,27,213,312,110.06065420096778
2023,16340,382,3.0,1220,1198,179,496,156,38,2,5,67,82,1730,1566,195,569,172,31,4,2,87,128,79.9191164506156
2023,16340,383,2.0,1017,562,165,503,156,29,4,9,67,108,3596,2285,446,1395,410,63,15,41,197,288,72.57413447517173
2023,16340,384,2.0,975,1502,145,464,147,27,3,13,45,88,1555,1699,314,927,237,42,7,11,109,217,164.8428459402751
2023,16340,385,3.0,1805,867,200,662,230,48,11,15,81,88,2188,1294,253,881,296,49,10,18,93,147,97.0729465824239
2023,16340,386,1.0,1085,1523,148,507,158,34,0,13,68,96,2283,3414,348,1236,346,57,8,32,137,293,107.64129057967922
2023,16340,388,1.0,1089,1729,251,852,210,43,5,21,93,209,1526,2148,266,975,255,52,3,26,97,223,81.2848768236797
2023,16340,389,3.0,939,1865,176,538,145,16,3,11,52,106,699,2284,189,659,177,26,3,2,64,133,100.94246182915307
2023,16340,390,3.0,1646,1303,242,824,241,47,8,8,94,158,1614,1500,208,640,202,31,2,10,88,120,81.3962005764423
2023,16340,391,1.0,858,894,125,372,124,34,1,13,47,81,1029,1240,149,496,143,21,1,7,70,121,92.03984133979726
2023,16340,392,1.0,2465,1715,248,918,296,61,5,57,164,172,2942,2283,332,1261,379,79,8,72,209,277,107.0967741935484
2023,16340,393,1.0,1427,2394,297,882,200,37,1,14,109,188,1345,2063,290,921,216,42,5,9,95,228,109.47601998071481
2023,16340,397,3.0,534,804,101,287,81,16,0,3,46,69,707,866,106,327,108,13,7,2,53,74,89.2713047528529
2023,16340,398,3.0,761,881,92,339,117,28,4,14,45,56,1007,1220,158,603,183,17,6,12,56,134,126.62579801253393
2023,16340,399,3.0,1402,1316,231,649,177,24,11,14,86,173,1131,1237,172,551,162,36,7,8,71,111,85.46419796419796
2023,16340,400,1.0,1081,1317,132,462,151,26,0,22,43,87,984,1876,232,727,169,30,3,13,75,184,147.36596736596738
2023,16340,401,3.0,843,686,136,463,136,28,11,9,41,111,1459,1250,171,578,189,45,9,13,82,128,70.96687512214187
2023,16340,402,1.0,2092,1455,330,1122,316,71,12,30,159,230,1414,1398,226,824,217,47,6,18,82,161,86.38540454329929
2023,16340,404,1.0,1647,1669,278,915,246,42,12,33,146,228,1140,1508,232,839,210,47,6,21,90,217,104.50564020083029
2023,16340,406,1.0,2586,2613,344,1029,298,40,2,69,145,253,2040,2044,261,878,257,41,2,40,110,194,96.58643771496254
2023,16340,407,2.0,915,1461,178,553,157,25,12,2,49,89,2145,2756,331,1094,307,45,8,14,110,204,90.15082911306796
2023,16340,408,2.0,768,364,165,512,130,25,2,22,55,134,1419,1427,229,717,202,42,9,19,86,193,55.203049468685435
2023,16340,410,1.0,654,816,99,350,107,22,0,13,40,69,1061,1203,163,564,146,18,8,9,65,140,106.9038440946568
2023,16340,411,3.0,1048,912,157,478,139,29,5,16,75,102,1043,1262,175,589,171,41,9,9,67,137,94.78149135775178
2023,16340,412,3.0,1639,1041,230,756,225,34,8,6,97,144,1509,1190,156,555,157,24,5,14,93,98,67.348615429225
2023,16340,413,2.0,2645,1074,244,796,299,75,5,49,106,120,4094,3029,339,1186,409,93,6,66,175,190,72.53925749649599
2023,16340,414,1.0,1363,1504,227,730,188,43,8,28,101,215,2724,2999,354,1216,322,75,4,51,210,375,78.1234388482674
2023,16340,415,1.0,3600,1663,390,1164,364,63,8,75,164,288,1746,2185,314,989,268,42,1,44,130,297,107.7941934263481
2023,16340,416,1.0,1547,846,187,654,203,46,13,18,107,154,1991,2070,315,1158,344,57,15,33,146,251,99.26100233471644
2023,16340,418,1.0,1901,1672,282,823,241,43,6,32,93,180,1575,2433,341,1026,244,49,8,27,118,306,107.79796789399923
2023,16340,419,1.0,1847,1767,272,958,285,46,5,25,95,176,1532,2042,257,933,263,43,4,24,70,206,95.54276803054742
2023,16340,420,3.0,1281,801,138,433,137,21,7,15,57,83,2456,1791,284,928,276,47,11,37,142,230,100.88758305095158
2023,16340,422,2.0,1292,2032,222,661,164,31,4,6,103,180,1761,1931,223,743,204,40,6,20,124,178,90.43805452256156
2023,16340,423,2.0,1756,574,235,739,237,52,14,21,95,131,2416,1551,311,1117,335,73,7,32,147,248,77.72956679842746
2023,16340,424,3.0,1308,841,199,601,175,32,11,6,84,110,1808,859,213,714,218,46,3,14,79,129,86.24619158786057
2023,16340,426,3.0,1095,1063,176,560,159,33,2,6,73,91,1565,2314,277,916,270,41,4,10,78,163,87.55859054582953
2023,16340,427,2.0,568,855,86,296,86,20,1,11,22,74,1498,1500,223,761,213,43,4,28,77,204,123.07778829297051
2023,16340,428,1.0,1188,1598,258,830,208,42,2,20,116,210,1194,2103,250,834,218,51,4,15,99,216,81.88087361543145
2023,16340,429,2.0,1485,1848,259,760,197,31,4,30,99,167,1751,1953,243,793,200,31,6,27,119,180,84.42495642819617
2023,16340,430,1.0,2582,2226,299,941,298,60,1,51,142,186,1419,1770,214,732,181,42,3,40,125,192,107.90772209235134
2023,16340,431,3.0,166,92,38,123,26,4,0,1,15,33,1203,2608,276,814,211,39,2,11,100,183,49.170683202364344
2023,16340,432,1.0,1510,2126,206,578,181,30,6,17,80,153,1378,2994,283,812,215,35,8,13,80,233,114.25176986827029
2023,16340,433,1.0,2532,2212,330,1065,315,59,2,60,136,217,1252,1494,221,749,203,41,5,23,88,171,115.6971021209914
2023,16340,434,1.0,2228,1483,280,853,254,47,10,54,121,213,1534,1934,288,984,238,43,7,29,127,279,110.06426099851706
2023,16340,435,2.0,2001,1682,236,715,210,42,9,21,103,144,1926,1688,242,708,215,35,3,23,83,151,104.50015476536632
2023,16340,436,2.0,1753,2300,275,804,226,43,8,15,110,213,1635,2152,273,871,258,35,6,16,95,204,106.2456729961351
2023,16340,437,2.0,2278,1336,229,740,249,54,7,17,100,116,2144,1448,293,1056,321,64,12,15,108,203,128.731241672421
2023,16340,439,1.0,1184,2403,220,711,192,28,4,11,78,148,1597,2267,239,800,211,35,6,23,83,161,100.84850837568229
2023,16340,442,3.0,1970,903,151,579,228,39,8,18,89,74,1287,934,153,556,173,39,4,15,72,106,131.06947231573392
2023,16340,443,3.0,595,1214,124,441,130,12,2,3,44,68,1642,2412,241,864,279,52,6,7,77,172,86.72617247799862
2023,16340,444,1.0,2108,1399,209,710,232,49,8,64,110,177,1678,2036,310,1027,254,46,9,30,126,291,140.0584365893438
2023,16340,445,2.0,1405,1736,193,545,160,32,5,13,85,116,1091,1967,199,557,154,36,4,10,82,130,105.90737960738335
2023,16340,450,1.0,2020,2208,231,776,268,39,4,49,80,155,1862,3160,323,996,278,53,1,28,132,267,117.7196094758819
2023,16340,451,3.0,1591,949,151,458,165,36,5,24,68,75,2071,1158,244,783,248,43,18,18,105,167,127.10965812719581
2023,16340,452,3.0,1141,690,116,372,123,21,4,10,48,64,1934,1566,288,922,251,51,4,14,108,193,129.8837438423645
2023,16340,453,3.0,872,444,108,374,117,27,5,3,64,66,1529,2385,274,821,219,44,5,10,100,185,85.30252275781146
2023,16340,454,1.0,1909,1713,300,986,265,46,8,28,165,216,1860,1387,266,1001,282,50,9,41,108,279,98.90688840981419
2023,16340,455,3.0,989,1219,154,507,138,35,1,3,50,97,2075,1668,209,697,239,50,7,8,89,125,80.0580130529369
2023,16340,456,1.0,2339,1838,279,1008,315,72,5,28,141,196,1258,1742,207,755,181,27,3,27,83,185,103.3021505376344
2023,16340,457,1.0,3021,1780,368,1235,362,76,5,55,206,250,1575,1354,233,842,225,52,2,32,121,224,103.7816178544391
2023,16340,458,1.0,2206,1676,323,1019,265,55,2,53,193,271,2009,1903,323,1121,298,52,1,50,143,299,99.23312883435584
2023,16340,459,1.0,1639,2493,308,964,256,45,4,22,112,235,1932,2575,308,1028,285,50,4,42,134,250,91.67960949633903
2023,16340,460,1.0,2214,1969,305,1047,317,45,9,37,113,202,1700,1989,255,910,262,54,1,35,106,202,94.80244768452066
2023,16340,462,3.0,1097,850,123,362,108,26,3,5,45,62,1013,1470,181,548,154,30,2,7,75,126,115.38854454190937
2023,16340,463,1.0,2101,985,224,742,240,44,8,49,85,173,2419,2113,358,1190,332,60,5,48,158,303,108.82809544824106
2023,16340,464,1.0,1566,1084,219,723,229,47,4,30,89,153,1182,2257,268,904,231,33,8,18,80,237,94.29841158561278
2023,16340,465,1.0,2277,1815,246,869,271,52,14,28,103,194,2024,2524,317,1133,306,62,10,31,125,259,115.94160928416673
2023,16340,466,1.0,1906,2101,256,871,262,63,7,30,98,189,1014,1601,258,862,194,35,5,25,81,262,154.4284775334608
2023,16340,467,3.0,343,421,77,209,63,16,2,1,20,53,1739,2250,261,691,171,38,2,10,82,217,64.92008868544342
2023,16340,468,2.0,1742,704,173,557,198,41,2,35,76,92,4290,1426,415,1278,405,74,7,47,192,275,102.6517189351865
2023,16340,470,2.0,806,686,139,443,135,23,4,7,49,80,1559,857,192,661,191,40,6,24,113,129,85.30182476535329
2023,16340,471,1.0,391,493,119,376,78,19,1,7,44,89,1994,2637,378,1316,331,50,8,41,156,336,60.634852083783194
2023,16340,472,1.0,2013,2070,249,839,248,50,3,44,93,197,810,1639,183,582,144,22,2,18,56,161,122.52997289279617
2023,16340,473,1.0,3084,1810,282,988,365,73,17,56,134,178,1596,1475,240,877,252,52,7,31,75,211,135.62703949784185
2023,16340,474,1.0,2675,1096,257,830,255,56,10,41,133,170,2010,2161,330,1156,325,50,6,47,129,269,116.0906276149847
2023,16340,475,3.0,1053,1460,147,466,138,27,0,7,59,98,1331,1380,244,810,236,37,4,8,111,169,153.8634487361894
2023,16340,478,3.0,1434,809,143,403,133,35,2,21,63,83,1293,1007,170,549,174,36,3,7,80,84,115.9349346305868
2023,16340,479,3.0,1141,935,150,436,127,21,4,10,43,75,1665,1198,171,577,190,40,4,12,75,105,82.66294097100943
2023,16340,480,3.0,918,656,103,263,96,14,5,2,45,55,1429,2390,256,785,213,35,6,7,100,167,102.43722623469264
2023,16340,482,1.0,862,852,108,375,107,26,0,20,57,91,1371,1620,201,708,192,39,5,21,112,176,106.65143578884803
2023,16340,484,3.0,749,691,124,413,116,27,0,8,33,50,924,1194,169,580,155,30,3,11,90,112,92.66197569222334
2023,16340,485,1.0,1268,2187,279,918,253,41,11,9,71,274,935,2798,234,776,175,28,4,16,91,252,77.62501836281464
2023,16340,486,3.0,454,665,81,239,68,15,2,10,27,47,952,1456,151,467,150,33,4,11,74,97,86.62944505967762
2023,16340,487,1.0,1231,1953,215,747,183,40,4,17,119,215,1265,2153,248,859,227,50,1,20,92,207,107.45193027338169
2023,16340,488,1.0,1538,1543,225,816,234,40,8,20,75,154,848,1758,219,718,171,38,3,11,63,164,115.07444359171144
2023,16340,490,1.0,2854,1425,363,1160,361,83,7,60,170,212,1806,1627,238,833,233,46,3,32,103,178,81.72196771089867
2023,16340,491,3.0,2009,1115,238,815,259,49,9,15,138,135,2082,1479,201,799,263,47,6,25,114,131,74.08975384593603
2023,16340,493,1.0,827,563,100,321,104,21,2,8,58,74,2659,2660,412,1508,396,95,8,46,179,393,107.66685467193082
2023,16340,496,3.0,824,752,131,453,136,17,5,5,51,84,1740,2532,313,961,243,34,4,13,106,202,88.14506675815535
2023,16340,499,2.0,1350,1736,230,705,206,32,1,28,107,120,1416,2077,239,760,207,43,9,11,87,202,91.80522535754739
2023,16340,500,1.0,2148,842,247,785,239,37,5,43,111,158,2690,1806,361,1294,375,64,9,63,149,292,97.19750889679715
2023,16340,502,1.0,870,1199,133,416,133,21,10,5,43,83,1707,3955,353,1027,258,48,6,20,105,275,96.9870366484916
2023,16340,505,1.0,2653,1857,257,866,283,68,8,43,157,194,2206,2494,332,1112,293,61,5,17,157,274,123.9605927643017
2023,16340,507,2.0,1034,1446,186,591,153,20,2,18,68,119,1526,1947,272,890,233,33,2,30,111,183,104.42460888760918
2023,16340,508,1.0,1888,1126,262,877,240,48,8,35,129,219,1479,2195,285,979,255,50,2,26,124,238,89.23755542350413
2023,16340,509,1.0,1019,1408,167,558,147,36,0,16,61,133,1731,3574,358,1150,273,72,2,22,126,300,98.07333495120974
2023,16340,510,2.0,2127,701,199,611,218,57,8,22,71,101,2837,2174,404,1358,414,95,12,43,168,266,114.57326544917763
2023,16340,511,3.0,451,821,80,210,54,14,4,4,17,50,810,1361,189,547,140,31,2,5,50,115,138.42008291110085
2023,16340,513,1.0,1430,904,241,784,209,36,3,40,86,198,1679,2046,318,1006,237,49,7,20,103,266,82.67698905566849
2023,16340,514,1.0,2150,1918,279,840,225,48,4,32,117,216,2326,3656,428,1348,344,77,8,21,189,348,104.3215668510909
2023,16340,515,3.0,441,997,130,403,98,12,1,2,33,59,1556,1708,221,735,226,41,14,10,67,114,74.89583333333333
2023,16340,516,3.0,1188,2490,243,783,218,41,1,19,94,173,830,1275,155,512,137,18,4,10,62,107,111.45127708864844
2023,16340,517,3.0,789,565,100,340,94,13,2,11,45,53,1383,983,222,770,219,43,3,10,71,118,127.04480135249365
2023,16340,518,1.0,1656,996,243,827,231,44,6,41,131,180,1898,2345,297,1014,268,42,9,19,175,294,76.3924895906984
2023,16340,519,1.0,1110,1157,167,593,167,28,2,23,66,127,1871,2454,279,982,268,57,4,22,121,212,87.56955453255338
2023,16340,520,3.0,670,625,87,286,91,20,0,5,44,40,1281,1619,201,688,205,28,5,11,66,145,103.16884661117716
2023,16340,521,1.0,3152,1764,326,1106,368,81,6,68,150,266,1802,1748,268,866,223,52,5,34,128,228,113.84152769376999
2023,16340,522,1.0,1510,1735,254,851,236,44,11,23,141,209,2199,2008,305,1101,321,52,8,24,201,249,92.62075393653996
2023,16340,523,1.0,2832,1791,324,1070,323,65,9,60,159,294,1632,1667,244,814,214,42,7,39,125,250,105.5325407250233
2023,16340,524,3.0,619,409,89,278,97,24,5,8,33,46,1774,1935,261,778,231,47,9,5,138,172,81.28057776256358
2023,16340,525,3.0,220,681,60,174,44,8,1,6,20,54,553,1513,145,467,123,30,4,6,31,124,105.39286866731203
2023,16340,526,3.0,779,377,125,380,114,20,7,3,51,57,1192,1521,179,569,164,27,6,8,70,79,61.01702911905639
2023,16340,527,1.0,2672,1184,283,954,327,55,8,51,136,155,2779,1564,363,1385,422,77,11,47,191,341,113.8852253209543
2023,16340,528,1.0,2477,1297,287,977,298,64,4,37,188,225,2202,1617,294,1069,305,59,4,51,160,296,101.2319659724484
2023,16340,529,1.0,2408,2065,370,1158,317,75,2,64,132,271,1800,1392,221,863,282,63,7,32,81,191,83.700213371266
2023,16340,530,3.0,1039,1113,150,429,148,21,3,9,56,84,2260,2221,281,888,248,52,4,21,125,248,89.9668228817972
2023,16340,531,3.0,572,606,84,214,58,10,0,6,20,41,1463,947,147,474,156,26,7,13,43,103,85.53941908713693
2023,16340,533,2.0,673,754,130,398,114,23,2,6,53,69,1071,729,160,558,157,28,5,9,84,103,97.57264957264957
2023,16340,534,1.0,1299,2104,228,760,217,41,3,14,69,170,1492,2542,272,934,255,50,7,19,73,204,100.63756316920214
2023,16340,536,1.0,1924,1452,283,972,269,46,6,23,137,219,1983,1798,250,947,309,49,4,45,104,176,78.87680919008282
2023,16340,537,2.0,2929,1462,291,975,320,63,5,21,185,186,2252,1568,266,920,264,60,6,34,138,200,105.07241683309043
2023,16340,538,3.0,892,476,90,250,86,14,1,1,38,35,2002,1841,306,976,281,54,5,9,109,204,121.03044496487118
2023,16340,539,1.0,2013,1244,208,719,224,40,12,14,115,147,1736,2360,308,1002,261,57,6,30,99,248,117.74573692908655
2023,16340,540,1.0,768,416,110,401,125,28,5,13,47,77,1615,1131,222,834,229,45,10,24,91,213,87.0184731510296
2023,16340,541,1.0,1440,1580,235,777,206,40,2,20,116,176,1926,1951,259,934,256,58,4,32,104,245,85.85054247910482
2023,16340,542,3.0,1589,1383,202,723,215,44,0,18,113,138,1074,1367,185,642,182,23,4,11,66,120,111.50680819823073
2023,16340,543,2.0,1791,1011,222,641,200,34,3,18,108,133,1704,1899,262,778,210,36,7,21,126,170,91.78087329627712
2023,16340,545,1.0,1359,1773,198,620,157,33,5,28,114,172,1842,2310,307,1056,277,55,8,37,190,295,116.96006305832896
2023,16340,546,2.0,871,1378,200,531,145,18,6,11,43,110,1552,1715,283,843,216,47,4,22,102,164,97.40847872666053
2023,16340,547,3.0,785,729,106,315,96,24,3,1,48,52,612,898,162,551,125,23,1,7,55,118,153.23503686117706
2023,16340,548,3.0,541,1118,103,337,98,16,1,6,34,65,1192,1811,208,645,174,34,4,4,74,173,111.5622241835834
2023,16340,549,3.0,1576,1233,245,826,234,40,3,21,137,145,939,685,143,524,155,20,4,15,68,94,100.95682115210616
2023,16340,551,1.0,1412,1292,232,775,223,54,2,12,71,164,2545,1860,307,1145,361,67,6,39,129,227,81.22901092019256
2023,16340,553,1.0,1280,892,162,512,172,34,2,7,63,88,2078,3614,426,1315,316,55,6,6,158,357,100.34356211446864
2023,16340,554,1.0,646,582,90,339,100,18,4,15,42,57,1904,2396,295,1097,302,69,4,45,155,302,93.60723514211887
2023,16340,555,3.0,442,1375,91,256,68,9,1,3,25,68,218,1390,97,268,63,11,1,2,17,87,120.44789787327099
2023,16340,557,3.0,957,994,158,502,141,28,0,9,51,131,1682,1409,238,741,218,47,3,22,90,144,95.07758334732522
2023,16340,559,1.0,1360,1389,219,649,184,36,3,10,72,136,2479,2416,343,974,265,52,11,30,90,236,87.95733228856209
2023,16340,561,2.0,2521,1331,254,844,298,44,3,74,116,188,2575,1802,301,1039,324,74,9,56,156,232,104.28996238390009
2023,16340,562,1.0,2079,1019,172,644,238,39,5,40,109,124,2158,2522,354,1327,362,77,13,36,121,324,136.2418008348241
2023,16340,563,1.0,1721,2837,283,982,268,53,8,23,132,224,922,2508,234,776,176,35,2,16,78,229,109.87771585161073
2023,16340,564,3.0,1062,1029,150,473,150,31,2,7,64,90,1140,1155,186,611,157,27,4,10,82,105,112.97777777777777
2023,16340,565,3.0,2472,1277,297,964,323,52,13,27,142,156,2071,1485,226,800,238,44,5,31,138,176,80.22425227149637
2023,16340,567,3.0,1385,1077,210,668,196,25,4,9,75,143,1067,1202,171,532,154,27,5,12,51,86,88.35484480261914
2023,16340,570,3.0,1774,1516,244,745,236,45,9,15,97,157,987,740,117,387,114,22,6,6,56,77,91.34811622542645
2023,16340,571,3.0,1412,722,172,589,191,34,4,14,84,113,1281,812,176,657,183,38,7,10,98,135,104.33004811164568
2023,16340,572,1.0,1373,1300,187,634,176,39,3,28,86,189,2017,2857,342,1161,296,64,4,50,123,333,100.2993072485457
2023,16340,573,3.0,2306,1460,271,889,310,55,13,26,118,125,1321,1041,155,515,160,35,2,9,72,84,91.19327857122772
2023,16340,574,1.0,1656,1662,273,941,248,44,4,31,140,218,1096,1735,255,925,223,44,3,27,101,269,109.4747710784447
2023,16340,575,1.0,2723,2069,297,1043,345,90,7,41,163,192,1257,1800,237,858,234,46,2,21,92,174,125.08731409614629
2023,16340,576,1.0,886,806,153,517,140,24,2,8,74,100,2873,2035,398,1413,373,86,3,35,174,292,89.67831631430079
2023,16340,577,3.0,906,777,123,404,122,22,2,7,47,46,2188,2193,311,1042,284,58,9,22,128,215,97.13285194938231
2023,16340,578,3.0,1788,1046,212,651,199,41,15,6,83,127,1596,1332,221,716,191,31,3,23,86,164,100.89861068151356
2023,16340,580,3.0,629,336,64,230,75,12,1,4,35,48,656,632,101,361,113,18,5,4,30,78,118.23684976708073
2023,16340,582,3.0,374,556,62,218,72,17,1,6,27,35,811,1288,142,513,148,27,3,3,43,110,101.47689375893283
2023,16340,583,3.0,775,552,108,379,101,13,3,8,66,85,1214,1981,217,690,191,31,4,7,84,153,83.45186344403871
2023,16340,584,2.0,2395,1288,302,985,299,64,12,35,130,184,2478,2156,308,1132,368,60,3,45,112,236,81.05680158460214
2023,16340,585,3.0,990,1120,148,515,152,28,5,14,75,88,1209,1354,178,656,189,27,6,10,71,146,99.01298098722991
2023,16340,587,1.0,1297,746,184,644,190,28,4,23,90,101,2528,1891,345,1273,373,74,9,41,158,225,86.68533604887983
2023,16340,588,3.0,1046,626,121,424,129,28,7,4,70,60,1065,1101,168,556,138,21,2,8,72,115,107.17703349282297
2023,16340,589,3.0,931,650,132,374,100,16,5,0,64,78,797,1025,135,418,101,21,0,5,45,78,88.7448857399461
2023,16340,590,1.0,1594,1503,214,732,222,50,5,16,91,173,3085,2619,401,1353,378,43,11,41,194,327,101.74012989736664
2023,16340,591,2.0,457,489,118,362,92,24,3,3,37,65,3168,2524,389,1271,394,62,18,19,174,209,54.78905868480294
2023,16340,593,2.0,788,1134,136,479,134,22,2,17,63,117,1272,2639,286,1016,234,44,2,27,120,309,103.34576684163821
2023,16340,596,1.0,474,999,112,366,94,22,2,4,34,75,889,2348,202,600,145,24,1,22,50,148,82.07169336687409
2023,16340,598,2.0,893,413,101,259,90,14,2,6,42,39,4172,2744,478,1559,501,108,13,47,178,254,89.37060854726305
2023,16340,601,3.0,1201,616,143,478,153,35,7,23,66,81,2105,1646,251,897,278,62,9,39,132,225,85.02478593121089
2023,16340,603,1.0,1746,1323,240,822,249,47,5,15,116,161,2307,1841,283,980,288,63,8,38,135,238,87.24355110896818
2023,16340,606,1.0,2477,1432,256,886,289,50,9,38,137,178,1834,2436,270,960,274,48,8,36,113,225,96.55207113583138
2023,16340,607,3.0,406,396,57,197,58,11,1,3,28,37,1032,1569,196,614,176,36,6,8,59,131,106.02669688446413
2023,16340,608,2.0,2487,2049,329,1065,330,60,5,17,133,177,1562,1056,213,679,194,16,6,12,83,130,112.1726833867009
2023,16340,609,1.0,1830,1281,237,776,229,35,3,21,119,152,2861,2662,348,1210,359,70,8,37,151,246,82.70958958738716
2023,16340,610,1.0,1441,1293,231,765,212,29,6,34,80,173,1814,1945,303,1047,275,53,6,45,105,230,95.4018580514989
2023,16340,613,2.0,379,1040,90,291,87,9,1,7,28,61,570,1851,174,548,128,24,1,3,49,144,113.31681123502686
2023,16340,614,3.0,543,889,101,360,113,19,4,3,35,63,1636,1816,222,747,214,35,7,16,82,181,91.18089097438133
2023,16340,615,3.0,697,778,86,267,95,23,5,1,41,41,721,920,130,419,118,19,3,7,38,79,135.87149072460073
2023,16340,617,1.0,1405,1949,160,554,178,34,5,15,82,143,1659,4017,350,1056,253,41,2,23,142,290,129.26136363636363
2023,16340,618,3.0,512,566,75,250,88,21,4,1,25,40,566,935,142,465,120,21,4,6,42,98,135.97690428603153
2023,16340,621,3.0,343,685,78,240,64,12,1,4,33,42,400,642,107,328,89,16,4,6,38,64,135.33638466459962
2023,16340,622,3.0,2708,1268,258,804,275,62,6,36,95,119,2809,1340,224,726,241,52,9,29,93,146,83.20151862501659
2023,16340,623,3.0,1787,414,174,479,174,33,1,7,69,72,2569,1440,289,896,267,49,14,13,101,171,91.18692711514036
2023,16340,625,1.0,1837,1115,297,951,280,65,7,46,150,171,2670,3144,386,1374,407,72,10,72,174,283,65.9890963296536
2023,16340,626,1.0,1460,1670,301,865,206,42,9,18,99,243,1299,1429,253,824,219,42,5,16,73,190,96.43928839352695
2023,16340,627,1.0,1734,1445,219,726,207,32,4,31,120,125,1316,1446,237,842,226,47,7,22,95,162,124.55784472240683
2023,16340,628,2.0,1334,1263,245,795,268,47,13,13,56,132,1749,1527,264,840,249,42,12,23,101,139,85.42124542124543
2023,16340,629,1.0,1350,1425,256,851,217,51,5,24,100,231,1224,1986,206,706,188,30,2,22,78,176,69.56410630841121
2023,16340,630,1.0,1984,1292,297,1029,289,76,3,32,120,214,2223,2962,355,1224,337,66,8,40,157,302,75.52087899243155
2023,16340,631,1.0,1931,1524,264,913,275,51,10,40,129,203,1874,1321,276,1037,306,57,7,36,135,274,113.05306586996728
2023,16340,632,2.0,2598,1113,283,714,244,33,12,7,133,100,1871,1645,224,715,210,34,6,10,136,122,83.54176967884321
2023,16340,633,3.0,1953,1375,188,596,228,35,12,11,75,100,2243,1472,231,714,222,40,4,11,151,151,110.07244924257608
2023,16340,635,1.0,1242,700,201,727,233,37,10,11,87,100,2100,2046,323,1166,318,52,6,29,147,243,75.27077588420656
2023,16340,637,3.0,2224,1333,286,906,300,70,15,10,119,156,2137,1083,245,895,296,50,6,26,100,150,94.62982669504409
2023,16340,638,2.0,1519,1428,266,879,267,42,12,13,87,168,1201,1793,225,806,213,37,3,20,81,171,83.25862250817426
2023,16340,639,1.0,947,1262,166,528,140,22,3,15,66,130,1922,3702,409,1273,298,56,3,34,150,398,96.7755445680303
2023,16340,641,3.0,508,774,129,424,96,18,1,1,47,100,751,991,159,533,141,28,2,8,41,139,90.70835447093691
2023,16340,642,3.0,1270,1070,173,539,161,27,0,24,64,95,1798,1205,218,732,237,43,13,12,99,143,98.19082651452592
2023,16340,643,2.0,1407,1260,233,716,205,53,11,13,78,140,1096,937,219,709,173,34,5,22,66,153,123.30305326912807
2023,16340,645,2.0,1348,1250,284,773,188,32,2,8,104,185,1205,1835,219,626,165,31,3,17,80,146,65.90089881393625
2023,16340,646,1.0,1934,2196,299,992,271,48,9,20,165,215,1600,1601,220,789,226,31,5,33,113,178,94.93270811065521
2023,16340,648,1.0,3479,1476,375,1139,315,53,6,74,220,345,1914,1409,276,927,250,46,2,43,150,281,109.7466145049654
2023,16340,649,1.0,1064,476,105,356,117,20,3,31,54,84,2420,2913,395,1356,367,76,11,56,184,385,108.63178948684293
2023,16340,651,1.0,1645,2457,301,975,266,38,3,39,93,251,1573,1786,261,916,246,45,2,30,104,253,105.89114977464223
2023,16340,652,3.0,1628,1995,256,719,209,44,9,19,90,179,855,948,194,532,136,28,4,4,52,139,152.27702093732665
2023,16340,654,1.0,1773,1290,267,889,245,49,5,25,113,196,1810,1963,287,953,236,39,6,38,102,247,87.26313814596318
2023,16340,655,1.0,2000,1635,300,936,226,35,7,21,136,195,1429,1312,220,690,171,34,2,10,100,160,97.251611334063
2023,16340,656,3.0,616,855,99,351,129,16,0,9,32,48,1142,981,176,562,161,43,6,16,81,117,123.17998639242163
2023,16340,657,1.0,2263,1239,303,1024,310,62,15,32,151,213,1568,1693,269,918,244,37,13,28,96,214,95.33996637934263
2023,16340,658,2.0,847,555,141,451,121,21,1,9,71,91,2555,1877,292,1037,310,60,2,25,162,207,65.51066390147733
2023,16340,659,1.0,1788,1544,273,970,296,64,2,42,86,167,1778,1754,279,995,267,54,10,37,114,203,96.4108371809391
2023,16340,660,1.0,1578,1361,213,708,200,47,5,30,115,162,1781,2326,321,1090,288,57,4,39,109,278,107.84507385192576
2023,16340,661,1.0,2077,2211,247,794,228,36,8,16,134,183,1474,2441,306,1021,260,39,8,21,135,266,135.68988784959745
2023,16340,662,3.0,582,299,74,230,69,16,4,5,30,50,842,1122,151,486,123,31,1,10,46,117,91.53341223096824
2023,16340,664,1.0,2202,1410,304,1006,299,60,10,42,141,223,2141,1706,312,1120,298,64,3,41,150,250,96.36216874392898
2023,16340,665,1.0,1163,988,160,529,157,35,6,15,96,90,1677,2607,291,994,240,39,8,20,159,253,91.31959033613445
2023,16340,669,1.0,1733,1573,266,863,236,41,5,38,128,221,1928,1671,287,1047,280,75,8,47,123,260,99.11086412892472
2023,16340,670,1.0,2701,1696,326,1039,301,47,8,60,155,240,1534,2324,282,939,234,58,1,23,117,252,98.58838458529324
2023,16340,671,1.0,2495,1534,350,1033,297,68,8,29,128,266,2386,1767,308,1028,306,72,10,38,123,258,85.37250180592342
2023,16340,673,3.0,1077,1001,196,651,202,43,17,2,71,124,1053,1882,231,806,246,52,2,2,60,141,83.44366025797031
2023,16340,674,1.0,2317,1836,290,1096,355,63,4,52,132,200,2609,1967,289,1106,344,73,9,60,139,260,90.44316674704606
2023,16340,676,1.0,1688,2703,259,809,234,46,5,17,93,191,1928,2081,260,916,265,46,5,32,87,244,109.95145093423966
2023,16340,678,1.0,2818,1892,355,1137,313,69,7,44,190,268,1613,1641,238,814,235,42,2,40,77,219,97.04026247219024
2023,16340,679,3.0,2915,1298,313,812,248,63,3,22,147,181,1276,1167,233,691,190,38,2,8,119,141,128.37473958980408
2023,16340,681,3.0,771,730,124,407,95,19,1,6,52,56,1055,1099,138,474,138,23,6,5,60,90,77.55189145475785
2023,16340,682,1.0,926,1243,154,514,141,28,2,5,53,97,1248,2950,283,870,204,37,4,17,83,249,94.94734660289687
2023,16340,683,1.0,1636,1160,228,785,220,44,8,8,92,137,1869,2811,288,1003,278,51,5,33,90,220,75.46558704453442
2023,16340,684,3.0,614,663,78,265,80,11,14,6,50,64,716,1103,139,497,132,37,2,14,41,135,125.1060740615441
2023,16340,685,3.0,1357,1249,187,564,159,22,4,13,74,137,2574,2476,334,1134,319,64,9,22,165,250,92.1696404934611
2023,16340,686,3.0,1298,928,155,495,142,29,5,10,70,89,1302,1764,174,577,166,26,9,5,84,115,81.50243040212108
2023,16340,689,2.0,2827,1058,320,1005,334,77,8,30,137,184,2625,1425,255,917,328,55,2,28,121,144,76.44097222222223
2023,16340,692,1.0,1696,1971,258,875,256,40,2,53,131,194,2065,2844,354,1268,358,60,2,72,177,344,102.49470597431389
2023,16340,694,1.0,4284,1553,444,1292,396,74,13,93,238,326,1089,1149,249,821,199,31,2,28,72,250,146.2668767963674
2023,16340,695,1.0,1548,1770,230,805,241,50,9,25,105,177,1688,2061,301,1080,300,65,6,32,111,270,115.82427777842209
2023,16340,696,2.0,1433,1670,248,731,204,38,8,20,92,158,1981,1979,282,856,271,40,10,26,103,188,89.10129521016617
2023,16340,697,1.0,2722,2100,360,1147,325,58,5,53,201,268,1815,1716,280,980,249,47,5,32,185,271,106.21479593442209
2023,16340,698,1.0,2360,1573,310,1123,336,61,6,44,153,243,2562,1646,316,1174,353,82,4,45,170,279,95.27382558567399
2023,16340,699,1.0,2681,1646,259,726,256,50,3,39,131,135,2276,2249,324,978,280,60,6,22,140,220,119.62268819727385
2023,16340,700,1.0,3771,2199,382,1351,452,94,13,71,224,256,1422,1689,253,897,229,45,6,22,135,233,127.09588169659763
2023,16340,702,1.0,1177,1365,190,673,189,36,3,19,96,148,2260,2821,344,1293,381,74,8,37,145,278,90.57976569054993
2023,16340,703,1.0,3766,1661,410,1245,397,90,9,64,189,238,1276,1519,264,905,233,40,7,27,102,264,125.02535014616694
2023,16340,706,1.0,2742,1779,328,1113,362,55,19,36,160,215,1679,1511,237,852,243,44,8,42,97,178,102.40433137089992
2023,16340,707,3.0,420,839,73,228,67,17,0,2,46,27,561,1199,136,438,113,25,1,3,48,95,133.2689912826899
2023,16340,709,1.0,1198,1551,202,689,170,31,2,35,76,181,3271,3029,442,1653,483,77,8,94,227,442,95.47839069621247
2023,16340,711,1.0,2192,2426,309,1079,313,52,7,41,162,204,1789,2531,304,1086,301,55,4,32,110,235,105.16840465060531
2023,16340,712,3.0,782,1100,110,367,108,16,1,7,67,70,2041,2046,291,1087,291,45,5,16,149,206,121.81907155726583
2023,16340,716,1.0,2762,2129,320,1114,344,52,13,69,165,263,1883,1888,281,975,251,37,6,39,139,251,113.89311522142668
2023,16340,717,3.0,1421,861,170,543,159,36,5,18,92,106,1074,979,210,672,157,34,2,9,81,141,137.3083865791811
2023,16340,718,1.0,1863,2482,300,934,229,42,5,36,152,269,2045,2655,348,1086,277,55,3,45,121,302,107.23829787234041
2023,16340,720,2.0,1563,2541,236,732,213,26,11,10,129,169,1059,1919,187,609,160,31,4,7,82,132,109.1973910370969
2023,16340,721,1.0,1864,1319,181,674,252,62,13,19,87,108,2188,3403,395,1371,365,77,8,38,158,346,124.24120849312874
2023,16340,722,3.0,641,790,109,362,102,21,1,10,38,72,657,739,124,428,113,24,1,8,38,90,116.61365368944034
2023,16340,724,3.0,983,476,130,423,144,30,15,4,39,73,1301,913,168,606,197,41,12,21,61,82,85.16155930790076
2023,16340,725,1.0,1714,936,198,692,214,36,5,38,97,139,2310,1511,310,1113,326,72,8,35,112,251,108.58387592226902
2023,16340,726,1.0,1390,1770,271,807,218,43,9,10,77,154,1031,1675,230,736,187,42,3,13,79,134,99.11008200991101
2023,16340,728,2.0,655,492,84,291,93,13,3,16,32,57,645,1160,144,451,115,23,1,13,40,100,108.93549663632767
2023,16340,730,3.0,541,673,109,360,101,12,3,2,44,79,1494,2318,271,853,219,46,7,7,126,202,79.17874024086177
2023,16340,732,1.0,1809,1863,230,776,248,49,8,19,112,141,1757,2308,305,1113,285,51,3,29,126,240,119.78822396919622
2023,16340,733,3.0,1365,475,120,379,144,35,2,3,76,68,1781,1654,234,695,203,38,16,7,91,138,104.45414847161574
2023,16340,734,2.0,1800,1662,252,715,208,35,5,12,91,141,2248,1835,311,1045,303,41,8,36,126,155,104.64236147557233
2023,16340,735,1.0,779,1187,120,433,140,29,2,15,60,88,1681,1878,287,1057,287,49,3,34,156,237,132.11623115107238
2023,16340,736,1.0,2375,1251,326,1093,318,69,2,39,156,234,2052,1625,286,1004,258,45,8,37,118,235,86.5132451601816
2023,16340,739,1.0,996,1629,216,717,177,26,3,19,106,191,1619,2641,302,1019,245,53,7,23,131,284,86.1534950443401
2023,16340,740,1.0,2169,1838,270,911,268,59,6,18,132,220,1652,2148,226,795,209,40,4,26,108,222,88.26335282651071
2023,16340,741,1.0,3063,2398,313,1116,404,97,13,53,145,248,1171,1776,206,731,193,36,3,20,73,181,121.95930013844153
2023,16340,742,1.0,3311,1923,344,1087,351,77,13,60,168,254,1959,1797,239,767,201,35,4,37,121,233,96.81610198875599
2023,16340,743,2.0,1219,1436,285,735,177,23,4,0,94,190,1019,1883,205,595,158,35,4,6,69,165,65.80760999673547
2023,16340,745,3.0,1227,1893,200,675,190,28,3,15,82,170,931,1606,184,570,149,39,5,3,67,146,113.14150571541191
2023,16340,746,1.0,4617,1634,432,1404,493,115,10,48,214,239,1861,1304,248,906,273,57,4,35,96,179,113.3818969048037
2023,16340,747,3.0,1095,1081,117,425,148,29,8,7,65,59,2237,2063,291,965,293,58,12,18,121,160,125.8628503279666
2023,16340,748,1.0,1566,1629,239,715,212,39,4,15,82,141,2877,2494,368,1250,358,78,9,33,124,259,91.59370523086558
2023,16340,749,1.0,3437,926,336,1086,349,69,3,67,224,226,2780,1263,325,1183,334,61,4,63,197,284,104.38198591333641
2023,16340,750,3.0,498,696,112,411,128,16,4,4,35,97,958,1103,165,612,195,36,5,8,69,152,85.34778540237056
2023,16340,751,3.0,1752,1391,235,737,230,48,6,21,110,126,1880,1238,251,771,227,46,8,17,82,143,107.66489702891924
2023,16340,752,3.0,1085,1018,177,605,183,34,7,11,67,117,922,940,135,485,148,33,5,10,51,85,86.14302099073349
2023,16340,753,3.0,631,1773,137,387,97,19,4,7,57,99,1500,2308,239,743,190,40,9,18,87,178,110.13233760657548
2023,16340,754,1.0,1540,1535,240,828,258,61,8,28,97,176,2009,1588,267,905,252,58,7,25,121,234,95.10529608006672
2023,16340,755,3.0,1899,1064,221,722,231,34,13,9,102,134,1185,1079,184,625,183,31,3,15,64,119,108.96343315798731
2023,16340,756,1.0,2325,1430,255,848,271,47,1,43,118,186,1974,1941,304,1071,299,52,3,36,123,306,114.34352540505346
2023,16340,759,3.0,1122,648,123,403,131,33,1,13,38,43,1946,1094,222,792,255,49,5,40,85,136,105.08664955070603
2023,16340,761,3.0,1187,1060,155,476,142,32,6,9,47,70,891,2444,232,603,143,19,1,5,60,115,100.84712482468443
2023,16340,762,3.0,240,624,51,158,44,7,0,5,14,38,666,1199,149,455,109,19,1,7,52,110,135.34773695000789
2023,16340,765,2.0,1885,910,212,739,229,38,4,13,104,163,2074,1978,341,1150,321,58,7,24,152,289,110.95091638883198
2023,16340,766,2.0,1791,1063,238,782,263,44,2,31,109,170,1765,1514,223,827,248,53,4,26,100,162,81.55309699360073
2023,16340,767,2.0,2292,1788,239,759,255,60,6,31,100,106,2281,1668,288,926,272,55,8,23,149,209,124.49950254870943
2023,16340,768,1.0,1965,1012,243,773,236,58,7,31,132,178,3004,2143,374,1255,361,78,9,48,174,308,89.02049297964933
2023,16340,769,1.0,2117,2128,249,897,265,57,4,42,118,188,1611,2265,291,1024,265,45,7,31,123,273,127.99339773956507
2023,16340,771,1.0,791,1047,150,489,133,23,2,4,67,102,1610,3223,362,1172,308,58,11,22,131,276,91.7795710048969
2023,16340,772,1.0,2300,1765,345,1153,346,78,8,22,127,212,1360,1786,241,811,218,34,3,19,98,209,90.2609248459051
2023,16340,773,3.0,1034,893,153,522,164,33,9,9,82,136,1796,2064,213,724,201,44,6,11,110,190,69.49964441735243
2023,16340,774,1.0,1110,860,129,468,156,32,1,17,71,83,2082,3039,362,1277,330,77,2,31,159,326,107.95190498464298
2023,16340,775,3.0,1576,729,156,540,172,38,11,13,82,85,1646,1236,231,832,224,47,17,23,146,181,118.43071051086318
2023,16340,777,3.0,546,550,86,259,78,14,3,4,40,49,830,922,133,443,123,23,5,12,66,114,96.74524795582457
2023,16340,780,3.0,875,1161,149,508,134,21,1,18,58,104,1793,1593,267,930,256,40,7,25,134,211,107.74963628363136
2023,16340,782,1.0,2238,1394,292,1026,326,74,6,35,114,210,1554,1458,239,863,245,45,2,37,94,218,98.69744765231312
2023,16340,783,3.0,1161,875,162,453,134,35,3,8,59,87,2289,1928,313,867,250,48,10,21,117,152,93.28321286269275
2023,16340,784,3.0,759,958,149,437,118,22,6,4,39,86,1230,1498,200,587,176,39,3,3,59,115,84.48306402409023
2023,16340,785,3.0,1617,1072,191,643,219,31,2,22,60,93,1234,1256,202,665,166,26,2,13,85,117,114.21140057612651
2023,16340,786,1.0,2930,1480,328,1011,296,51,7,17,156,237,1508,1483,271,899,218,30,7,21,130,258,121.81972747510825
2023,16340,787,3.0,1449,1105,170,567,183,44,3,13,101,98,2012,1872,210,715,250,54,7,17,103,151,81.22917550130249
2023,16340,789,3.0,597,704,88,294,98,17,2,3,42,61,1018,1106,132,427,140,25,5,14,57,86,91.87853107344633
2023,16340,790,2.0,588,742,94,329,97,14,1,9,32,66,1640,2125,265,859,251,49,3,11,90,178,99.58746573987737
2023,16340,792,1.0,1745,1693,290,937,264,35,8,15,105,189,1456,2018,261,881,232,44,3,14,95,213,89.06735751295338
2023,16340,793,3.0,987,2001,187,547,149,34,2,13,55,142,2016,2178,258,767,212,43,11,13,70,200,98.29473732528517
2023,16340,795,3.0,1317,1172,167,593,200,39,0,26,75,89,2549,1318,295,1135,384,63,1,43,99,155,113.6989016536361
2023,16340,797,1.0,964,644,186,645,176,39,5,11,57,120,1894,2685,381,1303,331,70,6,27,110,246,71.93287730100248
2023,16340,798,3.0,907,618,114,392,134,25,3,16,44,63,2079,1154,241,907,273,55,2,33,119,152,99.71863621317443
2023,16340,799,2.0,1308,2049,198,575,157,23,2,18,89,138,1782,2852,335,966,266,64,4,14,127,249,122.56738729548398
2023,16340,800,3.0,375,434,42,150,43,9,1,10,17,37,795,1541,177,566,144,21,3,4,50,137,145.9485078277887
2023,16340,802,3.0,929,486,111,374,101,17,1,15,52,84,1565,1017,187,706,204,43,7,19,102,140,92.32489654643025
2023,16340,803,3.0,419,978,74,235,69,15,0,10,26,65,1297,1441,200,691,199,49,2,22,85,143,137.89903855645272
2023,16340,804,3.0,521,143,58,171,62,15,1,2,20,30,1573,1008,207,684,204,42,6,9,61,126,91.81685794065386
2023,16340,805,3.0,1369,744,129,443,168,38,6,16,51,53,1872,923,190,642,223,33,5,19,75,99,111.34778327855666
2023,16340,806,3.0,1512,509,138,456,187,43,1,18,63,49,1918,1513,209,786,262,56,2,9,93,131,89.2098471312289
2023,16340,807,3.0,944,901,119,359,112,25,8,11,44,78,1351,1553,194,617,180,37,11,16,81,151,103.57490103479408
2023,16340,808,3.0,704,751,131,427,117,33,1,8,34,103,1140,1571,181,600,172,35,3,10,82,151,74.15505390816605
2023,16340,809,3.0,531,619,94,320,89,14,2,3,38,75,1160,953,205,706,180,21,0,8,88,176,118.69279334615501
2023,16340,810,1.0,2361,1321,269,873,264,70,13,32,141,171,1879,2218,320,1028,253,58,7,43,124,264,106.90930801665559
2023,16340,812,1.0,1192,1217,185,638,173,20,3,38,84,133,2744,1688,399,1468,401,77,7,49,183,330,117.22985169284807
2023,16340,813,1.0,331,430,94,295,61,9,0,2,28,62,1519,1753,251,804,208,38,6,13,114,188,62.10366488061177
2023,16340,814,3.0,160,2185,146,366,64,3,2,1,15,137,117,2443,120,297,51,10,1,0,23,103,75.28895547945204
2023,16340,817,1.0,1563,1800,202,733,220,47,12,19,104,165,2383,3941,405,1410,372,85,8,38,148,372,106.6199954910102
2023,16340,934,2.0,1139,1653,160,462,135,23,2,8,70,120,1244,2114,289,857,219,44,2,13,118,225,150.18016676593209
2023,16340,938,3.0,988,921,182,547,166,25,5,12,54,75,2040,1067,233,775,262,40,14,10,77,103,78.65914259541553
2023,16340,947,2.0,2087,1516,256,800,262,60,6,12,75,161,2644,2301,322,1004,299,50,13,30,113,218,91.64607558139535
2023,16340,953,3.0,872,1661,202,663,164,28,3,3,76,165,461,1106,110,334,67,13,0,2,47,110,88.02529902001048
2023,16340,958,3.0,645,2232,107,335,100,14,1,6,38,50,1061,2757,206,688,192,24,1,2,79,131,145.0732633908246
2023,16340,962,3.0,685,1052,127,408,121,17,9,3,45,82,831,1529,165,538,140,20,3,7,57,134,95.62424929934606
2023,16340,966,3.0,1584,872,188,564,195,41,13,3,66,78,1541,1277,208,591,189,33,6,8,83,103,96.42571312081905
2023,16340,973,3.0,1765,1535,219,612,201,29,9,2,60,89,2205,1805,301,943,300,40,5,14,87,152,113.10764185426845
2023,16340,984,2.0,1702,1766,214,647,196,31,0,42,117,141,2098,2884,359,1108,261,58,4,15,189,327,116.7766576497822
2023,16340,985,2.0,1898,1956,244,685,225,52,8,12,70,161,1910,2041,308,883,242,38,5,20,94,192,123.13047952168156
2023,16340,987,3.0,1136,1265,143,474,146,26,3,13,68,94,1308,1600,206,689,197,40,1,11,82,126,118.94027568030319
2023,16340,995,2.0,489,698,78,229,62,10,3,7,25,62,922,985,143,434,113,20,2,11,51,116,114.11466526830974
2023,16340,996,2.0,1209,2192,229,726,191,44,6,18,79,205,1601,2637,234,771,224,44,3,30,106,191,82.00230396227933
2023,16340,1000,2.0,1762,1414,241,736,216,42,8,16,93,163,1207,1799,278,794,206,44,4,7,85,133,121.8763027195954
2023,16340,1001,2.0,2459,1662,319,970,300,63,10,15,138,217,1369,2224,255,843,220,32,2,4,102,213,91.6842833548689
2023,16340,1004,1.0,2080,1716,293,984,295,48,6,39,130,226,1218,1780,264,843,196,37,3,18,92,247,114.08561338958623
2023,16340,1009,2.0,1904,1448,245,840,250,55,13,21,127,168,2022,1366,238,879,282,57,13,26,114,178,96.1106426041491
2023,16340,1010,2.0,1389,1101,199,637,197,46,7,16,69,103,1292,1850,282,934,230,44,2,10,81,215,112.30244155212728
2023,16340,1014,1.0,2374,1639,353,1258,381,88,10,23,167,221,1257,1330,199,708,172,27,4,24,98,170,87.4482458051863
2023,16340,1015,2.0,1655,2203,251,858,240,46,8,13,109,170,1399,1396,201,681,182,29,4,9,106,129,110.53574610324355
2023,16340,1023,2.0,1617,1711,247,756,211,37,4,10,95,166,1474,1760,260,822,214,36,3,16,92,176,108.32275493929629
2023,16340,1028,2.0,1797,2278,294,858,274,57,7,22,104,162,1344,1156,199,617,182,49,2,13,79,126,110.32993197278911
2023,16340,1036,3.0,265,144,36,131,35,3,0,3,11,28,900,564,87,255,73,22,3,1,30,70,67.51479963570127
2023,16340,1044,3.0,1369,1705,205,611,173,22,2,6,86,129,1343,1821,212,670,171,30,3,12,93,148,100.47300422435326
2023,16340,1045,1.0,2839,1312,306,1078,353,75,9,63,155,234,2189,1629,299,1079,293,60,7,55,147,285,106.23474289314119
2023,16340,1050,3.0,385,1062,131,460,101,20,2,1,31,97,721,1451,195,660,175,21,4,8,79,100,99.16810762937034
2023,16340,1057,2.0,1926,881,250,732,222,59,10,12,98,175,1766,2381,290,924,243,60,4,32,112,252,78.5174825174825
2023,16340,1062,3.0,3125,1501,328,1029,341,74,8,58,131,186,2450,1442,260,902,313,56,7,26,119,145,94.21765723309854
2023,16340,1064,3.0,1048,740,161,444,119,25,5,9,76,113,1474,1206,202,622,172,34,7,8,90,142,83.70631315472328
2023,16340,1066,3.0,934,958,123,429,138,20,3,7,70,74,1789,1265,238,865,259,48,8,22,124,182,119.87370954259642
2023,16340,1068,1.0,2204,1685,327,1034,294,47,4,43,130,213,1734,1443,256,833,217,38,4,28,113,226,95.83252717592713
2023,16340,1071,2.0,1600,2115,265,837,216,37,4,38,109,277,1379,1717,226,770,187,31,7,28,105,236,102.33411340256447
2023,16340,1072,2.0,2240,1595,234,690,217,51,1,32,104,124,3266,2413,319,1022,326,57,6,57,130,194,92.05943925965056
2023,16340,1076,2.0,644,1446,161,435,114,21,3,5,62,116,1078,1658,279,790,192,33,3,6,83,196,132.37577639751552
2023,16340,1079,2.0,1672,1068,173,514,160,33,4,22,98,122,2164,2118,370,1136,281,52,11,23,183,305,136.8546381816071
2023,16340,1085,2.0,1520,1302,265,816,228,34,4,5,110,151,1887,2259,276,969,282,47,5,17,103,183,70.89097015536684
2023,16340,1092,1.0,1834,1291,294,960,253,54,6,31,125,228,1714,1816,232,886,257,44,5,36,101,186,69.8579715172188
2023,16340,1094,3.0,764,864,137,454,122,26,7,3,41,85,1515,1521,230,786,207,41,4,12,91,156,90.02433090024331
2023,16340,1096,2.0,1277,1318,223,767,208,34,3,19,81,141,1416,1343,229,865,247,40,3,19,84,169,96.58646711861871
2023,16340,1097,2.0,1679,1034,254,857,248,43,6,14,103,170,2133,1311,264,879,237,41,2,25,121,172,81.87604598205712
2023,16340,1098,2.0,1550,1946,339,870,221,35,5,26,132,237,780,927,164,442,98,28,4,8,62,107,99.07909994072646
2023,16340,1099,3.0,928,799,125,400,113,22,4,7,72,80,1023,1615,182,606,164,32,9,4,121,170,95.31887793783169
2023,16340,1104,1.0,2213,1579,289,995,306,59,8,28,144,164,2153,1894,292,1046,299,69,6,22,138,180,94.67169067949858
2023,16340,1111,3.0,1576,1244,163,447,140,29,2,13,75,66,1498,1252,223,771,228,44,6,10,83,135,140.29224762967095
2023,16340,1112,3.0,2265,2263,223,711,239,65,2,24,114,124,1432,1273,188,710,220,39,4,18,78,131,141.1211591223693
2023,16340,1115,3.0,799,1066,125,431,114,25,0,9,51,99,1862,1682,222,786,239,40,8,19,134,183,93.46049661399547
2023,16340,1116,2.0,3111,1006,324,955,299,82,13,27,152,199,1074,1104,197,674,180,48,1,21,75,179,114.93285832511421
2023,16340,1123,2.0,2165,1066,280,921,283,59,14,25,104,187,1577,2145,259,915,260,49,3,33,95,191,80.2975550779151
2023,16340,1124,3.0,2163,1657,284,832,249,51,7,9,120,166,1201,955,171,524,139,23,4,11,83,89,106.68230160181871
2023,16340,1130,3.0,1817,1259,197,718,260,47,10,9,90,83,1135,1353,178,635,184,27,5,9,62,99,111.70940310444448
2023,16340,1133,3.0,659,351,110,340,99,18,5,5,26,47,952,1195,188,580,155,26,2,7,70,132,80.39971207181267
2023,16340,1157,1.0,2162,1996,308,1040,316,63,9,36,155,224,1357,1468,212,731,192,39,3,26,104,205,101.30973451327432
2023,16340,1159,3.0,281,371,53,173,44,8,6,0,24,41,620,1088,167,538,146,26,6,3,59,132,120.28191418850251
2023,16340,1162,3.0,1584,894,178,630,213,38,5,12,83,81,984,822,157,580,171,40,2,3,61,89,121.02168800627122
2023,16340,1163,3.0,1116,1608,165,499,144,31,2,10,79,102,1212,1318,172,568,154,29,1,21,74,117,112.23571685231764
2023,16340,1164,3.0,665,1026,120,340,92,21,0,6,47,61,493,1192,140,408,99,23,4,2,41,84,117.08209693372898
2023,16340,1167,2.0,1945,1604,247,805,239,46,8,9,136,169,1547,1952,257,902,233,37,2,15,125,201,105.535416133933
2023,16340,1170,2.0,3085,1479,348,996,311,59,5,42,136,202,2338,1308,243,846,274,57,6,39,103,138,87.4089696786275
2023,16340,1174,2.0,1675,2237,264,787,229,45,4,11,114,170,1086,1816,206,637,155,27,2,8,74,144,105.18764488440576
2023,16340,1176,2.0,2188,1037,223,693,206,51,11,17,141,127,1773,1295,263,952,264,53,7,30,127,227,123.97246858940254
2023,16340,1179,3.0,1076,1275,200,674,208,36,0,11,61,101,1015,1680,197,636,168,18,3,7,70,119,85.92708719851578
2023,16340,1192,3.0,1236,1057,146,524,173,43,2,17,43,101,1567,1698,231,791,233,52,5,20,84,162,111.1168684050431
2023,16340,1194,3.0,236,593,57,163,46,13,0,0,12,18,421,1672,146,426,95,15,0,0,34,84,101.4526282260836
2023,16340,1199,2.0,1445,1746,203,690,220,58,6,26,87,151,1298,3049,285,917,211,37,3,20,95,273,103.0590147103319
2023,16340,1203,3.0,507,697,118,386,109,16,2,5,40,92,942,1071,147,508,135,26,6,11,59,105,74.5105963777817
2023,16340,1226,3.0,617,715,83,353,103,16,3,8,32,68,1585,1322,232,774,226,46,3,10,102,184,128.07639225633181
2023,16340,1238,2.0,2860,1397,286,780,260,44,5,40,125,116,2993,1799,344,1008,312,63,2,34,142,165,106.85116219339925
2023,16340,1245,2.0,2008,948,253,823,256,53,8,21,128,119,2977,1784,300,1080,351,67,4,38,144,161,73.62189329806655
2023,16340,1254,3.0,982,1185,139,463,147,24,3,7,76,75,1162,1732,195,650,173,31,6,7,72,151,105.04616348386391
2023,16340,1257,2.0,2944,1865,336,1026,343,54,15,6,124,175,2268,1589,252,891,284,42,7,15,110,136,93.51179673321234
2023,16340,1266,2.0,374,615,68,206,58,11,0,7,20,46,1837,2815,349,1051,284,60,1,32,109,265,109.1121465783218
2023,16340,1274,2.0,1541,1192,243,710,223,42,2,16,103,137,1348,1914,310,932,230,39,4,11,119,195,106.88360545299027
2023,16340,1289,2.0,1731,1133,263,806,236,43,5,30,110,162,2118,1468,290,1016,305,64,8,31,129,238,88.06533222778063
2023,16340,1297,3.0,978,1371,166,507,156,37,5,9,49,86,1532,1755,225,779,230,49,7,25,67,154,96.86296142892226
2023,16340,1305,3.0,1569,1480,171,581,192,44,6,9,87,97,1980,1568,223,751,233,40,7,22,97,156,112.06824370207742
2023,16340,1314,2.0,3042,2289,305,980,317,93,7,53,141,236,1981,1661,263,856,258,51,7,35,116,198,126.21897534231779
2023,16340,1315,3.0,408,604,86,256,70,15,1,2,23,34,1296,2057,242,691,192,40,3,8,95,142,84.93053773434411
2023,16340,1318,2.0,1631,1271,237,785,247,39,7,8,100,160,2064,1767,283,962,306,59,9,24,117,202,90.45307710692364
2023,16340,1320,1.0,1433,1867,248,740,190,40,5,19,102,204,1657,2551,333,1002,250,54,4,34,125,293,105.30057954127317
2023,16340,1328,2.0,1235,2356,241,673,183,26,3,12,105,187,971,1604,242,734,168,26,2,13,89,152,140.03496757039844
2023,16340,1334,2.0,2419,1500,285,871,288,46,6,37,147,173,2315,1508,291,928,273,44,11,25,132,209,104.66924570122664
2023,16340,1343,2.0,629,1151,203,612,133,24,2,2,65,125,1343,2042,239,739,197,47,4,9,89,151,61.91034046175899
2023,16340,1347,2.0,922,812,144,398,99,22,1,10,70,106,1585,2241,275,864,231,37,5,27,75,214,86.55144624499042
2023,16340,1348,2.0,847,886,157,508,132,33,2,10,83,89,2661,2445,354,1174,354,71,5,25,173,278,76.5281759189264
2023,16340,1355,3.0,1053,1057,166,533,176,26,6,5,63,99,1335,1945,237,779,224,33,3,14,85,167,91.84359388774611
2023,16340,1356,1.0,1410,1377,242,756,213,42,7,22,70,192,1590,2572,310,1037,294,51,3,24,101,262,85.77904774008046
2023,16340,1371,2.0,1856,1613,246,755,236,52,5,29,97,133,1580,2035,285,903,258,39,10,9,126,201,111.17464494147016
2023,16340,1376,2.0,2304,1498,250,853,275,73,11,29,146,198,2159,1302,288,982,271,59,3,32,131,242,126.55024559375903
2023,16340,1390,3.0,1205,1443,147,547,199,36,7,14,62,109,1156,1370,188,655,192,31,3,9,66,118,134.06800566624116
2023,16340,1395,1.0,2510,1638,291,982,312,59,13,30,136,194,1145,1393,214,747,190,32,3,19,80,196,120.18988352979727
2023,16340,1400,3.0,1804,1176,222,730,231,37,10,17,114,139,1558,1108,187,680,193,17,6,19,90,127,94.15529558065194
2023,16340,1403,2.0,905,1393,155,476,132,22,5,11,55,116,2438,2645,319,1059,341,54,8,32,129,206,93.04411288736014
2023,16340,1434,3.0,713,869,135,432,111,22,6,10,51,83,1127,1690,198,659,184,33,9,13,65,153,82.3665838362324
2023,16340,1438,2.0,957,747,159,460,130,35,2,12,51,106,1872,2377,339,1042,280,57,1,30,107,269,85.50380333663415
2023,16340,1439,2.0,1558,1207,261,785,220,38,1,40,79,168,1064,1008,202,677,179,32,3,19,79,142,103.2800041420731
2023,16340,1446,2.0,1537,731,206,660,221,39,6,4,44,103,1285,1226,222,780,234,40,2,20,66,133,97.33792671468838
2023,16340,1462,2.0,2317,1654,296,919,269,65,7,32,137,216,1444,1075,219,787,228,31,8,15,95,153,116.63371887171013
2023,16340,2678,1.0,1504,1620,233,717,197,37,6,3,126,149,1734,2600,280,884,220,34,2,13,107,217,86.6212065096621
2023,16340,2683,2.0,2723,2221,290,921,282,49,5,36,144,212,2712,2073,326,1094,333,52,6,37,131,273,116.14917306237163
2023,16340,2694,3.0,1792,1333,166,567,179,34,5,31,112,108,1299,1002,172,615,174,35,5,22,90,137,140.71933103993547
2023,16340,2696,2.0,1819,2389,301,912,269,46,11,9,89,159,1131,1344,175,547,156,23,3,4,67,100,98.84895466290816
2023,16340,2697,2.0,1407,1142,255,744,194,43,5,7,75,159,1059,1209,177,613,187,29,1,20,50,103,78.01172320780164
2023,16340,2711,1.0,2193,2116,290,1035,320,49,5,50,143,214,1098,1261,182,681,183,33,4,21,94,122,114.63624270950578
2023,16340,2713,3.0,814,1432,188,606,173,29,2,8,76,147,744,1724,229,728,168,25,3,3,66,180,110.85166729887239
2023,16340,2720,2.0,1955,2363,269,834,263,68,12,13,75,190,3191,2364,323,996,362,76,10,41,107,183,93.33592095269006
2023,16340,2741,3.0,3887,3932,544,1628,617,65,10,6,207,283,3654,4139,520,1682,549,106,30,11,136,316,95.90714894966071
2023,16340,2743,1.0,1676,1597,247,873,256,42,7,28,108,176,1630,1717,260,952,266,35,7,25,117,192,102.93585772018933
2023,16340,2746,2.0,677,1260,155,443,93,21,3,9,49,154,1021,2959,302,852,180,30,3,15,111,306,94.82476900632193
2023,16340,2755,2.0,1590,2741,250,750,194,32,6,25,106,217,952,2694,222,619,154,40,3,16,69,175,105.48348875479981
2023,16340,2798,3.0,681,1072,99,299,96,23,0,20,38,58,532,981,118,362,92,24,1,4,48,94,138.09876691568692
2023,16340,2814,2.0,1986,1602,257,840,273,49,8,25,120,152,1806,2168,288,949,254,43,9,15,126,234,101.17749809559804
2023,16340,2915,1.0,2413,1633,285,948,296,53,7,30,143,231,2422,1587,286,1008,319,48,11,28,141,225,101.27703894307984
2023,16340,8366,2.0,2057,1575,270,858,251,57,5,20,109,167,2280,1571,286,933,274,65,9,15,157,183,99.90209373226772
2023,16340,8398,3.0,768,636,92,262,89,19,2,6,41,48,2500,2452,359,1154,345,56,16,19,144,210,110.6351408302311
2023,16340,8404,3.0,1080,923,208,560,154,28,7,3,60,84,803,1200,172,490,125,26,2,4,46,98,82.69230769230768
2023,16340,8411,2.0,1971,1815,224,709,225,47,5,36,97,162,1626,1531,267,885,237,44,6,14,139,193,142.94509932576136
2023,16340,8486,3.0,527,592,91,264,63,12,2,4,33,56,1412,1033,170,586,181,40,3,7,72,90,85.49855052922538
2023,16340,8490,3.0,1201,1187,176,538,155,25,3,16,71,113,1566,2021,249,868,243,41,1,22,102,210,94.18670958258357
2023,16340,8530,3.0,1597,1876,204,650,211,42,10,15,99,127,1016,1492,209,637,162,23,2,11,75,148,141.87091503267973
2023,16340,8567,3.0,472,775,85,275,84,24,4,3,31,46,1240,1066,182,608,170,28,8,10,78,115,115.78694964542626
2023,16340,8577,2.0,1026,2802,192,599,173,28,3,18,64,135,1070,3604,289,855,211,46,4,17,82,252,123.27636927685066
2023,16340,8597,3.0,223,840,78,234,53,5,1,2,19,47,868,2539,194,580,159,22,7,7,63,139,77.60116803263266
2023,16340,8744,2.0,779,500,76,258,87,24,3,8,38,48,211,403,56,182,35,6,0,2,24,45,153.4887707869021
2023,16340,8875,2.0,834,1441,153,526,151,24,3,14,71,157,614,2357,196,646,161,22,1,7,56,178,98.09421356335646
2023,16340,8911,3.0,320,562,60,227,57,13,0,1,16,52,405,1000,101,315,74,16,1,4,42,87,105.67259786476868
2023,16340,8965,2.0,1053,2431,236,677,171,23,4,5,76,142,1104,3271,265,718,162,26,4,11,82,213,89.41985472154964
2023,16340,8981,3.0,1685,452,186,637,211,35,7,27,74,95,2437,1191,258,936,307,58,8,29,116,175,81.70412917452074
2023,16340,9011,2.0,1337,1814,204,689,210,41,4,25,86,182,2253,2274,282,937,292,51,12,32,115,220,96.21811613976273
2023,16340,9012,2.0,3136,1632,324,1118,377,80,10,56,149,237,2394,1854,268,1031,314,65,7,58,115,240,92.84136616214457
2023,16340,9013,2.0,964,1506,187,614,172,32,6,13,45,142,1907,2366,289,937,281,50,5,14,84,189,89.33472331553305
2023,16340,9081,2.0,644,820,71,232,80,9,2,11,30,53,2226,3006,399,1204,338,55,13,12,161,301,157.24899857862772
2023,16340,9223,2.0,3704,1300,323,979,347,68,8,64,157,181,3191,1908,353,1092,325,53,5,48,163,234,107.25177097190792
2023,16340,9500,3.0,435,686,88,287,93,17,2,2,18,49,889,1462,174,527,139,23,4,5,60,110,94.2799969065388
2023,16340,9630,2.0,721,1396,149,453,130,22,3,7,35,89,689,1459,166,519,138,20,3,3,53,133,109.80153225100922
2023,16340,9754,2.0,2960,3196,299,984,372,97,8,45,109,156,842,1823,204,662,182,26,2,13,59,166,157.60151097780593
2023,16340,10411,1.0,2672,1619,303,963,286,55,4,24,157,195,1575,1883,263,913,253,46,5,27,103,212,107.70767360136824
2023,16340,10870,2.0,1478,1122,189,608,197,47,2,26,87,146,1970,1690,234,812,236,52,4,30,130,182,87.95212073900599
2023,16340,10972,3.0,1247,1126,162,562,181,42,9,6,70,99,1315,1457,201,676,180,50,2,9,101,153,106.21492704826039
2023,16340,11036,3.0,253,621,56,141,35,7,1,1,12,41,1240,1337,183,509,122,33,2,4,72,131,110.8307001496757
2023,16340,11276,2.0,1354,1512,275,919,253,58,3,14,80,166,1440,1121,236,818,235,38,4,12,86,146,96.03862127719997
2023,16340,11403,2.0,798,2300,160,485,144,34,2,18,40,106,2740,3845,346,1157,371,73,10,51,139,239,101.73766135155657
2023,16340,11416,2.0,3806,1849,359,1076,387,75,9,46,155,193,3573,1321,270,858,328,77,13,47,100,149,86.90363847266791
2023,16340,11740,2.0,1919,977,331,1002,310,43,0,26,122,182,2734,1552,325,1098,354,74,6,21,122,222,66.34401613910534
2023,16340,12399,3.0,510,760,87,291,80,11,1,5,50,65,1762,1229,188,654,204,41,7,8,122,122,91.75418977238228
2023,16340,12799,2.0,1267,953,168,475,145,31,5,19,71,106,2176,2629,374,1123,289,54,5,29,125,277,102.85416976363906
2023,16340,12810,2.0,1732,1506,226,829,250,50,5,41,79,187,1704,2058,269,974,270,60,4,33,117,263,102.44762482769003
2023,16340,12830,2.0,2403,1410,290,956,312,67,7,21,128,170,928,1488,199,655,157,28,6,20,96,162,108.2991265129025
2023,16340,12973,3.0,2375,992,213,667,256,46,9,21,67,64,3292,1985,273,841,335,69,12,29,79,111,81.7784859622011
2023,16340,14927,1.0,1479,1574,292,962,265,55,6,26,107,204,1261,1746,256,928,224,53,2,23,106,202,89.01239573415455
2023,16340,15646,2.0,1905,1505,250,821,264,52,5,28,87,148,1702,1322,254,828,234,35,1,21,89,164,114.56878306878306
2023,16340,15882,3.0,1226,1655,152,416,141,34,4,2,44,74,1688,2204,216,693,201,45,8,10,89,151,105.19148590901715
2023,16340,16142,3.0,2282,820,197,549,200,41,5,11,85,53,2894,1815,354,1128,341,62,2,26,150,158,118.37231438233084
2023,16340,17094,3.0,1978,1780,223,743,247,59,6,13,106,115,1885,1515,223,781,251,39,9,18,123,130,110.52941176470587
2023,16340,18422,3.0,226,253,42,143,37,10,2,0,4,45,461,1080,107,353,87,16,2,5,25,126,79.18945644448566
2023,16340,19651,1.0,1742,1887,261,848,237,42,3,44,123,178,1384,2224,243,842,224,46,0,14,104,232,93.64534750363177
2023,16340,20220,3.0,1252,716,141,486,162,25,8,9,60,94,2693,1831,392,1147,333,39,2,13,179,276,120.93985740354047
2023,16340,20794,2.0,1935,2051,280,954,269,47,10,33,137,220,1124,1606,192,667,178,34,6,22,80,158,100.11930926216641
2023,16340,21323,2.0,711,711,115,277,77,8,0,4,37,67,1049,1035,144,380,99,17,2,4,53,79,85.44104147542353
2023,16340,21830,3.0,1651,786,181,595,208,38,10,7,91,87,1485,1463,229,820,231,35,8,16,75,145,104.5887463736066
2023,16340,21852,3.0,2083,1284,205,600,200,40,5,11,113,109,1122,789,168,537,142,29,3,3,85,70,144.39024390243904
2023,16340,22235,3.0,1034,936,151,499,137,18,3,21,75,134,2576,2015,292,1094,307,70,3,54,161,253,82.97835817558395
2023,16340,23121,3.0,1147,900,162,560,162,31,1,14,85,82,1866,1409,239,849,254,49,5,22,128,148,92.21242107247195
2023,16340,23157,2.0,1217,1531,218,658,179,24,8,7,80,152,2467,1990,351,1122,314,67,12,20,148,223,99.27153040367384
2023,16340,23260,3.0,1790,592,176,585,202,45,14,10,82,90,2368,1179,278,1028,328,71,7,21,111,170,106.07491606222928
2023,16340,23624,3.0,568,1243,126,366,107,18,0,1,35,66,1658,2207,256,760,216,40,7,6,84,151,95.2003121213988
2023,16340,23725,3.0,156,447,40,104,24,3,2,0,9,22,315,640,56,154,46,11,1,1,17,29,88.39790575916231
2023,16340,24317,3.0,1086,987,153,427,130,20,11,7,51,94,771,1114,151,437,108,13,2,6,48,108,108.53591303895563
2023,16340,24639,2.0,1968,1504,299,982,277,42,6,22,136,179,1189,1462,237,827,211,34,2,17,68,187,103.81190161092739
2023,16340,25719,3.0,534,425,69,207,60,15,0,4,27,30,1820,2317,273,886,260,51,4,13,100,175,91.71632457882734
2023,16340,26172,1.0,1969,1585,286,986,304,49,17,19,91,204,1119,2087,228,799,219,40,6,12,53,186,88.37363509852592
2023,16340,27854,2.0,860,585,120,335,102,26,4,19,52,100,4244,2281,476,1498,478,100,16,71,228,357,87.8441890166028
2023,16340,27892,3.0,836,656,113,292,95,20,8,14,18,43,870,710,123,305,93,23,10,4,40,56,102.78705052089168
2023,16340,28593,3.0,2844,1314,273,784,245,49,8,31,141,157,1855,1200,261,877,249,43,6,31,103,162,130.12212010575348
2023,16340,28600,1.0,1355,994,233,765,194,44,4,35,121,207,2472,2263,343,1235,322,51,1,73,207,334,73.02998853392914
2023,16340,28749,3.0,1185,906,187,610,175,43,4,10,83,140,849,1134,136,422,116,22,2,12,45,103,76.68821345069455
2023,16340,28755,1.0,2258,1572,249,911,304,55,8,53,126,201,3173,2203,311,1197,376,72,1,89,180,298,88.98167073054121
2023,16340,30002,2.0,1343,1322,260,827,224,35,10,21,108,216,1650,1229,238,822,242,33,8,22,111,162,84.73428273706148
2023,16340,30013,2.0,2269,1793,295,911,271,50,7,45,116,183,1737,1852,237,810,244,42,3,37,95,193,90.92698499652894
2023,16340,30024,1.0,1669,1431,201,700,224,50,10,29,83,153,2160,2184,336,1175,328,75,8,30,133,291,119.29303757455816
2023,16340,30028,2.0,2630,1185,286,842,293,76,5,21,114,157,3042,2363,313,1020,354,63,15,47,130,207,77.24620430448367
2023,16340,30029,3.0,656,657,87,231,66,8,4,1,30,43,613,841,105,293,66,12,1,1,36,68,108.98591282075607
2023,16340,30031,3.0,440,459,82,297,85,19,3,1,30,51,1080,1544,188,648,182,36,5,6,71,121,78.54885484830457
2023,16340,30036,3.0,1008,1054,117,374,132,20,3,9,56,78,1494,1661,227,731,227,50,5,17,75,137,126.80293117694067
2023,16340,30037,3.0,615,749,144,459,120,21,1,1,44,78,1408,2258,262,840,216,46,2,5,90,148,67.69564163181184
2023,16340,30040,3.0,64,134,11,35,5,1,1,0,3,14,142,571,43,125,29,2,2,2,5,31,108.5553997194951
2023,16340,30042,3.0,1674,539,147,491,188,38,15,11,81,106,1762,859,197,682,218,48,9,15,108,105,113.15227350001426
2023,16340,30044,3.0,723,1259,114,354,100,18,2,14,45,73,915,1460,147,492,127,20,3,11,65,116,107.60997229916897
2023,16340,30045,2.0,2150,2388,317,1065,310,61,8,16,109,180,753,1461,179,617,157,19,2,6,63,153,115.7392446689977
2023,16340,30047,3.0,931,505,86,283,103,15,7,6,43,48,1398,997,141,466,150,34,4,16,67,85,98.30363645191048
2023,16340,30050,2.0,1725,1308,212,641,195,42,3,20,109,144,2287,1129,277,930,295,50,6,38,113,192,116.01080928814457
2023,16340,30052,2.0,2017,1425,304,1082,302,50,7,19,164,208,1150,1249,190,685,179,31,2,12,78,156,89.67278032513548
2023,16340,30054,2.0,2564,2278,268,879,304,55,13,43,112,184,1797,2537,266,862,242,38,2,26,131,188,110.88753280207177
2023,16340,30055,2.0,2374,1858,305,1006,327,79,6,29,138,151,2298,1702,276,982,299,66,5,32,122,182,95.74032786885246
2023,16340,30058,2.0,544,2509,173,516,112,28,2,3,56,161,597,2911,230,680,143,18,2,4,74,190,115.70415433591921
2023,16340,30063,2.0,1735,687,241,750,259,48,3,18,108,100,2000,1229,301,986,308,76,8,22,126,190,93.68186905751688
2023,16340,30064,3.0,486,481,82,239,72,16,3,5,32,39,1438,1068,199,602,193,37,7,7,81,116,93.64500807817336
2023,16340,30069,3.0,805,1376,120,379,128,22,1,3,33,48,590,1460,179,557,146,31,1,0,51,90,158.69878048780487
2023,16340,30075,2.0,1080,837,126,416,140,32,2,14,49,74,2652,2549,326,1179,353,72,11,54,136,269,95.36352899167741
2023,16340,30081,3.0,1242,503,96,281,108,18,2,16,42,47,1206,865,117,379,118,29,1,7,64,63,102.69042732979237
2023,16340,30083,3.0,688,605,97,307,106,14,5,2,48,42,1817,1213,206,671,233,44,5,13,84,107,90.62570174543228
2023,16340,30084,3.0,427,739,90,298,80,13,0,3,43,49,1110,1515,187,611,181,27,7,2,66,81,92.29291005291006
2023,16340,30085,3.0,1729,1839,178,552,165,32,4,41,96,163,564,1020,134,424,115,21,1,2,46,94,169.57212575190104
2023,16340,30088,2.0,2184,2081,268,772,264,45,7,14,96,134,1802,2044,243,793,248,49,8,13,98,173,100.54980557431253
2023,16340,30090,2.0,1704,2153,246,773,237,42,3,18,109,159,1240,1975,248,775,203,49,4,8,121,176,120.94425267736348
2023,16340,30092,2.0,1685,1170,238,782,233,38,1,4,101,140,1205,1442,238,818,207,38,3,7,83,151,107.8579523989422
2023,16340,30093,2.0,1862,2049,276,935,280,47,2,19,100,137,1332,990,211,709,192,33,1,6,82,100,128.76533847632598
2023,16340,30094,3.0,1669,1565,228,670,207,31,11,9,101,145,1622,1494,214,704,202,44,6,8,126,152,97.41402607931897
2023,16340,30105,2.0,1136,1953,248,725,165,38,6,11,64,220,1414,2243,259,783,202,46,3,23,101,219,88.21471415844117
2023,16340,30111,3.0,1494,1118,190,640,193,33,4,16,78,124,557,1086,151,508,121,21,1,3,44,111,126.3452605951885
2023,16340,30114,3.0,1151,1295,124,442,159,35,4,25,69,91,1884,1518,172,652,226,36,6,28,104,127,99.73070869128216
2023,16340,30119,2.0,1035,1042,169,544,157,29,5,18,70,93,2336,2566,330,1060,320,53,7,35,118,237,82.73521977504653
2023,16340,30120,2.0,2324,1348,260,825,266,65,7,34,139,145,1541,2084,241,832,246,51,6,15,124,163,93.89411140583555
2023,16340,30123,2.0,1177,1551,224,683,174,37,3,9,72,170,1405,2203,299,984,262,57,7,13,94,232,100.92552264808361
2023,16340,30124,2.0,893,1545,194,591,128,27,4,5,64,144,1319,2431,277,904,236,42,8,9,96,260,92.82831615120274
2023,16340,30125,2.0,1098,1087,141,459,148,16,3,25,40,84,3034,2124,369,1153,370,70,11,64,124,267,110.86063376040522
2023,16340,30128,2.0,1211,1372,140,443,142,26,6,14,60,91,2122,3483,344,1126,318,54,11,26,136,247,113.23461195361284
2023,16340,30135,1.0,1900,1756,266,837,252,47,3,38,101,232,1971,2286,360,1126,300,56,7,42,108,292,116.231381837257
2023,16340,30136,1.0,1297,1641,222,725,190,39,9,6,101,175,1311,3473,401,1167,250,41,3,22,125,330,110.930767724246
2023,16340,30137,2.0,854,749,139,444,141,34,12,2,52,68,1836,2002,313,1034,290,51,11,4,117,219,94.04984610539812
2023,16340,30138,2.0,1326,2156,242,722,186,38,4,31,97,194,1614,2183,218,766,230,52,7,33,98,153,82.60936755202563
2023,16340,30141,2.0,957,601,166,502,153,32,6,8,64,88,2291,2519,336,1160,332,56,10,39,132,301,65.56220724895424
2023,16340,30146,2.0,2068,1788,312,948,277,48,3,41,102,198,1803,1537,240,816,223,47,3,23,71,172,88.80700138185169
2023,16340,30147,2.0,1612,1075,228,637,193,37,6,14,95,126,1159,1448,266,814,212,35,1,18,86,184,120.24677151259428
2023,16340,30149,2.0,1879,793,268,799,241,34,3,48,87,127,2178,1674,263,858,278,45,2,36,97,159,68.07241053300476
2023,16340,30151,2.0,1503,1113,213,603,172,35,0,12,106,96,1696,1814,282,908,237,51,4,30,159,184,98.6734079691826
2023,16340,30152,2.0,939,1353,93,301,109,13,2,17,40,68,156,265,42,123,25,5,0,0,17,39,245.86621714811122
2023,16340,30154,2.0,2039,968,226,767,246,41,3,30,98,134,3027,1970,327,1123,325,75,10,35,134,226,87.06896704394318
2023,16340,30160,3.0,586,437,110,345,90,14,3,2,34,62,1076,1458,205,593,148,23,2,3,60,115,75.23677979479085
2023,16340,30164,3.0,1729,1870,195,616,220,50,3,29,60,90,689,1628,188,514,124,18,6,6,41,118,149.75421356086008
2023,16340,30165,3.0,372,442,50,169,66,14,2,4,20,33,852,1650,173,597,180,27,11,8,70,125,112.56754596322942
2023,16340,30170,3.0,711,553,109,365,111,24,1,10,49,36,2061,1559,297,986,297,52,3,30,132,189,95.14116275533479
2023,16340,30171,3.0,1418,2590,247,742,201,36,10,7,87,203,916,1754,171,566,139,18,2,6,69,144,103.92394122731203
2023,16340,30172,3.0,811,831,108,344,111,19,0,12,47,58,1944,2084,258,841,276,59,3,26,72,142,97.38221339512303
2023,16340,30175,2.0,1356,1355,213,630,191,45,4,9,89,130,1214,1546,271,832,217,37,2,13,96,161,124.9712526365925
2023,16340,30177,2.0,2701,2253,282,913,327,66,17,38,98,188,2549,1933,290,1017,325,70,6,42,142,210,113.66664451343593
2023,16340,30178,2.0,1566,1400,250,851,259,52,5,33,73,192,1127,1668,204,681,177,41,0,23,66,169,86.59234347048302
2023,16340,30179,2.0,1229,2253,248,709,177,40,3,17,90,194,1836,2688,253,809,245,53,10,29,106,200,78.51904537805538
2023,16340,30180,2.0,1635,1853,258,851,229,44,0,6,132,163,1934,2288,270,954,281,60,2,28,125,203,86.4574267678715
2023,16340,30181,2.0,1328,2336,170,611,186,34,0,25,92,146,1988,2195,286,953,264,57,4,25,135,226,147.36173025270352
2023,16340,30190,3.0,1004,608,113,403,133,32,1,10,56,54,1389,1873,198,654,177,23,4,23,82,160,86.59001752548792
2023,16340,30191,2.0,2237,2268,299,885,258,37,11,16,118,136,2947,1495,283,897,286,46,10,21,139,136,95.99121490063683
2023,16340,30192,2.0,1806,2836,255,811,234,41,5,13,87,159,836,2544,261,758,172,25,1,11,91,198,140.56874347372087
2023,16340,30197,3.0,689,566,116,369,104,23,3,5,44,66,1502,1512,273,861,232,38,9,6,115,176,97.99527492391826
2023,16340,30198,2.0,1251,1271,232,696,198,35,2,5,84,129,1147,1764,233,724,186,30,4,15,65,135,87.01032942820929
2023,16340,30199,2.0,1513,1761,287,759,198,37,1,19,79,173,979,1026,194,581,171,35,4,10,58,149,110.37840937725372
2023,16340,30202,2.0,1423,980,148,511,180,36,9,25,69,104,3238,2572,364,1342,407,55,8,70,180,290,101.72256593943341
2023,16340,30219,3.0,643,1102,123,385,107,18,3,2,42,65,556,1299,134,418,109,13,2,3,25,95,102.48285232178466
2023,16340,30220,2.0,1676,1787,267,888,256,43,4,49,134,191,796,961,166,549,128,21,1,20,53,151,122.53990991624728
2023,16340,30221,2.0,1229,727,154,521,172,33,13,9,78,87,2247,2348,387,1218,336,70,12,31,130,278,106.97285304467023
2023,16340,30222,2.0,585,971,106,334,108,22,4,7,36,62,679,801,133,449,126,16,1,6,42,87,131.91483936766957
2023,16340,30232,3.0,549,1304,118,377,91,10,6,6,57,91,628,1488,164,537,126,21,1,8,55,141,121.70869244817533
