season,season_id,school_id,division,W,L,SV,CG,SHO,IP,H,R,ER,2B,3B,HR,BB,IBB,SO,HB,Bk,WP,BF,P-OAB,IR,IRS,SHA,SFA,GO,FO,KL,pickoffs,W-L%,ERA,WHIP,H9,HR9,BB9,SO9,SO/BB,RA9
2023,16340,2,1.0,3,0,1,0.0,0,37.0,30,17,17,3,0,5,23,1,40,5,1,5,164,133,9,3,0,3,29,37,15,0.0,1.0,4.135135135135135,1.4324324324324325,7.297297297297297,1.2162162162162162,5.594594594594595,9.72972972972973,1.7391304347826086,4.135135135135135
2023,16340,5,1.0,2,3,1,0.0,0,40.0,45,40,37,10,0,3,29,1,30,6,0,10,199,158,15,7,4,2,34,51,9,0.0,0.4,8.325000000000001,1.85,10.125,0.6749999999999999,6.5249999999999995,6.75,1.0344827586206897,9.0
2023,16340,6,1.0,1,0,0,0.0,0,10.666666666666666,18,22,17,6,3,2,13,0,7,1,1,6,67,51,6,5,2,0,16,8,1,0.0,1.0,14.34375,2.90625,15.1875,1.6875,10.96875,5.90625,0.5384615384615384,18.5625
2023,16340,7,1.0,3,1,1,0.0,0,41.333333333333336,29,24,21,8,2,2,23,0,37,3,1,5,178,151,11,7,0,1,28,53,11,0.0,0.75,4.57258064516129,1.2580645161290323,6.314516129032257,0.43548387096774194,5.008064516129032,8.056451612903226,1.608695652173913,5.225806451612902
2023,16340,8,1.0,5,0,1,0.0,0,41.0,27,9,6,1,0,4,15,0,45,1,0,3,166,148,0,0,1,1,37,37,9,0.0,1.0,1.3170731707317072,1.024390243902439,5.926829268292683,0.8780487804878049,3.292682926829268,9.878048780487806,3.0,1.975609756097561
2023,16340,9,1.0,1,2,1,0.0,0,23.0,29,21,19,7,1,3,12,0,19,7,0,2,112,87,12,5,4,2,23,22,6,0.0,0.3333333333333333,7.434782608695652,1.7826086956521738,11.347826086956522,1.1739130434782608,4.695652173913043,7.434782608695652,1.5833333333333333,8.217391304347826
2023,16340,28,1.0,5,0,2,0.0,0,45.0,38,15,14,10,1,0,19,0,43,9,0,4,199,171,17,5,0,0,45,40,8,0.0,1.0,2.8,1.2666666666666666,7.6,0.0,3.8,8.6,2.263157894736842,3.0
2023,16340,29,1.0,3,2,1,0.0,0,47.0,49,21,20,7,1,2,13,0,44,9,0,2,206,176,9,1,4,4,54,35,12,1.0,0.6,3.8297872340425534,1.3191489361702127,9.382978723404255,0.3829787234042553,2.4893617021276597,8.425531914893618,3.3846153846153846,4.0212765957446805
2023,16340,30,1.0,2,1,0,0.0,0,26.0,22,16,15,5,0,3,9,0,22,5,0,3,112,95,10,3,2,1,26,24,6,0.0,0.6666666666666666,5.192307692307692,1.1923076923076923,7.615384615384615,1.0384615384615385,3.1153846153846154,7.615384615384615,2.4444444444444446,5.538461538461538
2023,16340,31,1.0,1,1,0,0.0,0,18.0,31,25,25,3,0,2,14,0,19,3,1,1,99,79,16,6,1,2,17,15,5,0.0,0.5,12.5,2.5,15.5,1.0,7.0,9.5,1.3571428571428572,12.5
2023,16340,32,1.0,2,1,2,0.0,0,32.0,32,18,17,8,0,6,17,1,35,1,1,6,146,128,1,0,0,0,28,32,6,0.0,0.6666666666666666,4.78125,1.53125,9.0,1.6875,4.78125,9.84375,2.0588235294117645,5.0625
2023,16340,37,1.0,3,1,0,0.0,0,34.0,28,17,16,8,0,2,14,0,36,5,0,1,149,128,17,5,0,2,33,32,14,0.0,0.75,4.235294117647059,1.2352941176470589,7.411764705882352,0.5294117647058824,3.705882352941176,9.529411764705882,2.5714285714285716,4.5
2023,16340,43,1.0,2,2,1,0.0,0,36.0,43,40,33,7,1,7,22,0,40,5,0,6,175,143,17,5,2,3,33,29,13,0.0,0.5,8.25,1.8055555555555556,10.75,1.75,5.5,10.0,1.8181818181818181,10.0
2023,16340,47,1.0,1,3,0,0.0,0,27.0,25,38,36,4,0,2,50,0,33,8,0,11,163,103,14,11,1,1,18,28,12,0.0,0.25,12.0,2.7777777777777777,8.333333333333334,0.6666666666666666,16.666666666666668,11.0,0.66,12.666666666666668
2023,16340,48,1.0,1,3,0,0.0,0,29.333333333333336,40,38,24,14,2,2,21,0,27,4,2,5,152,126,6,6,0,1,17,39,11,0.0,0.25,7.363636363636363,2.0795454545454546,12.272727272727272,0.6136363636363635,6.4431818181818175,8.284090909090908,1.2857142857142858,11.659090909090908
2023,16340,51,1.0,2,2,0,0.0,0,34.666666666666664,31,26,18,8,0,4,22,1,45,3,0,3,158,130,7,4,2,1,30,26,18,1.0,0.5,4.673076923076923,1.528846153846154,8.048076923076923,1.0384615384615385,5.711538461538463,11.682692307692308,2.0454545454545454,6.75
2023,16340,52,1.0,2,0,1,0.0,0,20.0,19,8,8,3,1,2,9,0,25,3,0,4,87,72,5,3,1,2,18,13,4,0.0,1.0,3.6,1.4,8.549999999999999,0.9,4.05,11.25,2.7777777777777777,3.6
2023,16340,61,1.0,2,1,0,0.0,0,31.0,29,19,14,4,1,6,10,0,42,2,0,2,137,120,2,1,2,3,22,28,8,0.0,0.6666666666666666,4.064516129032258,1.2580645161290323,8.419354838709676,1.7419354838709677,2.903225806451613,12.193548387096774,4.2,5.516129032258065
2023,16340,62,1.0,0,1,0,0.0,0,8.0,9,6,6,3,0,1,9,0,4,2,0,1,43,32,1,0,0,0,5,14,1,0.0,0.0,6.75,2.25,10.125,1.125,10.125,4.5,0.4444444444444444,6.75
2023,16340,71,1.0,1,2,0,0.0,0,25.0,23,16,13,8,1,2,17,0,25,4,0,7,117,93,0,0,0,3,16,31,6,0.0,0.3333333333333333,4.68,1.6,8.280000000000001,0.72,6.12,9.0,1.4705882352941178,5.76
2023,16340,72,1.0,1,2,1,0.0,0,25.0,25,21,16,5,0,0,16,0,28,7,0,4,119,93,6,2,1,2,22,17,8,1.0,0.3333333333333333,5.76,1.64,9.0,0.0,5.76,10.080000000000002,1.75,7.56
2023,16340,77,1.0,0,2,0,0.0,0,21.666666666666664,20,14,12,6,0,1,12,0,30,2,0,2,97,80,4,4,2,1,15,14,5,0.0,0.0,4.984615384615385,1.476923076923077,8.307692307692308,0.4153846153846154,4.984615384615385,12.461538461538463,2.5,5.815384615384616
2023,16340,81,1.0,0,1,0,0.0,0,9.333333333333332,11,6,6,2,0,2,6,1,12,2,0,1,43,35,0,0,0,0,6,6,6,0.0,0.0,5.7857142857142865,1.8214285714285716,10.60714285714286,1.9285714285714288,5.7857142857142865,11.571428571428573,2.0,5.7857142857142865
2023,16340,83,1.0,0,3,0,0.0,0,24.0,29,23,22,2,1,4,18,0,17,8,0,5,119,93,4,2,0,0,27,20,6,1.0,0.0,8.25,1.9583333333333333,10.875,1.5,6.75,6.375,0.9444444444444444,8.625
2023,16340,90,1.0,1,1,0,0.0,0,18.0,24,16,16,8,0,3,6,0,29,1,0,1,83,75,4,4,0,1,9,15,6,0.0,0.5,8.0,1.6666666666666667,12.0,1.5,3.0,14.5,4.833333333333333,8.0
2023,16340,94,1.0,3,1,2,0.0,0,36.0,23,10,4,2,0,0,9,0,22,2,1,1,145,128,2,1,4,2,45,36,7,0.0,0.75,1.0,0.8888888888888888,5.75,0.0,2.25,5.5,2.4444444444444446,2.5
2023,16340,96,1.0,1,2,1,0.0,0,27.0,30,13,13,6,1,3,14,0,31,4,0,4,124,106,3,1,0,0,22,22,12,0.0,0.3333333333333333,4.333333333333333,1.6296296296296295,10.0,1.0,4.666666666666666,10.333333333333334,2.2142857142857144,4.333333333333333
2023,16340,97,1.0,2,2,1,0.0,0,37.0,44,33,30,8,2,10,24,1,40,4,0,5,181,153,0,0,0,0,27,40,9,0.0,0.5,7.297297297297297,1.837837837837838,10.702702702702704,2.4324324324324325,5.837837837837839,9.72972972972973,1.6666666666666667,8.027027027027026
2023,16340,99,1.0,2,2,1,0.0,0,35.666666666666664,34,23,20,7,1,3,10,0,41,3,1,3,154,137,13,6,2,2,33,29,11,0.0,0.5,5.046728971962617,1.2336448598130842,8.57943925233645,0.7570093457943926,2.5233644859813085,10.345794392523365,4.1,5.80373831775701
2023,16340,101,1.0,3,0,1,0.0,0,31.0,26,12,10,5,0,1,6,0,32,0,0,3,121,113,0,0,0,2,40,16,9,0.0,1.0,2.903225806451613,1.032258064516129,7.548387096774194,0.29032258064516125,1.7419354838709677,9.29032258064516,5.333333333333333,3.4838709677419355
2023,16340,102,1.0,3,1,2,0.0,0,36.0,31,24,22,6,1,7,16,0,37,5,0,5,153,130,6,3,1,1,28,36,8,0.0,0.75,5.5,1.3055555555555556,7.75,1.75,4.0,9.25,2.3125,6.0
2023,16340,104,1.0,2,2,1,0.0,0,34.333333333333336,37,23,22,4,3,2,22,0,48,2,0,4,158,133,5,0,0,1,28,21,13,1.0,0.5,5.766990291262135,1.7184466019417475,9.699029126213592,0.5242718446601942,5.766990291262135,12.582524271844658,2.1818181818181817,6.0291262135922326
2023,16340,107,1.0,2,1,1,0.0,0,26.0,23,11,10,4,0,1,10,0,25,0,0,1,109,95,4,1,2,2,24,25,3,0.0,0.6666666666666666,3.4615384615384617,1.2692307692307692,7.961538461538462,0.34615384615384615,3.4615384615384617,8.653846153846153,2.5,3.8076923076923075
2023,16340,109,1.0,5,0,5,0.0,0,43.666666666666664,32,13,12,5,0,2,15,0,57,4,0,3,181,160,10,2,1,1,34,37,19,0.0,1.0,2.4732824427480917,1.0763358778625955,6.595419847328245,0.4122137404580153,3.0916030534351147,11.748091603053435,3.8,2.6793893129770994
2023,16340,110,1.0,4,0,0,0.0,0,36.0,29,4,4,6,0,2,3,0,57,1,0,1,139,135,0,0,0,0,20,28,19,0.0,1.0,1.0,0.8888888888888888,7.25,0.5,0.75,14.25,19.0,1.0
2023,16340,111,1.0,0,2,0,0.0,0,16.0,22,25,23,6,2,5,13,0,12,5,0,1,86,67,0,0,0,1,18,16,5,0.0,0.0,12.9375,2.1875,12.375,2.8125,7.3125,6.75,0.9230769230769231,14.0625
2023,16340,112,1.0,0,3,0,0.0,0,26.0,37,28,25,5,3,3,11,1,24,4,0,2,127,110,9,7,1,1,27,23,8,1.0,0.0,8.653846153846153,1.8461538461538463,12.807692307692308,1.0384615384615385,3.8076923076923075,8.307692307692308,2.1818181818181817,9.692307692307692
2023,16340,115,1.0,3,1,0,0.0,0,37.0,26,23,18,7,0,1,18,0,44,3,0,9,160,137,8,6,1,1,34,32,6,0.0,0.75,4.378378378378379,1.1891891891891893,6.324324324324325,0.24324324324324326,4.378378378378379,10.702702702702704,2.4444444444444446,5.594594594594595
2023,16340,128,1.0,3,1,0,0.0,0,34.0,24,20,18,3,0,5,19,0,40,5,1,2,148,121,9,4,2,1,34,22,15,1.0,0.75,4.764705882352941,1.2647058823529411,6.352941176470589,1.3235294117647058,5.029411764705882,10.588235294117647,2.1052631578947367,5.294117647058823
2023,16340,129,1.0,3,1,1,0.0,0,36.666666666666664,36,22,20,5,1,3,21,0,33,6,2,5,170,141,8,3,1,1,29,44,12,0.0,0.75,4.90909090909091,1.5545454545454547,8.836363636363638,0.7363636363636363,5.154545454545454,8.1,1.5714285714285714,5.4
2023,16340,140,1.0,2,2,1,0.0,0,37.333333333333336,45,32,30,6,3,10,31,1,42,7,0,5,188,148,14,6,1,1,33,29,15,1.0,0.5,7.232142857142857,2.0357142857142856,10.848214285714285,2.4107142857142856,7.473214285714285,10.125,1.3548387096774193,7.7142857142857135
2023,16340,141,1.0,4,0,2,0.0,0,44.0,42,28,26,14,2,2,23,0,49,6,0,5,202,169,12,4,1,3,44,36,9,0.0,1.0,5.318181818181818,1.4772727272727273,8.590909090909092,0.4090909090909091,4.704545454545454,10.022727272727272,2.130434782608696,5.7272727272727275
2023,16340,149,1.0,2,2,1,0.0,0,35.0,35,26,18,6,1,8,10,0,46,2,0,3,153,140,2,1,1,0,24,32,9,2.0,0.5,4.628571428571428,1.2857142857142858,9.0,2.057142857142857,2.571428571428571,11.82857142857143,4.6,6.685714285714286
2023,16340,165,1.0,2,1,0,0.0,0,25.0,21,18,12,2,0,5,16,0,27,9,0,4,117,88,0,0,2,2,23,19,10,2.0,0.6666666666666666,4.32,1.48,7.56,1.8,5.76,9.72,1.6875,6.4799999999999995
2023,16340,169,1.0,0,0,0,0.0,0,4.0,10,7,7,1,0,1,4,1,3,3,0,0,29,20,3,0,1,1,5,4,0,0.0,,15.75,3.5,22.5,2.25,9.0,6.75,0.75,15.75
2023,16340,173,1.0,1,2,0,0.0,0,24.0,31,27,20,3,0,4,15,0,17,5,0,1,120,96,7,6,1,3,25,21,4,0.0,0.3333333333333333,7.5,1.9166666666666667,11.625,1.5,5.625,6.375,1.1333333333333333,10.125
2023,16340,178,1.0,0,4,0,0.0,0,32.666666666666664,44,45,37,13,1,6,33,0,17,3,0,9,172,127,12,5,7,2,42,29,5,3.0,0.0,10.193877551020408,2.357142857142857,12.122448979591837,1.653061224489796,9.091836734693878,4.683673469387755,0.5151515151515151,12.39795918367347
2023,16340,180,1.0,0,2,0,0.0,0,13.333333333333332,24,24,22,3,1,4,13,0,3,2,0,2,80,62,4,0,0,3,13,22,0,0.0,0.0,14.850000000000001,2.7750000000000004,16.200000000000003,2.7,8.775,2.0250000000000004,0.23076923076923078,16.200000000000003
2023,16340,193,1.0,3,2,1,0.0,0,43.666666666666664,34,14,10,7,2,3,14,0,68,8,1,4,184,160,7,0,2,0,35,25,14,0.0,0.6,2.0610687022900764,1.099236641221374,7.00763358778626,0.6183206106870229,2.885496183206107,14.01526717557252,4.857142857142857,2.885496183206107
2023,16340,196,1.0,4,1,2,0.0,0,44.666666666666664,41,21,19,9,0,5,18,0,50,8,0,4,197,166,21,4,2,3,42,35,16,2.0,0.8,3.828358208955224,1.3208955223880599,8.261194029850747,1.0074626865671643,3.626865671641791,10.074626865671643,2.7777777777777777,4.23134328358209
2023,16340,198,1.0,2,1,0,0.0,0,35.0,28,21,17,2,1,5,21,0,43,2,0,5,155,130,8,2,1,1,27,33,8,1.0,0.6666666666666666,4.371428571428571,1.4,7.2,1.2857142857142856,5.3999999999999995,11.057142857142857,2.0476190476190474,5.3999999999999995
2023,16340,202,1.0,2,2,2,0.0,0,34.0,29,31,27,4,1,2,33,0,35,8,0,6,170,125,17,11,2,2,24,36,13,0.0,0.5,7.147058823529411,1.8235294117647058,7.6764705882352935,0.5294117647058824,8.735294117647058,9.26470588235294,1.0606060606060606,8.205882352941176
2023,16340,204,1.0,1,2,0,0.0,0,26.0,30,23,21,7,2,1,19,0,15,3,0,2,125,97,6,3,2,4,32,25,2,0.0,0.3333333333333333,7.269230769230769,1.8846153846153846,10.384615384615383,0.34615384615384615,6.576923076923077,5.192307692307692,0.7894736842105263,7.961538461538462
2023,16340,208,2.0,2,0,0,1.0,0,13.333333333333334,10,7,5,2,0,2,5,0,7,2,0,1,58,51,0,0,0,0,11,20,1,0.0,1.0,3.375,1.125,6.75,1.3499999999999999,3.375,4.7250000000000005,1.4,4.7250000000000005
2023,16340,219,1.0,0,5,0,0.0,0,42.333333333333336,58,42,38,14,3,11,16,2,52,10,0,2,209,176,11,5,3,4,32,39,11,0.0,0.0,8.078740157480315,1.7480314960629921,12.330708661417322,2.338582677165354,3.4015748031496065,11.05511811023622,3.25,8.929133858267715
2023,16340,220,1.0,2,2,1,0.0,0,35.0,45,42,40,9,0,8,27,0,28,7,0,6,183,147,15,8,1,1,34,39,8,0.0,0.5,10.285714285714285,2.057142857142857,11.571428571428573,2.057142857142857,6.942857142857143,7.2,1.037037037037037,10.799999999999999
2023,16340,222,1.0,0,1,0,0.0,0,8.0,15,13,13,4,2,1,3,1,8,2,1,0,43,37,0,0,1,0,6,8,5,0.0,0.0,14.625,2.25,16.875,1.125,3.375,9.0,2.6666666666666665,14.625
2023,16340,229,1.0,4,0,0,0.0,0,36.0,31,15,8,4,0,5,7,0,31,6,0,2,152,137,3,0,0,2,29,42,6,1.0,1.0,2.0,1.0555555555555556,7.75,1.25,1.75,7.75,4.428571428571429,3.75
2023,16340,231,1.0,2,3,1,0.0,0,54.0,43,23,21,4,0,6,17,0,59,10,0,3,227,197,3,1,2,1,53,42,24,0.0,0.4,3.5,1.1111111111111112,7.166666666666666,1.0,2.8333333333333335,9.833333333333332,3.4705882352941178,3.8333333333333335
2023,16340,234,1.0,4,0,0,0.0,0,34.0,28,18,11,10,0,0,18,0,34,4,0,6,147,124,12,6,1,0,34,22,7,2.0,1.0,2.9117647058823533,1.3529411764705883,7.411764705882352,0.0,4.764705882352941,9.0,1.8888888888888888,4.764705882352941
2023,16340,235,1.0,5,1,1,0.0,0,49.666666666666664,29,22,18,4,2,3,20,0,64,9,0,4,206,174,9,3,1,1,49,31,17,1.0,0.8333333333333334,3.2617449664429534,0.9865771812080537,5.25503355704698,0.5436241610738255,3.6241610738255035,11.597315436241612,3.2,3.986577181208054
2023,16340,236,1.0,0,3,0,0.0,0,22.0,35,40,37,10,0,6,26,0,16,3,0,10,131,99,6,4,0,3,22,27,2,0.0,0.0,15.136363636363637,2.772727272727273,14.318181818181817,2.454545454545454,10.636363636363637,6.545454545454546,0.6153846153846154,16.363636363636363
2023,16340,248,1.0,2,1,1,0.0,0,32.0,29,16,13,5,1,4,14,0,27,2,0,1,135,117,6,1,2,0,27,33,7,1.0,0.6666666666666666,3.65625,1.34375,8.15625,1.125,3.9375,7.59375,1.9285714285714286,4.5
2023,16340,249,1.0,0,3,0,0.0,0,24.0,41,43,34,11,2,7,13,0,14,6,0,2,133,109,8,6,1,4,21,34,4,0.0,0.0,12.75,2.25,15.375,2.625,4.875,5.25,1.0769230769230769,16.125
2023,16340,251,1.0,2,1,1,0.0,0,27.0,23,11,10,5,0,0,13,0,32,2,0,2,118,100,10,1,2,1,25,22,10,0.0,0.6666666666666666,3.333333333333333,1.3333333333333333,7.666666666666667,0.0,4.333333333333333,10.666666666666666,2.4615384615384617,3.6666666666666665
2023,16340,253,1.0,2,2,2,0.0,0,36.0,35,24,21,7,2,5,21,1,38,14,0,3,173,133,16,4,1,4,23,40,9,0.0,0.5,5.25,1.5555555555555556,8.75,1.25,5.25,9.5,1.8095238095238095,6.0
2023,16340,254,1.0,2,2,0,0.0,0,38.0,29,22,17,6,0,2,16,0,55,7,0,3,164,139,9,6,1,1,24,31,13,0.0,0.5,4.026315789473684,1.1842105263157894,6.86842105263158,0.47368421052631576,3.789473684210526,13.026315789473685,3.4375,5.210526315789474
2023,16340,255,1.0,3,0,2,0.0,0,27.0,28,13,11,9,0,5,7,1,29,4,0,2,118,105,6,4,2,0,22,24,7,0.0,1.0,3.6666666666666665,1.2962962962962963,9.333333333333332,1.6666666666666665,2.333333333333333,9.666666666666668,4.142857142857143,4.333333333333333
2023,16340,257,1.0,2,1,1,0.0,0,27.0,28,16,13,4,0,4,16,0,34,8,0,3,131,106,10,3,0,1,22,21,10,0.0,0.6666666666666666,4.333333333333333,1.6296296296296295,9.333333333333332,1.3333333333333333,5.333333333333333,11.333333333333334,2.125,5.333333333333333
2023,16340,260,1.0,0,2,0,0.0,0,16.333333333333332,24,21,18,7,2,2,19,2,10,3,0,1,95,69,5,4,0,4,13,25,4,0.0,0.0,9.918367346938776,2.63265306122449,13.224489795918368,1.1020408163265307,10.469387755102042,5.510204081632653,0.5263157894736842,11.571428571428573
2023,16340,261,1.0,0,0,0,0.0,0,7.0,9,7,7,3,0,0,6,0,5,1,2,1,34,25,0,0,0,2,5,8,1,0.0,,9.0,2.142857142857143,11.571428571428573,0.0,7.7142857142857135,6.428571428571429,0.8333333333333334,9.0
2023,16340,277,1.0,3,1,0,0.0,0,33.0,23,16,15,6,0,2,18,0,25,4,0,1,139,114,14,4,1,2,35,31,7,1.0,0.75,4.090909090909091,1.2424242424242424,6.272727272727273,0.5454545454545454,4.909090909090908,6.818181818181818,1.3888888888888888,4.363636363636363
2023,16340,283,1.0,2,0,0,0.0,0,18.0,20,13,11,4,0,0,7,0,12,1,0,2,82,72,3,2,0,2,25,15,1,0.0,1.0,5.5,1.5,10.0,0.0,3.5,6.0,1.7142857142857142,6.5
2023,16340,285,1.0,1,3,1,0.0,0,31.333333333333332,42,41,36,10,2,11,16,0,28,7,0,7,158,133,9,5,0,2,25,38,7,0.0,0.25,10.340425531914894,1.8510638297872342,12.063829787234043,3.1595744680851063,4.595744680851064,8.042553191489363,1.75,11.77659574468085
2023,16340,288,1.0,1,2,0,0.0,0,27.0,27,18,15,6,1,2,19,0,23,2,0,6,126,104,10,1,1,0,29,24,6,0.0,0.3333333333333333,5.0,1.7037037037037037,9.0,0.6666666666666666,6.333333333333334,7.666666666666667,1.2105263157894737,6.0
2023,16340,299,1.0,2,1,0,0.0,0,26.0,35,24,21,7,1,5,10,0,32,2,1,4,125,112,5,4,0,1,21,24,7,0.0,0.6666666666666666,7.269230769230769,1.7307692307692308,12.115384615384617,1.7307692307692308,3.4615384615384617,11.076923076923077,3.2,8.307692307692308
2023,16340,301,1.0,2,2,1,0.0,0,34.0,31,27,22,5,0,11,21,0,45,4,1,3,161,134,7,4,1,1,26,32,16,0.0,0.5,5.8235294117647065,1.5294117647058822,8.205882352941176,2.9117647058823533,5.5588235294117645,11.911764705882353,2.142857142857143,7.147058823529411
2023,16340,305,1.0,1,1,1,0.0,0,16.666666666666668,13,9,9,2,1,2,5,0,14,4,0,3,69,59,2,1,0,1,18,14,6,1.0,0.5,4.859999999999999,1.0799999999999998,7.02,1.08,2.6999999999999997,7.56,2.8,4.859999999999999
2023,16340,306,1.0,1,2,0,0.0,0,25.0,27,16,13,8,0,2,18,0,24,2,0,4,122,99,5,3,2,1,23,26,8,0.0,0.3333333333333333,4.68,1.8,9.72,0.72,6.4799999999999995,8.64,1.3333333333333333,5.76
2023,16340,308,1.0,1,4,1,0.0,0,41.0,65,60,53,14,4,6,36,0,32,4,0,9,225,179,13,8,1,5,41,41,11,0.0,0.2,11.634146341463415,2.4634146341463414,14.26829268292683,1.3170731707317072,7.902439024390244,7.024390243902439,0.8888888888888888,13.170731707317072
2023,16340,310,1.0,0,2,0,0.0,0,16.0,25,20,20,5,3,2,10,0,23,3,0,6,85,70,3,1,0,2,14,10,7,1.0,0.0,11.25,2.1875,14.0625,1.125,5.625,12.9375,2.3,11.25
2023,16340,312,1.0,3,0,1,0.0,0,28.0,16,3,3,6,1,0,9,1,35,3,0,2,107,94,3,0,0,1,22,21,10,2.0,1.0,0.9642857142857142,0.8928571428571429,5.142857142857142,0.0,2.8928571428571432,11.25,3.888888888888889,0.9642857142857142
2023,16340,314,1.0,2,2,0,0.0,0,31.0,24,22,19,6,1,2,21,0,47,10,0,2,144,110,4,3,2,1,21,20,16,1.0,0.5,5.516129032258065,1.4516129032258065,6.967741935483871,0.5806451612903225,6.096774193548387,13.64516129032258,2.238095238095238,6.387096774193549
2023,16340,315,1.0,1,2,1,0.0,0,25.0,31,25,21,11,0,4,15,0,18,6,2,4,126,103,15,7,1,1,28,27,1,0.0,0.3333333333333333,7.56,1.84,11.16,1.44,5.3999999999999995,6.4799999999999995,1.2,9.0
2023,16340,316,1.0,1,3,1,0.0,0,43.0,48,41,37,16,0,4,26,0,53,11,0,6,217,174,17,11,4,2,36,35,12,1.0,0.25,7.7441860465116275,1.7209302325581395,10.046511627906977,0.8372093023255813,5.441860465116279,11.093023255813954,2.0384615384615383,8.58139534883721
2023,16340,317,1.0,1,3,0,0.0,0,33.0,47,36,31,10,4,4,19,1,23,8,0,7,164,134,14,6,1,2,30,36,5,0.0,0.25,8.454545454545455,2.0,12.818181818181818,1.0909090909090908,5.1818181818181825,6.272727272727273,1.2105263157894737,9.818181818181817
2023,16340,327,1.0,4,0,2,0.0,0,36.0,44,23,20,6,1,4,13,0,34,4,0,8,164,146,0,0,0,1,28,36,4,0.0,1.0,5.0,1.5833333333333333,11.0,1.0,3.25,8.5,2.6153846153846154,5.75
2023,16340,328,1.0,2,1,2,0.0,0,27.0,17,14,14,0,0,6,12,0,32,0,0,2,108,93,7,3,1,2,23,23,7,0.0,0.6666666666666666,4.666666666666666,1.0740740740740742,5.666666666666667,2.0,4.0,10.666666666666666,2.6666666666666665,4.666666666666666
2023,16340,331,1.0,2,0,0,0.0,0,33.0,19,14,10,1,0,3,12,1,38,3,0,2,131,115,10,4,0,1,28,28,6,0.0,1.0,2.7272727272727275,0.9393939393939394,5.1818181818181825,0.8181818181818182,3.272727272727273,10.363636363636365,3.1666666666666665,3.8181818181818183
2023,16340,334,1.0,2,1,2,0.0,0,32.0,19,5,5,3,1,1,5,0,37,1,0,0,119,111,0,0,0,2,34,21,9,0.0,0.6666666666666666,1.40625,0.75,5.34375,0.28125,1.40625,10.40625,7.4,1.40625
2023,16340,342,1.0,1,4,0,0.0,0,39.0,44,56,37,8,1,4,42,2,35,25,2,5,232,158,19,10,3,4,32,43,12,1.0,0.2,8.538461538461538,2.2051282051282053,10.153846153846153,0.923076923076923,9.692307692307692,8.076923076923077,0.8333333333333334,12.923076923076923
2023,16340,346,1.0,1,0,1,0.0,0,9.0,5,4,4,0,0,1,4,0,6,1,0,0,35,29,3,2,0,1,8,11,4,0.0,1.0,4.0,1.0,5.0,1.0,4.0,6.0,1.5,4.0
2023,16340,352,1.0,1,2,1,0.0,0,34.333333333333336,35,22,18,4,0,0,22,0,33,1,0,3,162,135,19,2,3,0,44,23,6,0.0,0.3333333333333333,4.718446601941747,1.6601941747572815,9.174757281553397,0.0,5.766990291262135,8.650485436893202,1.5,5.766990291262135
2023,16340,355,1.0,1,3,1,0.0,0,33.0,30,18,16,9,1,3,20,0,43,4,0,6,150,123,9,4,2,1,20,31,10,0.0,0.25,4.363636363636363,1.5151515151515151,8.181818181818182,0.8181818181818182,5.454545454545455,11.727272727272727,2.15,4.909090909090908
2023,16340,361,1.0,0,3,0,0.0,0,24.0,38,27,25,7,2,0,8,0,21,4,0,9,120,101,11,3,3,4,25,23,8,0.0,0.0,9.375,1.9166666666666667,14.25,0.0,3.0,7.875,2.625,10.125
2023,16340,363,1.0,0,5,0,0.0,0,39.333333333333336,67,53,44,14,0,7,22,0,38,6,1,10,208,177,12,7,2,1,34,36,9,1.0,0.0,10.067796610169491,2.2627118644067794,15.33050847457627,1.6016949152542372,5.033898305084746,8.694915254237287,1.7272727272727273,12.127118644067796
2023,16340,365,1.0,4,0,1,0.0,0,33.666666666666664,16,9,9,2,0,2,11,0,46,3,0,0,126,110,7,3,1,1,24,26,14,0.0,1.0,2.4059405940594063,0.801980198019802,4.2772277227722775,0.5346534653465347,2.9405940594059405,12.297029702970297,4.181818181818182,2.4059405940594063
2023,16340,367,1.0,4,0,1,0.0,0,35.0,32,14,14,3,0,6,19,0,46,1,0,1,152,131,8,4,0,1,18,33,14,1.0,1.0,3.6,1.457142857142857,8.228571428571428,1.542857142857143,4.885714285714285,11.82857142857143,2.4210526315789473,3.6
2023,16340,368,1.0,0,4,0,0.0,0,32.0,53,57,52,5,1,17,22,0,23,14,1,2,181,140,9,9,1,4,29,38,9,0.0,0.0,14.625,2.34375,14.90625,4.78125,6.1875,6.46875,1.0454545454545454,16.03125
2023,16340,370,1.0,1,0,0,0.0,0,9.0,6,5,4,3,0,1,0,0,10,1,0,0,35,31,0,0,1,2,10,7,1,0.0,1.0,4.0,0.6666666666666666,6.0,1.0,0.0,10.0,,5.0
2023,16340,386,1.0,0,3,0,0.0,0,24.0,32,37,28,8,2,7,25,0,24,9,1,6,138,99,7,4,2,3,19,25,6,0.0,0.0,10.5,2.375,12.0,2.625,9.375,9.0,0.96,13.875
2023,16340,391,1.0,1,0,0,0.0,0,7.333333333333333,7,2,2,1,0,1,7,0,6,0,0,2,35,27,2,0,1,0,7,8,3,0.0,1.0,2.454545454545455,1.9090909090909092,8.590909090909092,1.2272727272727275,8.590909090909092,7.363636363636364,0.8571428571428571,2.454545454545455
2023,16340,392,1.0,3,2,2,0.0,0,43.333333333333336,40,24,20,7,0,6,14,0,47,5,1,4,185,166,8,0,0,0,47,31,11,1.0,0.6,4.153846153846153,1.2461538461538462,8.307692307692307,1.246153846153846,2.907692307692307,9.76153846153846,3.357142857142857,4.984615384615384
2023,16340,404,1.0,3,1,1,0.0,0,38.0,39,28,24,8,2,3,16,0,40,6,0,6,177,147,13,4,4,4,37,35,6,1.0,0.75,5.684210526315789,1.4473684210526316,9.23684210526316,0.7105263157894737,3.789473684210526,9.473684210526315,2.5,6.63157894736842
2023,16340,406,1.0,2,1,1,0.0,0,28.0,26,18,16,1,0,3,10,0,35,8,0,4,126,104,6,5,2,2,22,23,5,0.0,0.6666666666666666,5.142857142857142,1.2857142857142858,8.357142857142858,0.9642857142857142,3.2142857142857144,11.25,3.5,5.7857142857142865
2023,16340,414,1.0,0,2,0,0.0,0,16.0,21,21,21,7,0,5,9,0,23,9,0,3,87,67,4,3,1,1,10,15,13,0.0,0.0,11.8125,1.875,11.8125,2.8125,5.0625,12.9375,2.5555555555555554,11.8125
2023,16340,415,1.0,3,1,0,0.0,0,35.0,36,15,14,4,0,4,14,1,43,1,0,5,155,140,9,3,0,0,30,32,10,0.0,0.75,3.6,1.4285714285714286,9.257142857142856,1.0285714285714285,3.6,11.057142857142857,3.0714285714285716,3.8571428571428568
2023,16340,416,1.0,2,1,0,0.0,0,27.0,19,12,10,5,2,2,14,0,20,3,0,3,119,101,7,0,0,1,25,35,7,0.0,0.6666666666666666,3.333333333333333,1.2222222222222223,6.333333333333334,0.6666666666666666,4.666666666666666,6.666666666666666,1.4285714285714286,4.0
2023,16340,418,1.0,2,0,2,0.0,0,18.0,12,6,4,2,0,0,10,1,13,0,0,4,73,63,4,1,0,0,18,17,6,0.0,1.0,2.0,1.2222222222222223,6.0,0.0,5.0,6.5,1.3,3.0
2023,16340,419,1.0,1,2,0,0.0,0,26.0,34,26,20,4,1,7,12,1,22,3,0,5,125,110,4,3,0,0,31,23,10,1.0,0.3333333333333333,6.923076923076923,1.7692307692307692,11.76923076923077,2.423076923076923,4.153846153846154,7.615384615384615,1.8333333333333333,9.0
2023,16340,428,1.0,0,4,0,0.0,0,36.666666666666664,44,34,29,7,4,3,23,1,34,4,0,9,182,151,5,3,1,3,34,39,10,0.0,0.0,7.118181818181819,1.8272727272727274,10.8,0.7363636363636363,5.6454545454545455,8.345454545454546,1.4782608695652173,8.345454545454546
2023,16340,430,1.0,2,3,0,0.0,0,36.0,39,41,36,4,0,5,34,0,52,6,1,4,192,147,10,8,1,4,25,28,14,2.0,0.4,9.0,2.0277777777777777,9.75,1.25,8.5,13.0,1.5294117647058822,10.25
2023,16340,432,1.0,0,2,0,0.0,0,8.333333333333332,21,20,17,6,0,1,9,0,5,4,0,3,61,46,6,2,0,2,7,13,1,0.0,0.0,18.360000000000003,3.6000000000000005,22.680000000000003,1.0800000000000003,9.72,5.4,0.5555555555555556,21.6
2023,16340,433,1.0,3,1,1,0.0,0,28.0,23,15,15,6,0,1,20,0,41,1,0,3,126,104,15,7,0,1,19,22,12,0.0,0.75,4.821428571428571,1.5357142857142858,7.392857142857142,0.3214285714285714,6.428571428571429,13.178571428571427,2.05,4.821428571428571
2023,16340,434,1.0,2,1,1,0.0,0,27.0,23,14,13,4,0,0,13,0,34,2,0,2,115,97,8,4,1,1,18,23,6,1.0,0.6666666666666666,4.333333333333333,1.3333333333333333,7.666666666666667,0.0,4.333333333333333,11.333333333333334,2.6153846153846154,4.666666666666666
2023,16340,439,1.0,0,3,0,0.0,0,24.0,39,37,36,8,2,6,22,0,15,6,0,2,135,105,4,3,1,1,21,33,6,0.0,0.0,13.5,2.5416666666666665,14.625,2.25,8.25,5.625,0.6818181818181818,13.875
2023,16340,444,1.0,2,0,1,0.0,0,14.0,14,6,4,2,0,1,3,0,19,4,0,2,62,55,1,1,0,0,11,9,6,0.0,1.0,2.571428571428571,1.2142857142857142,9.0,0.6428571428571428,1.9285714285714284,12.214285714285715,6.333333333333333,3.8571428571428568
2023,16340,450,1.0,5,1,4,0.0,0,51.666666666666664,39,32,22,9,1,6,38,1,41,5,0,7,240,188,14,4,7,2,50,59,15,2.0,0.8333333333333334,3.8322580645161293,1.4903225806451614,6.7935483870967746,1.0451612903225806,6.619354838709677,7.141935483870968,1.0789473684210527,5.574193548387097
2023,16340,454,1.0,1,1,1,0.0,0,17.0,28,20,19,3,1,3,6,0,23,3,1,1,90,78,2,0,1,2,14,14,6,0.0,0.5,10.058823529411764,2.0,14.823529411764705,1.5882352941176472,3.1764705882352944,12.176470588235295,3.8333333333333335,10.588235294117647
2023,16340,457,1.0,2,1,1,0.0,0,30.0,23,14,12,2,0,2,19,0,33,1,0,4,131,107,9,3,1,3,19,35,14,1.0,0.6666666666666666,3.6,1.4,6.9,0.6,5.699999999999999,9.9,1.736842105263158,4.2
2023,16340,458,1.0,3,1,1,0.0,0,30.0,23,16,16,4,1,6,15,0,36,3,0,2,127,109,8,2,0,0,25,27,15,0.0,0.75,4.8,1.2666666666666666,6.9,1.8,4.5,10.799999999999999,2.4,4.8
2023,16340,459,1.0,1,2,0,0.0,0,27.0,40,38,28,5,1,5,19,1,15,6,0,10,141,113,7,1,1,2,20,36,6,1.0,0.3333333333333333,9.333333333333332,2.185185185185185,13.333333333333332,1.6666666666666665,6.333333333333334,5.0,0.7894736842105263,12.666666666666668
2023,16340,460,1.0,1,1,0,0.0,0,27.0,27,17,15,3,0,3,16,0,24,6,0,3,128,103,11,3,2,1,28,23,3,0.0,0.5,5.0,1.5925925925925926,9.0,1.0,5.333333333333333,8.0,1.5,5.666666666666667
2023,16340,463,1.0,0,2,0,0.0,0,23.333333333333332,19,26,21,1,0,4,13,0,15,9,2,3,109,82,11,6,2,3,17,32,6,0.0,0.0,8.1,1.3714285714285714,7.328571428571428,1.542857142857143,5.014285714285714,5.7857142857142865,1.1538461538461537,10.028571428571428
2023,16340,464,1.0,0,3,0,0.0,0,24.0,39,42,38,5,1,6,23,0,21,8,2,4,145,112,0,0,0,2,22,26,11,0.0,0.0,14.25,2.5833333333333335,14.625,2.25,8.625,7.875,0.9130434782608695,15.75
2023,16340,465,1.0,0,1,0,0.0,0,5.0,5,3,3,1,0,3,3,0,3,1,0,0,22,18,1,0,0,0,3,7,1,0.0,0.0,5.3999999999999995,1.6,9.0,5.3999999999999995,5.3999999999999995,5.3999999999999995,1.0,5.3999999999999995
2023,16340,466,1.0,1,2,0,0.0,0,25.0,35,19,19,3,0,5,7,0,29,5,0,3,118,105,4,0,1,0,23,19,13,0.0,0.3333333333333333,6.84,1.68,12.6,1.8,2.5200000000000005,10.44,4.142857142857143,6.84
2023,16340,471,1.0,2,0,0,0.0,0,18.0,14,10,6,1,0,2,13,0,19,4,2,0,86,69,3,0,0,0,15,18,5,0.0,1.0,3.0,1.5,7.0,1.0,6.5,9.5,1.4615384615384615,5.0
2023,16340,472,1.0,0,2,0,0.0,0,20.0,27,18,17,4,0,6,6,2,21,5,0,1,96,82,8,3,2,1,16,17,5,1.0,0.0,7.6499999999999995,1.65,12.15,2.6999999999999997,2.6999999999999997,9.450000000000001,3.5,8.1
2023,16340,473,1.0,3,1,2,0.0,0,38.0,38,13,13,6,1,4,13,0,37,2,0,0,163,143,6,4,4,1,27,44,9,0.0,0.75,3.0789473684210527,1.3421052631578947,9.0,0.9473684210526315,3.0789473684210527,8.763157894736842,2.8461538461538463,3.0789473684210527
2023,16340,474,1.0,0,1,0,0.0,0,4.0,8,9,9,4,1,0,3,0,2,2,0,1,25,18,1,1,1,1,3,7,0,0.0,0.0,20.25,2.75,18.0,0.0,6.75,4.5,0.6666666666666666,20.25
2023,16340,485,1.0,1,3,0,0.0,0,32.0,31,32,28,9,2,2,29,0,39,7,1,3,166,126,5,3,1,3,26,31,14,0.0,0.25,7.875,1.875,8.71875,0.5625,8.15625,10.96875,1.3448275862068966,9.0
2023,16340,487,1.0,0,0,0,0.0,0,3.6666666666666665,7,3,3,1,0,0,2,0,2,2,0,0,19,14,5,5,0,1,4,2,0,0.0,,7.363636363636364,2.4545454545454546,17.181818181818183,0.0,4.90909090909091,4.90909090909091,1.0,7.363636363636364
2023,16340,488,1.0,0,1,0,0.0,0,7.0,16,15,14,4,1,1,6,0,8,1,1,2,45,36,4,3,0,2,3,9,2,0.0,0.0,18.0,3.142857142857143,20.57142857142857,1.2857142857142856,7.7142857142857135,10.285714285714285,1.3333333333333333,19.285714285714285
2023,16340,490,1.0,5,0,1,0.0,0,44.0,31,10,9,7,0,1,10,0,37,5,1,0,175,158,4,2,0,2,40,49,11,0.0,1.0,1.840909090909091,0.9318181818181818,6.340909090909092,0.20454545454545456,2.0454545454545454,7.568181818181818,3.7,2.0454545454545454
2023,16340,493,1.0,1,3,0,0.0,0,33.0,28,20,19,10,0,2,17,0,32,5,0,6,145,119,4,1,1,3,22,39,8,0.0,0.25,5.1818181818181825,1.3636363636363635,7.636363636363637,0.5454545454545454,4.636363636363637,8.727272727272727,1.8823529411764706,5.454545454545455
2023,16340,500,1.0,1,1,0,0.0,0,17.333333333333332,25,16,11,5,1,0,9,0,21,4,1,1,92,76,5,1,1,2,14,16,6,0.0,0.5,5.711538461538463,1.9615384615384617,12.980769230769234,0.0,4.673076923076923,10.903846153846155,2.3333333333333335,8.307692307692308
2023,16340,502,1.0,2,1,0,0.0,0,25.333333333333332,28,18,14,11,0,1,14,0,19,2,1,3,117,98,0,0,3,0,35,16,6,3.0,0.6666666666666666,4.973684210526316,1.6578947368421053,9.947368421052632,0.3552631578947369,4.973684210526316,6.75,1.3571428571428572,6.394736842105263
2023,16340,505,1.0,3,1,2,0.0,0,34.333333333333336,26,24,17,8,0,2,16,0,30,12,0,4,154,125,16,10,0,1,38,31,7,1.0,0.75,4.45631067961165,1.2233009708737863,6.815533980582524,0.5242718446601942,4.194174757281553,7.864077669902912,1.875,6.291262135922329
2023,16340,508,1.0,1,3,1,0.0,0,34.0,28,22,20,8,0,2,12,0,35,6,0,13,147,129,7,4,0,0,32,32,9,0.0,0.25,5.294117647058823,1.1764705882352942,7.411764705882352,0.5294117647058824,3.1764705882352944,9.26470588235294,2.9166666666666665,5.8235294117647065
2023,16340,509,1.0,0,3,0,0.0,0,24.0,52,56,50,13,4,13,17,0,26,7,1,4,149,119,9,7,0,5,19,24,9,1.0,0.0,18.75,2.875,19.5,4.875,6.375,9.75,1.5294117647058822,21.0
2023,16340,518,1.0,0,2,0,0.0,0,18.0,19,11,11,11,0,1,6,1,18,2,0,1,79,71,4,2,0,0,19,14,9,0.0,0.0,5.5,1.3888888888888888,9.5,0.5,3.0,9.0,3.0,5.5
2023,16340,519,1.0,0,2,0,0.0,0,22.0,42,35,31,9,1,3,15,0,16,6,0,1,129,106,5,4,1,1,24,24,7,0.0,0.0,12.681818181818183,2.590909090909091,17.181818181818183,1.227272727272727,6.136363636363636,6.545454545454546,1.0666666666666667,14.318181818181817
2023,16340,521,1.0,1,0,1,0.0,0,9.0,0,0,0,0,0,0,1,0,15,1,0,1,30,27,2,0,1,0,7,5,3,0.0,1.0,0.0,0.1111111111111111,0.0,0.0,1.0,15.0,15.0,0.0
2023,16340,522,1.0,2,2,1,0.0,0,31.333333333333332,33,14,14,4,1,3,11,0,32,1,1,2,138,124,0,0,0,2,26,33,9,0.0,0.5,4.021276595744681,1.4042553191489362,9.47872340425532,0.8617021276595744,3.1595744680851063,9.191489361702128,2.909090909090909,4.021276595744681
2023,16340,523,1.0,3,1,1,0.0,0,34.666666666666664,35,22,14,6,0,4,17,0,35,5,0,2,162,138,8,5,1,0,39,25,5,1.0,0.75,3.6346153846153846,1.5,9.086538461538462,1.0384615384615385,4.413461538461538,9.086538461538462,2.0588235294117645,5.711538461538463
2023,16340,527,1.0,3,0,1,0.0,0,28.0,21,5,3,2,1,0,14,0,30,5,0,1,115,95,7,3,0,1,23,21,11,1.0,1.0,0.9642857142857142,1.25,6.75,0.0,4.5,9.642857142857142,2.142857142857143,1.6071428571428572
2023,16340,528,1.0,3,1,1,0.0,0,35.0,41,18,14,7,1,1,9,0,41,3,0,1,155,142,12,6,0,1,26,30,10,0.0,0.75,3.6,1.4285714285714286,10.542857142857143,0.2571428571428571,2.314285714285714,10.542857142857143,4.555555555555555,4.628571428571428
2023,16340,529,1.0,4,0,2,0.0,0,34.0,23,8,5,5,0,3,18,0,35,2,1,1,146,125,1,0,1,0,28,38,8,0.0,1.0,1.3235294117647058,1.2058823529411764,6.088235294117648,0.7941176470588236,4.764705882352941,9.26470588235294,1.9444444444444444,2.1176470588235294
2023,16340,536,1.0,3,1,1,0.0,0,34.0,34,24,21,8,0,3,22,0,50,1,1,8,159,136,13,4,0,0,27,23,18,0.0,0.75,5.5588235294117645,1.6470588235294117,9.0,0.7941176470588236,5.8235294117647065,13.23529411764706,2.272727272727273,6.352941176470589
2023,16340,539,1.0,1,2,0,0.0,0,25.666666666666664,23,17,15,1,0,8,17,0,23,4,0,4,119,98,3,1,0,0,23,27,9,0.0,0.3333333333333333,5.25974025974026,1.5584415584415585,8.064935064935066,2.8051948051948057,5.9610389610389625,8.064935064935066,1.3529411764705883,5.9610389610389625
2023,16340,540,1.0,0,1,0,0.0,0,8.0,10,7,7,1,1,2,5,0,8,2,0,0,41,34,3,0,0,0,11,5,6,0.0,0.0,7.875,1.875,11.25,2.25,5.625,9.0,1.6,7.875
2023,16340,541,1.0,0,1,0,0.0,0,8.0,13,11,9,3,0,1,6,0,5,4,0,2,47,37,0,0,0,0,11,7,3,0.0,0.0,10.125,2.375,14.625,1.125,6.75,5.625,0.8333333333333334,12.375
2023,16340,546,2.0,2,1,0,0.0,0,22.0,37,24,21,10,0,2,3,0,17,1,1,0,106,102,0,0,0,0,22,24,5,0.0,0.6666666666666666,8.590909090909092,1.8181818181818181,15.136363636363637,0.8181818181818182,1.227272727272727,6.954545454545454,5.666666666666667,9.818181818181817
2023,16340,551,1.0,3,1,1,0.0,0,30.0,33,27,22,8,1,5,21,0,34,4,1,4,144,117,8,3,2,0,28,22,8,0.0,0.75,6.6,1.8,9.9,1.5,6.3,10.2,1.619047619047619,8.1
2023,16340,553,1.0,0,3,0,0.0,0,25.333333333333332,34,24,23,9,1,3,12,0,18,2,1,7,116,98,12,11,4,0,29,19,3,5.0,0.0,8.171052631578949,1.8157894736842106,12.078947368421051,1.0657894736842106,4.2631578947368425,6.394736842105263,1.5,8.526315789473685
2023,16340,559,1.0,3,1,0,0.0,0,33.0,28,14,10,7,1,1,14,0,19,4,0,7,141,122,10,3,0,1,29,44,7,2.0,0.75,2.7272727272727275,1.2727272727272727,7.636363636363637,0.2727272727272727,3.8181818181818183,5.1818181818181825,1.3571428571428572,3.8181818181818183
2023,16340,562,1.0,0,2,0,0.0,0,15.666666666666666,24,17,15,8,0,2,7,0,11,5,1,4,85,69,2,0,3,1,18,16,3,0.0,0.0,8.617021276595745,1.9787234042553192,13.787234042553191,1.148936170212766,4.021276595744681,6.319148936170213,1.5714285714285714,9.765957446808512
2023,16340,563,1.0,2,1,0,0.0,0,24.0,24,22,14,4,1,1,15,0,31,4,0,4,120,99,5,4,0,2,22,18,9,0.0,0.6666666666666666,5.25,1.625,9.0,0.375,5.625,11.625,2.066666666666667,8.25
2023,16340,574,1.0,2,2,1,0.0,0,36.0,39,25,22,8,1,3,18,0,34,9,0,3,168,136,11,5,2,3,37,26,6,0.0,0.5,5.5,1.5833333333333333,9.75,0.75,4.5,8.5,1.8888888888888888,6.25
2023,16340,575,1.0,0,3,0,0.0,0,22.0,41,39,35,7,2,4,17,0,21,9,1,1,132,101,6,4,1,4,15,27,5,0.0,0.0,14.318181818181817,2.6363636363636362,16.772727272727273,1.6363636363636365,6.954545454545454,8.590909090909092,1.2352941176470589,15.954545454545455
2023,16340,576,1.0,1,1,0,0.0,0,17.0,12,6,3,4,0,0,9,0,16,4,0,2,76,63,4,1,0,0,20,14,6,0.0,0.5,1.5882352941176472,1.2352941176470589,6.352941176470589,0.0,4.764705882352941,8.470588235294118,1.7777777777777777,3.1764705882352944
2023,16340,587,1.0,2,2,0,0.0,0,35.0,37,28,25,6,2,4,27,0,43,12,0,4,174,133,12,4,0,2,28,26,11,0.0,0.5,6.428571428571429,1.8285714285714285,9.514285714285714,1.0285714285714285,6.942857142857143,11.057142857142857,1.5925925925925926,7.2
2023,16340,590,1.0,1,0,0,0.0,0,10.0,10,6,6,1,2,0,5,0,13,1,0,0,48,42,2,2,0,0,8,9,2,0.0,1.0,5.3999999999999995,1.5,9.0,0.0,4.5,11.700000000000001,2.6,5.3999999999999995
2023,16340,603,1.0,1,2,0,0.0,0,26.0,27,23,20,5,0,5,16,0,26,4,0,1,124,103,6,0,0,1,29,20,7,0.0,0.3333333333333333,6.923076923076923,1.6538461538461537,9.346153846153847,1.7307692307692308,5.538461538461538,9.0,1.625,7.961538461538462
2023,16340,606,1.0,1,2,1,0.0,0,26.0,25,22,17,8,2,3,17,0,28,2,1,6,118,96,0,0,1,2,27,20,7,1.0,0.3333333333333333,5.884615384615385,1.6153846153846154,8.653846153846153,1.0384615384615385,5.884615384615385,9.692307692307692,1.6470588235294117,7.615384615384615
2023,16340,609,1.0,1,0,0,0.0,0,9.0,7,3,3,2,0,0,2,0,8,2,1,1,35,31,3,0,0,0,7,9,1,0.0,1.0,3.0,1.0,7.0,0.0,2.0,8.0,4.0,3.0
2023,16340,617,1.0,0,2,0,0.0,0,16.0,28,28,24,5,4,2,11,0,12,1,1,6,85,71,5,5,1,1,13,19,4,0.0,0.0,13.5,2.4375,15.75,1.125,6.1875,6.75,1.0909090909090908,15.75
2023,16340,625,1.0,1,3,1,0.0,0,35.0,37,32,30,9,1,8,28,4,49,4,0,6,177,139,10,4,5,1,24,31,18,0.0,0.25,7.7142857142857135,1.8571428571428572,9.514285714285714,2.057142857142857,7.2,12.6,1.75,8.228571428571428
2023,16340,626,1.0,0,5,0,0.0,0,41.33333333333333,40,31,27,9,1,5,21,2,43,11,0,9,186,148,15,4,1,4,29,38,9,2.0,0.0,5.879032258064517,1.4758064516129035,8.70967741935484,1.088709677419355,4.572580645161291,9.362903225806454,2.0476190476190474,6.750000000000001
2023,16340,627,1.0,3,0,1,0.0,0,32.0,40,29,25,7,1,5,14,0,39,7,0,3,154,132,7,2,0,1,25,27,13,0.0,1.0,7.03125,1.6875,11.25,1.40625,3.9375,10.96875,2.7857142857142856,8.15625
2023,16340,629,1.0,3,0,3,0.0,0,27.0,17,3,3,5,0,0,8,0,26,5,0,3,107,93,0,0,0,1,31,19,6,0.0,1.0,1.0,0.9259259259259259,5.666666666666667,0.0,2.6666666666666665,8.666666666666666,3.25,1.0
2023,16340,631,1.0,2,2,1,0.0,0,36.0,33,25,25,6,1,6,20,1,41,9,1,0,172,140,0,0,0,3,20,45,10,0.0,0.5,6.25,1.4722222222222223,8.25,1.5,5.0,10.25,2.05,6.25
2023,16340,635,1.0,1,2,0,0.0,0,25.0,22,19,18,3,2,2,27,0,16,6,0,3,125,90,12,6,1,1,28,23,5,0.0,0.3333333333333333,6.4799999999999995,1.96,7.92,0.72,9.72,5.76,0.5925925925925926,6.84
2023,16340,639,1.0,0,3,0,0.0,0,23.333333333333332,36,32,28,7,1,8,12,0,26,6,0,6,126,105,7,3,1,2,17,25,7,0.0,0.0,10.799999999999999,2.0571428571428574,13.885714285714286,3.085714285714286,4.628571428571429,10.028571428571428,2.1666666666666665,12.342857142857143
2023,16340,646,1.0,4,2,3,0.0,0,50.666666666666664,43,24,21,8,0,3,20,2,66,9,0,3,226,195,15,2,2,0,41,42,22,1.0,0.6666666666666666,3.730263157894737,1.243421052631579,7.6381578947368425,0.5328947368421053,3.5526315789473686,11.723684210526317,3.3,4.2631578947368425
2023,16340,648,1.0,5,0,0,0.0,0,40.0,18,7,6,5,0,0,11,0,41,4,0,4,153,137,6,0,0,1,32,44,17,1.0,1.0,1.3499999999999999,0.725,4.05,0.0,2.475,9.225,3.727272727272727,1.575
2023,16340,649,1.0,1,2,1,0.0,0,25.0,25,17,17,3,0,2,14,0,28,5,0,4,116,96,14,3,0,1,18,24,4,0.0,0.3333333333333333,6.12,1.56,9.0,0.72,5.040000000000001,10.080000000000002,2.0,6.12
2023,16340,651,1.0,2,3,0,0.0,0,42.333333333333336,41,29,27,7,3,10,23,3,40,5,1,1,190,159,17,8,1,2,51,27,12,1.0,0.4,5.74015748031496,1.5118110236220472,8.716535433070865,2.1259842519685037,4.889763779527558,8.503937007874015,1.7391304347826086,6.165354330708661
2023,16340,654,1.0,1,2,0,0.0,0,25.0,30,17,17,8,2,4,6,0,23,3,0,2,111,99,5,1,2,1,21,27,8,1.0,0.3333333333333333,6.12,1.44,10.799999999999999,1.44,2.16,8.280000000000001,3.8333333333333335,6.12
2023,16340,655,1.0,4,0,1,0.0,0,36.0,30,13,11,4,0,4,13,0,44,3,0,2,147,131,3,0,0,0,19,37,12,0.0,1.0,2.75,1.1944444444444444,7.5,1.0,3.25,11.0,3.3846153846153846,3.25
2023,16340,657,1.0,3,0,1,0.0,0,36.0,28,17,11,6,2,2,10,2,45,6,0,4,151,134,6,4,1,0,35,25,9,1.0,1.0,2.75,1.0555555555555556,7.0,0.5,2.5,11.25,4.5,4.25
2023,16340,659,1.0,0,1,0,0.0,0,8.0,13,14,13,4,0,3,6,1,5,4,0,1,48,37,6,3,0,0,9,9,1,0.0,0.0,14.625,2.375,14.625,3.375,6.75,5.625,0.8333333333333334,15.75
2023,16340,660,1.0,2,1,2,0.0,0,26.0,23,10,8,3,1,2,6,0,22,3,0,2,106,97,6,2,0,0,29,24,7,0.0,0.6666666666666666,2.769230769230769,1.1153846153846154,7.961538461538462,0.6923076923076923,2.076923076923077,7.615384615384615,3.6666666666666665,3.4615384615384617
2023,16340,661,2.0,3,1,2,0.0,0,33.0,29,13,10,6,0,4,14,0,26,4,0,1,141,121,15,3,2,0,36,30,7,0.0,0.75,2.7272727272727275,1.303030303030303,7.909090909090909,1.0909090909090908,3.8181818181818183,7.090909090909091,1.8571428571428572,3.5454545454545454
2023,16340,664,1.0,4,0,1,0.0,0,34.0,12,3,2,0,0,1,9,0,47,1,0,1,118,107,2,0,1,0,29,20,13,1.0,1.0,0.5294117647058824,0.6176470588235294,3.1764705882352944,0.2647058823529412,2.3823529411764706,12.441176470588236,5.222222222222222,0.7941176470588236
2023,16340,665,1.0,1,0,1,0.0,0,11.0,15,14,14,1,2,1,6,0,15,5,0,4,57,46,0,0,0,0,10,6,3,0.0,1.0,11.454545454545455,1.9090909090909092,12.272727272727272,0.8181818181818182,4.909090909090908,12.272727272727272,2.5,11.454545454545455
2023,16340,669,1.0,1,1,0,0.0,0,17.0,24,16,16,5,1,2,6,0,17,3,1,2,82,72,2,1,1,0,22,12,5,0.0,0.5,8.470588235294118,1.7647058823529411,12.705882352941178,1.0588235294117647,3.1764705882352944,9.0,2.8333333333333335,8.470588235294118
2023,16340,670,1.0,3,0,0,0.0,0,27.0,27,18,16,5,2,1,17,0,35,4,0,2,128,106,7,3,0,1,20,23,14,0.0,1.0,5.333333333333333,1.6296296296296295,9.0,0.3333333333333333,5.666666666666667,11.666666666666666,2.0588235294117645,6.0
2023,16340,671,1.0,2,0,1,0.0,0,26.0,26,14,13,3,0,1,21,1,19,4,0,3,128,96,16,8,4,3,23,33,9,0.0,1.0,4.5,1.8076923076923077,9.0,0.34615384615384615,7.269230769230769,6.576923076923077,0.9047619047619048,4.846153846153846
2023,16340,674,1.0,2,1,1,0.0,0,27.0,32,26,24,7,0,3,22,1,38,3,1,10,134,107,0,0,1,1,14,26,11,1.0,0.6666666666666666,8.0,2.0,10.666666666666666,1.0,7.333333333333333,12.666666666666668,1.7272727272727273,8.666666666666666
2023,16340,676,1.0,0,4,0,0.0,0,43.333333333333336,43,46,38,6,0,10,39,0,52,7,1,3,219,168,0,0,0,5,26,46,15,2.0,0.0,7.892307692307693,1.8923076923076922,8.93076923076923,2.0769230769230766,8.1,10.799999999999999,1.3333333333333333,9.553846153846154
2023,16340,678,1.0,0,1,0,0.0,0,4.333333333333333,12,11,10,3,0,3,3,0,3,2,0,0,30,25,1,1,0,0,4,5,0,0.0,0.0,20.76923076923077,3.4615384615384617,24.923076923076927,6.230769230769232,6.230769230769232,6.230769230769232,1.0,22.84615384615385
2023,16340,683,1.0,0,3,0,0.0,0,24.0,45,42,40,11,1,5,16,1,21,2,1,5,136,115,6,5,2,1,21,27,6,1.0,0.0,15.0,2.5416666666666665,16.875,1.875,6.0,7.875,1.3125,15.75
2023,16340,692,1.0,2,3,2,0.0,0,41.0,46,37,31,9,2,6,26,0,36,10,3,6,203,162,2,2,4,1,37,43,5,0.0,0.4,6.804878048780488,1.7560975609756098,10.097560975609756,1.3170731707317072,5.7073170731707314,7.902439024390244,1.3846153846153846,8.121951219512196
2023,16340,694,1.0,2,2,0,0.0,0,31.0,21,7,5,4,1,1,10,1,38,5,0,3,126,107,8,0,2,2,27,23,6,2.0,0.5,1.4516129032258065,1.0,6.096774193548387,0.29032258064516125,2.903225806451613,11.03225806451613,3.8,2.032258064516129
2023,16340,695,1.0,2,2,2,0.0,0,30.0,33,20,18,9,0,7,10,0,29,2,0,3,136,122,0,0,1,1,32,28,10,0.0,0.5,5.3999999999999995,1.4333333333333333,9.9,2.1,3.0,8.7,2.9,6.0
2023,16340,697,1.0,3,1,2,0.0,0,32.666666666666664,32,14,14,4,0,3,13,0,38,5,0,4,146,127,8,2,0,1,31,25,12,0.0,0.75,3.8571428571428577,1.3775510204081634,8.816326530612246,0.826530612244898,3.581632653061225,10.469387755102042,2.923076923076923,3.8571428571428577
2023,16340,698,1.0,1,1,0,0.0,0,19.0,26,15,14,5,1,4,9,1,23,1,0,3,95,83,9,4,1,0,11,21,4,0.0,0.5,6.63157894736842,1.8421052631578947,12.31578947368421,1.894736842105263,4.263157894736842,10.894736842105264,2.5555555555555554,7.105263157894737
2023,16340,699,1.0,0,0,1,0.0,0,9.0,6,4,4,0,0,0,2,0,11,4,1,5,38,32,3,2,0,0,12,2,4,0.0,,4.0,0.8888888888888888,6.0,0.0,2.0,11.0,5.5,4.0
2023,16340,700,1.0,2,0,0,0.0,0,18.0,14,11,4,1,0,4,10,0,15,2,0,1,83,69,3,1,0,0,26,11,3,0.0,1.0,2.0,1.3333333333333333,7.0,2.0,5.0,7.5,1.5,5.5
2023,16340,702,1.0,1,3,1,0.0,0,36.0,47,34,30,9,4,6,13,0,36,5,0,3,167,145,8,5,0,4,24,39,11,0.0,0.25,7.5,1.6666666666666667,11.75,1.5,3.25,9.0,2.769230769230769,8.5
2023,16340,703,1.0,1,0,0,0.0,0,9.0,6,2,2,1,0,1,3,0,13,0,0,1,35,32,1,0,0,0,7,6,4,0.0,1.0,2.0,1.0,6.0,1.0,3.0,13.0,4.333333333333333,2.0
2023,16340,706,1.0,1,1,0,0.0,0,21.0,22,13,11,5,2,4,6,0,22,0,0,0,91,83,0,0,2,0,15,24,9,0.0,0.5,4.714285714285714,1.3333333333333333,9.428571428571429,1.7142857142857142,2.571428571428571,9.428571428571429,3.6666666666666665,5.571428571428571
2023,16340,709,1.0,1,2,1,0.0,0,25.0,32,22,18,10,1,0,24,1,22,3,1,3,129,101,9,4,1,0,18,28,5,1.0,0.3333333333333333,6.4799999999999995,2.24,11.52,0.0,8.64,7.92,0.9166666666666666,7.92
2023,16340,711,1.0,0,3,0,0.0,0,24.0,20,26,21,3,0,1,18,0,22,3,0,7,113,87,8,6,1,4,24,22,8,0.0,0.0,7.875,1.5833333333333333,7.5,0.375,6.75,8.25,1.2222222222222223,9.75
2023,16340,716,1.0,4,0,1,0.0,0,35.666666666666664,33,25,21,6,1,5,17,0,50,4,1,2,163,137,7,1,1,4,25,27,15,0.0,1.0,5.299065420560749,1.4018691588785048,8.327102803738319,1.2616822429906542,4.289719626168225,12.616822429906543,2.9411764705882355,6.308411214953272
2023,16340,718,1.0,0,5,0,0.0,0,40.666666666666664,36,26,21,6,4,3,22,1,37,8,0,3,190,152,13,3,2,6,46,38,8,1.0,0.0,4.647540983606557,1.4262295081967213,7.967213114754099,0.6639344262295082,4.868852459016394,8.188524590163935,1.6818181818181819,5.754098360655738
2023,16340,721,1.0,1,3,1,0.0,0,34.0,38,22,20,13,2,2,15,1,33,4,1,3,153,130,4,2,0,4,30,30,7,1.0,0.25,5.294117647058823,1.5588235294117647,10.058823529411764,0.5294117647058824,3.9705882352941178,8.735294117647058,2.2,5.8235294117647065
2023,16340,725,1.0,2,1,2,0.0,0,26.0,31,15,15,4,1,3,10,0,35,5,1,1,123,106,6,2,1,1,18,23,13,0.0,0.6666666666666666,5.192307692307692,1.5769230769230769,10.73076923076923,1.0384615384615385,3.4615384615384617,12.115384615384617,3.5,5.192307692307692
2023,16340,726,1.0,1,2,1,0.0,0,23.0,35,29,21,5,2,5,12,0,19,3,0,2,121,103,4,3,1,2,19,29,3,0.0,0.3333333333333333,8.217391304347826,2.0434782608695654,13.695652173913045,1.9565217391304348,4.695652173913043,7.434782608695652,1.5833333333333333,11.347826086956522
2023,16340,732,1.0,0,4,0,0.0,0,33.0,35,26,25,8,2,3,12,0,41,5,0,6,150,131,11,6,1,1,27,28,13,3.0,0.0,6.818181818181818,1.4242424242424243,9.545454545454545,0.8181818181818182,3.272727272727273,11.181818181818182,3.4166666666666665,7.090909090909091
2023,16340,735,1.0,1,2,0,0.0,0,25.0,18,14,8,4,0,2,17,0,26,0,0,5,110,91,3,0,1,1,18,28,6,0.0,0.3333333333333333,2.88,1.4,6.4799999999999995,0.72,6.12,9.36,1.5294117647058822,5.040000000000001
2023,16340,736,1.0,0,1,0,0.0,0,9.0,6,5,4,0,0,0,2,0,16,0,0,1,34,30,1,0,1,1,6,3,5,0.0,0.0,4.0,0.8888888888888888,6.0,0.0,2.0,16.0,8.0,5.0
2023,16340,739,1.0,0,2,0,0.0,0,16.0,21,29,29,3,2,1,22,1,18,11,0,5,101,63,13,5,2,3,11,18,9,0.0,0.0,16.3125,2.6875,11.8125,0.5625,12.375,10.125,0.8181818181818182,16.3125
2023,16340,740,1.0,2,2,2,0.0,0,33.0,37,24,20,6,1,4,19,0,32,6,0,2,159,133,9,5,1,0,24,37,11,0.0,0.5,5.454545454545455,1.696969696969697,10.09090909090909,1.0909090909090908,5.1818181818181825,8.727272727272727,1.6842105263157894,6.545454545454546
2023,16340,741,1.0,1,2,1,0.0,0,24.0,42,34,32,12,0,9,15,0,14,2,0,1,131,113,13,4,0,1,24,29,6,1.0,0.3333333333333333,12.0,2.375,15.75,3.375,5.625,5.25,0.9333333333333333,12.75
2023,16340,742,1.0,3,2,0,0.0,0,41.333333333333336,33,21,19,10,0,3,20,0,45,4,0,5,178,152,15,5,1,1,44,30,14,0.0,0.6,4.137096774193548,1.282258064516129,7.185483870967742,0.6532258064516128,4.354838709677419,9.798387096774192,2.25,4.57258064516129
2023,16340,746,1.0,6,0,1,0.0,0,50.0,39,15,13,6,0,3,11,0,69,2,0,1,195,180,2,1,1,1,28,44,18,3.0,1.0,2.34,1.0,7.0200000000000005,0.54,1.98,12.419999999999998,6.2727272727272725,2.6999999999999997
2023,16340,748,1.0,0,3,0,0.0,0,24.0,31,24,23,6,0,3,18,0,18,7,0,3,125,99,9,4,0,1,21,30,5,0.0,0.0,8.625,2.0416666666666665,11.625,1.125,6.75,6.75,1.0,9.0
2023,16340,749,1.0,5,0,1,0.0,0,43.0,25,10,8,2,0,3,11,0,68,8,0,2,170,149,2,0,0,1,33,24,16,0.0,1.0,1.6744186046511627,0.8372093023255814,5.232558139534884,0.627906976744186,2.302325581395349,14.232558139534882,6.181818181818182,2.0930232558139537
2023,16340,754,1.0,5,1,2,0.0,0,53.0,47,26,16,15,0,1,22,0,71,2,0,10,231,205,11,3,1,0,39,42,18,0.0,0.8333333333333334,2.7169811320754715,1.3018867924528301,7.981132075471699,0.16981132075471697,3.7358490566037736,12.056603773584905,3.227272727272727,4.415094339622642
2023,16340,756,1.0,2,2,1,0.0,0,34.0,36,29,25,8,2,7,24,1,40,6,3,3,164,130,0,0,3,1,25,32,10,0.0,0.5,6.61764705882353,1.7647058823529411,9.529411764705882,1.852941176470588,6.352941176470589,10.588235294117647,1.6666666666666667,7.6764705882352935
2023,16340,768,1.0,3,2,1,0.0,0,45.0,35,24,21,8,1,3,25,0,36,6,0,1,200,162,23,3,5,2,52,41,8,0.0,0.6,4.2,1.3333333333333333,7.0,0.6,5.0,7.2,1.44,4.8
2023,16340,769,1.0,2,4,0,0.0,0,50.0,46,34,25,9,2,7,19,0,52,2,2,10,217,194,16,7,1,1,43,45,21,1.0,0.3333333333333333,4.5,1.3,8.280000000000001,1.2600000000000002,3.42,9.36,2.736842105263158,6.12
2023,16340,771,1.0,1,3,1,0.0,0,32.0,31,24,23,3,2,5,29,0,39,7,1,7,158,122,10,4,0,0,25,24,13,0.0,0.25,6.46875,1.875,8.71875,1.40625,8.15625,10.96875,1.3448275862068966,6.75
2023,16340,772,1.0,1,0,1,0.0,0,4.666666666666666,1,0,0,0,0,0,1,0,6,0,0,0,15,14,5,2,0,0,5,2,2,0.0,1.0,0.0,0.4285714285714286,1.9285714285714288,0.0,1.9285714285714288,11.571428571428573,6.0,0.0
2023,16340,774,1.0,0,3,0,0.0,0,24.0,23,20,19,3,2,3,18,1,16,3,0,2,110,85,6,5,0,4,22,27,6,0.0,0.0,7.125,1.7083333333333333,8.625,1.125,6.75,6.0,0.8888888888888888,7.5
2023,16340,782,1.0,2,3,0,0.0,0,41.333333333333336,47,28,26,8,1,6,12,0,36,8,0,3,197,171,12,5,3,3,37,52,8,0.0,0.4,5.661290322580645,1.4274193548387095,10.233870967741934,1.3064516129032255,2.612903225806451,7.838709677419355,3.0,6.096774193548387
2023,16340,786,1.0,1,2,0,0.0,0,26.333333333333332,23,16,11,3,0,2,16,0,39,5,0,3,125,102,1,0,1,1,22,18,9,1.0,0.3333333333333333,3.759493670886076,1.4810126582278482,7.860759493670886,0.6835443037974683,5.468354430379747,13.329113924050635,2.4375,5.468354430379747
2023,16340,792,1.0,3,1,1,0.0,0,35.0,35,30,28,3,1,6,21,0,42,4,0,5,167,142,13,9,0,0,30,32,8,0.0,0.75,7.2,1.6,9.0,1.542857142857143,5.3999999999999995,10.799999999999999,2.0,7.7142857142857135
2023,16340,797,1.0,0,1,0,0.0,0,8.0,12,9,5,2,0,0,7,1,12,4,1,1,46,34,2,0,1,0,6,2,6,2.0,0.0,5.625,2.375,13.5,0.0,7.875,13.5,1.7142857142857142,10.125
2023,16340,810,1.0,1,3,0,0.0,0,30.333333333333332,38,36,32,8,2,3,15,0,26,13,0,7,156,124,8,4,3,1,28,34,9,0.0,0.25,9.494505494505495,1.7472527472527473,11.274725274725274,0.8901098901098902,4.450549450549451,7.714285714285715,1.7333333333333334,10.68131868131868
2023,16340,812,1.0,1,5,0,0.0,0,47.333333333333336,51,36,33,10,0,10,16,0,47,8,0,3,212,185,15,9,2,1,46,39,15,0.0,0.16666666666666666,6.274647887323943,1.4154929577464788,9.697183098591548,1.9014084507042253,3.0422535211267605,8.936619718309858,2.9375,6.845070422535211
2023,16340,813,1.0,1,0,0,0.0,0,6.333333333333333,9,6,6,1,0,2,4,0,6,2,0,0,33,26,4,1,0,1,5,7,0,0.0,1.0,8.526315789473685,2.0526315789473686,12.789473684210526,2.842105263157895,5.68421052631579,8.526315789473685,1.5,8.526315789473685
2023,16340,817,1.0,0,4,0,0.0,0,31.0,42,46,45,10,0,9,35,0,29,8,1,5,176,129,19,12,1,3,25,35,9,0.0,0.0,13.064516129032258,2.4838709677419355,12.193548387096774,2.612903225806452,10.161290322580646,8.419354838709676,0.8285714285714286,13.35483870967742
2023,16340,1004,1.0,2,2,2,0.0,0,43.0,35,29,21,12,1,2,26,2,48,6,2,8,196,162,12,8,0,2,24,52,13,0.0,0.5,4.395348837209302,1.4186046511627908,7.325581395348837,0.41860465116279066,5.441860465116279,10.046511627906977,1.8461538461538463,6.069767441860465
2023,16340,1014,1.0,1,2,1,0.0,0,27.0,25,29,19,7,1,3,17,0,25,3,0,2,129,107,10,3,0,2,24,28,6,1.0,0.3333333333333333,6.333333333333334,1.5555555555555556,8.333333333333334,1.0,5.666666666666667,8.333333333333334,1.4705882352941178,9.666666666666668
2023,16340,1045,1.0,4,0,0,0.0,0,31.0,19,7,6,6,0,0,11,0,45,3,0,1,125,110,0,0,0,1,15,32,10,0.0,1.0,1.7419354838709677,0.967741935483871,5.516129032258065,0.0,3.1935483870967745,13.064516129032258,4.090909090909091,2.032258064516129
2023,16340,1064,3.0,2,0,0,0.0,0,18.0,18,11,10,3,0,0,8,0,24,1,0,3,81,72,0,0,0,0,19,7,4,1.0,1.0,5.0,1.4444444444444444,9.0,0.0,4.0,12.0,3.0,5.5
2023,16340,1068,1.0,1,2,1,0.0,0,27.0,22,9,7,3,0,1,8,0,27,6,1,1,112,93,4,2,5,0,31,16,6,1.0,0.3333333333333333,2.333333333333333,1.1111111111111112,7.333333333333333,0.3333333333333333,2.6666666666666665,9.0,3.375,3.0
2023,16340,1092,1.0,1,1,1,0.0,0,18.0,25,18,18,3,0,2,10,0,18,3,0,1,91,77,9,4,0,1,20,15,5,0.0,0.5,9.0,1.9444444444444444,12.5,1.0,5.0,9.0,1.8,9.0
2023,16340,1104,1.0,3,2,0,0.0,0,44.0,50,20,17,8,3,2,16,0,50,7,1,3,201,176,8,2,0,2,32,43,10,0.0,0.6,3.477272727272727,1.5,10.227272727272728,0.4090909090909091,3.272727272727273,10.227272727272728,3.125,4.090909090909091
2023,16340,1320,1.0,2,2,2,0.0,0,33.333333333333336,24,11,10,1,2,4,8,0,28,2,0,1,133,121,3,1,1,1,25,44,8,0.0,0.5,2.6999999999999997,0.96,6.4799999999999995,1.08,2.16,7.56,3.5,2.9699999999999998
2023,16340,1356,1.0,0,3,0,0.0,0,23.0,19,22,17,3,0,3,23,1,15,3,1,9,113,85,9,4,0,2,19,32,8,1.0,0.0,6.652173913043478,1.826086956521739,7.434782608695652,1.1739130434782608,9.0,5.869565217391305,0.6521739130434783,8.608695652173914
2023,16340,1395,1.0,2,1,1,0.0,0,29.0,31,21,18,10,0,2,13,0,38,7,0,5,139,117,7,3,1,1,27,19,12,0.0,0.6666666666666666,5.586206896551724,1.5172413793103448,9.620689655172413,0.6206896551724138,4.0344827586206895,11.793103448275861,2.923076923076923,6.517241379310345
2023,16340,2678,1.0,0,3,0,0.0,0,24.333333333333332,31,24,23,4,2,4,14,1,23,7,1,4,123,97,4,2,1,4,21,27,10,0.0,0.0,8.506849315068493,1.8493150684931507,11.465753424657533,1.4794520547945207,5.178082191780822,8.506849315068493,1.6428571428571428,8.876712328767123
2023,16340,2711,1.0,1,2,0,0.0,0,27.0,38,33,23,9,1,6,10,0,28,2,1,4,132,115,5,1,2,3,16,31,9,0.0,0.3333333333333333,7.666666666666667,1.7777777777777777,12.666666666666668,2.0,3.333333333333333,9.333333333333332,2.8,11.0
2023,16340,2743,1.0,2,3,0,0.0,0,41.0,39,19,17,5,1,4,14,0,42,5,0,1,179,157,8,4,2,1,42,33,18,0.0,0.4,3.7317073170731705,1.2926829268292683,8.560975609756097,0.8780487804878049,3.073170731707317,9.21951219512195,3.0,4.170731707317073
2023,16340,10411,1.0,4,0,0,0.0,0,37.333333333333336,27,12,10,3,0,3,17,0,38,5,1,6,166,142,12,1,1,1,33,40,5,2.0,1.0,2.4107142857142856,1.1785714285714286,6.508928571428571,0.7232142857142856,4.098214285714286,9.160714285714285,2.235294117647059,2.8928571428571423
2023,16340,14927,1.0,2,3,0,0.0,0,37.666666666666664,31,20,15,5,0,4,18,2,50,5,0,6,164,139,8,2,2,0,27,30,10,2.0,0.4,3.584070796460177,1.3008849557522124,7.407079646017699,0.9557522123893807,4.300884955752212,11.946902654867257,2.7777777777777777,4.778761061946903
2023,16340,19651,1.0,1,0,0,0.0,0,10.0,5,2,2,2,0,0,3,0,13,2,0,0,40,32,0,0,1,2,6,11,4,0.0,1.0,1.8,0.8,4.5,0.0,2.6999999999999997,11.700000000000001,4.333333333333333,1.8
2023,16340,26172,1.0,2,2,1,0.0,0,34.0,42,23,19,11,2,2,19,0,33,5,0,8,164,138,11,1,1,1,32,31,10,0.0,0.5,5.029411764705882,1.7941176470588236,11.117647058823529,0.5294117647058824,5.029411764705882,8.735294117647058,1.736842105263158,6.088235294117648
2023,16340,28755,1.0,1,1,0,0.0,0,13.333333333333332,8,6,5,4,0,0,4,0,17,1,0,1,50,45,5,0,0,0,8,11,9,2.0,0.5,3.3750000000000004,0.9000000000000001,5.4,0.0,2.7,11.475000000000001,4.25,4.050000000000001
2023,16340,30135,1.0,2,2,2,0.0,0,34.0,24,11,9,2,1,2,20,0,33,3,0,3,144,119,10,1,1,1,34,29,7,0.0,0.5,2.3823529411764706,1.2941176470588236,6.352941176470589,0.5294117647058824,5.294117647058823,8.735294117647058,1.65,2.9117647058823533
2023,16340,30136,2.0,1,3,0,0.0,0,33.0,35,23,19,12,0,4,14,0,25,8,0,2,156,129,8,4,1,4,39,31,7,0.0,0.25,5.1818181818181825,1.4848484848484849,9.545454545454545,1.0909090909090908,3.8181818181818183,6.818181818181818,1.7857142857142858,6.272727272727273
