season,season_id,school_id,division,App,GS,W,L,SV,CG,SHO,IP,H,R,ER,2B,3B,HR,BB,IBB,SO,HBP,Bk,WP,BF,P-OAB,IR,IRS,SHA,SFA,GO,FO,KL,pickoffs,PF,W-L%,ERA,ERA-,FIP,WHIP,H9,HR9,BB9,SO9,SO/BB,RA9
2024,16580,2,1.0,9,2.0,1,1,0,0.0,0,18.0,14,11,11,2,0,1,11,0,26,1,2,1,83,70,8,4,0,1,13,15,3,0.0,120.33730158730158,0.5,5.5,76.0,2.946093582939679,1.3888888888888888,7.0,0.5,5.5,13.0,2.3636363636363638,5.5
2024,16580,5,1.0,23,6.0,1,5,0,0.0,0,48.0,61,47,40,14,3,7,23,0,30,9,1,7,232,191,12,6,5,4,42,59,7,2.0,,0.16666666666666666,7.5,,5.758593582939679,1.75,11.4375,1.3125,4.3125,5.625,1.3043478260869565,8.8125
2024,16580,6,1.0,7,4.0,0,4,0,0.0,0,24.0,34,38,22,1,4,8,14,0,22,9,0,3,132,107,0,0,2,0,24,22,10,2.0,132.70047169811323,0.0,8.25,96.0,8.487760249606346,2.0,12.75,3.0,5.25,8.25,1.5714285714285714,14.25
2024,16580,7,1.0,24,8.0,3,5,1,0.0,0,63.666666666666664,62,52,41,13,0,8,37,2,58,7,0,6,294,238,10,4,6,6,57,65,21,1.0,92.03980099502488,0.375,5.795811518324608,109.0,4.997577003533047,1.5549738219895288,8.764397905759163,1.1308900523560208,5.230366492146597,8.198952879581153,1.5675675675675675,7.350785340314137
2024,16580,8,1.0,22,7.0,7,0,2,0.0,0,46.333333333333336,31,14,9,8,0,1,14,0,58,3,0,2,182,162,3,0,1,2,33,41,18,0.0,,1.0,1.7482014388489207,,1.9904580913329644,0.9712230215827338,6.0215827338129495,0.19424460431654675,2.7194244604316546,11.266187050359711,4.142857142857143,2.7194244604316546
2024,16580,9,1.0,6,1.0,0,1,0,0.0,0,8.0,3,7,5,1,0,1,10,0,9,4,0,2,41,26,6,3,1,0,8,6,3,0.0,142.10526315789474,0.0,5.625,56.0,7.737760249606346,1.625,3.375,1.125,11.25,10.125,0.9,7.875
2024,16580,17,1.0,9,2.0,0,2,0,0.0,0,18.333333333333332,27,31,20,6,4,2,14,0,15,5,0,3,100,77,3,3,1,3,19,19,4,0.0,,0.0,9.81818181818182,,6.003669340515437,2.2363636363636363,13.254545454545456,0.9818181818181819,6.872727272727273,7.363636363636364,1.0714285714285714,15.218181818181819
2024,16580,28,1.0,32,8.0,3,3,3,0.0,0,61.33333333333333,80,61,54,16,1,18,28,0,77,11,1,7,296,253,12,3,3,1,53,46,23,1.0,,0.5,7.923913043478261,,6.324716771345477,1.7608695652173914,11.73913043478261,2.6413043478260874,4.108695652173913,11.298913043478262,2.75,8.95108695652174
2024,16580,29,1.0,53,6.0,4,3,2,0.0,0,100.33333333333333,141,90,85,42,0,4,45,0,86,32,1,1,518,433,16,8,4,3,95,113,20,1.0,105.4711246200608,0.5714285714285714,7.6245847176079735,125.0,4.21907254196515,1.8538205980066447,12.647840531561462,0.3588039867109635,4.0365448504983386,7.714285714285715,1.9111111111111112,8.073089700996677
2024,16580,30,1.0,31,6.0,6,0,4,0.0,0,60.0,33,19,15,5,1,3,19,0,44,11,1,5,241,205,17,3,4,2,64,64,8,1.0,197.5,1.0,2.25,1.0,3.7960935829396787,0.8666666666666667,4.95,0.45,2.8499999999999996,6.6,2.3157894736842106,2.8499999999999996
2024,16580,31,1.0,25,6.0,4,0,4,0.0,0,53.666666666666664,36,21,18,5,0,3,18,0,83,7,0,4,220,189,12,4,4,2,41,30,21,1.0,177.8443113772455,1.0,3.018633540372671,12.0,2.1438161502274635,1.0062111801242237,6.037267080745342,0.5031055900621119,3.018633540372671,13.919254658385094,4.611111111111111,3.5217391304347827
2024,16580,32,1.0,33,5.0,4,3,1,0.0,0,62.0,77,52,45,15,1,3,32,1,74,9,0,2,299,254,29,14,1,3,54,49,33,0.0,,0.5714285714285714,6.532258064516129,,3.3385667012192486,1.7580645161290323,11.17741935483871,0.43548387096774194,4.64516129032258,10.741935483870968,2.3125,7.548387096774194
2024,16580,37,1.0,23,6.0,5,1,1,0.0,0,51.666666666666664,41,24,21,7,2,4,19,0,60,9,0,6,221,188,9,1,3,2,50,39,16,0.0,75.70830253757083,0.8333333333333334,3.6580645161290324,79.0,3.422437668961184,1.1612903225806452,7.141935483870968,0.6967741935483871,3.3096774193548386,10.451612903225808,3.1578947368421053,4.180645161290323
2024,16580,43,1.0,30,9.0,8,1,4,1.0,1,76.66666666666667,54,43,37,9,0,9,49,1,100,9,0,4,340,277,24,11,4,1,75,48,25,1.0,116.39969488939741,0.8888888888888888,4.343478260869565,63.0,4.2997167713454765,1.3434782608695652,6.339130434782608,1.0565217391304347,5.752173913043478,11.73913043478261,2.0408163265306123,5.047826086956522
2024,16580,47,1.0,11,4.0,2,2,1,0.0,0,33.333333333333336,28,20,19,5,3,3,21,0,39,3,1,3,149,121,10,3,2,2,28,29,19,0.0,,0.5,5.13,,4.102760249606345,1.47,7.56,0.8099999999999999,5.67,10.53,1.8571428571428572,5.3999999999999995
2024,16580,48,1.0,17,6.0,3,3,0,0.0,0,41.0,37,39,32,8,1,5,28,1,42,7,0,5,198,159,7,3,0,4,33,41,11,3.0,,0.5,7.024390243902439,,5.210321225216102,1.5853658536585367,8.121951219512196,1.0975609756097562,6.146341463414634,9.21951219512195,1.5,8.560975609756097
2024,16580,51,1.0,22,4.0,1,4,0,0.0,0,32.33333333333333,38,33,28,7,2,8,18,0,35,3,0,3,157,133,16,3,0,3,19,40,13,0.0,127.81838316722036,0.2,7.793814432989692,98.0,6.112760249606346,1.7319587628865982,10.577319587628867,2.2268041237113407,5.010309278350516,9.742268041237114,1.9444444444444444,9.18556701030928
2024,16580,52,1.0,30,7.0,1,5,0,0.0,0,46.0,62,62,53,16,2,4,49,0,45,14,1,10,264,195,10,5,2,4,40,49,11,0.0,,0.16666666666666666,10.369565217391305,,6.39536894525852,2.4130434782608696,12.130434782608695,0.7826086956521738,9.58695652173913,8.804347826086957,0.9183673469387755,12.130434782608695
2024,16580,61,1.0,18,6.0,3,3,2,0.0,0,52.0,49,27,21,10,0,1,22,0,41,7,0,6,235,204,10,1,1,1,39,72,15,0.0,131.10782622977746,0.5,3.6346153846153846,43.0,3.458914095760192,1.3653846153846154,8.48076923076923,0.17307692307692307,3.8076923076923075,7.096153846153846,1.8636363636363635,4.673076923076923
2024,16580,62,1.0,26,6.0,2,4,2,0.0,0,50.0,44,38,29,9,3,6,26,0,58,5,2,7,225,191,16,7,0,3,46,41,17,0.0,,0.3333333333333333,5.22,,4.212760249606346,1.4,7.92,1.08,4.68,10.44,2.230769230769231,6.84
2024,16580,67,1.0,16,4.0,3,1,1,0.0,0,34.0,35,26,26,7,0,2,21,0,30,4,2,5,158,126,14,6,1,6,31,37,8,0.0,,0.75,6.88235294117647,,4.318642602547522,1.6470588235294117,9.26470588235294,0.5294117647058824,5.5588235294117645,7.9411764705882355,1.4285714285714286,6.88235294117647
2024,16580,71,1.0,12,3.0,1,2,0,0.0,0,25.333333333333332,27,26,25,7,0,2,15,1,17,4,0,5,121,100,6,6,0,2,21,35,9,0.0,,0.3333333333333333,8.881578947368421,,5.046970775922135,1.6578947368421053,9.592105263157896,0.7105263157894738,5.328947368421053,6.039473684210526,1.1333333333333333,9.23684210526316
2024,16580,72,1.0,9,3.0,1,2,1,0.0,0,23.0,24,12,8,6,1,0,5,0,11,3,0,5,102,87,0,0,5,2,28,27,4,1.0,,0.3333333333333333,3.1304347826086953,,3.199716771345476,1.2608695652173914,9.391304347826086,0.0,1.9565217391304348,4.304347826086957,2.2,4.695652173913043
2024,16580,77,1.0,7,2.0,0,1,0,0.0,0,14.0,12,8,8,1,0,2,6,0,13,2,0,0,59,50,6,3,1,0,13,12,7,0.0,,0.0,5.142857142857142,,4.8270459638920595,1.2857142857142858,7.7142857142857135,1.2857142857142856,3.8571428571428568,8.357142857142858,2.1666666666666665,5.142857142857142
2024,16580,80,1.0,7,3.0,1,2,0,0.0,0,21.0,25,17,12,4,0,1,14,0,17,4,0,1,106,85,2,0,3,0,19,23,5,0.0,,0.3333333333333333,5.142857142857142,,4.684188821034917,1.8571428571428572,10.714285714285714,0.42857142857142855,6.0,7.285714285714286,1.2142857142857142,7.285714285714286
2024,16580,81,1.0,5,1.0,0,1,0,0.0,0,8.0,15,12,11,3,0,1,3,0,8,1,0,2,45,38,5,4,2,1,10,6,1,0.0,,0.0,12.375,,4.237760249606346,2.25,16.875,1.125,3.375,9.0,2.6666666666666665,13.5
2024,16580,87,1.0,21,5.0,3,2,1,0.0,0,40.0,54,41,33,8,1,5,32,0,34,13,0,9,214,168,7,2,0,1,41,39,9,0.0,,0.6,7.425,,6.412760249606345,2.15,12.15,1.125,7.2,7.6499999999999995,1.0625,9.225
2024,16580,90,1.0,24,5.0,1,5,0,0.0,0,50.0,49,29,25,13,1,9,17,1,61,5,2,3,218,192,15,3,4,0,41,42,11,2.0,187.33221476510067,0.16666666666666666,4.5,10.0,4.332760249606346,1.32,8.82,1.6199999999999999,3.06,10.98,3.588235294117647,5.22
2024,16580,94,1.0,23,7.0,0,6,0,0.0,0,57.333333333333336,52,43,39,9,0,16,26,1,58,9,0,5,252,210,11,5,7,0,53,52,18,1.0,159.73154362416108,0.0,6.122093023255814,43.0,6.548806761234252,1.3604651162790697,8.162790697674419,2.511627906976744,4.0813953488372094,9.104651162790699,2.230769230769231,6.75
2024,16580,96,1.0,17,6.0,4,2,2,0.0,0,51.666666666666664,41,17,14,4,2,4,13,0,52,5,0,3,202,179,2,0,4,1,48,40,21,0.0,94.56686930091186,0.6666666666666666,2.438709677419355,45.0,3.1514699270257003,1.0451612903225806,7.141935483870968,0.6967741935483871,2.264516129032258,9.058064516129033,4.0,2.9612903225806453
2024,16580,97,1.0,21,6.0,3,3,2,0.0,0,53.0,54,22,18,11,7,2,19,2,50,1,0,3,229,202,15,3,6,1,59,44,19,0.0,63.608562691131496,0.5,3.0566037735849054,72.0,2.848609306210119,1.3773584905660377,9.169811320754716,0.33962264150943394,3.2264150943396226,8.49056603773585,2.6315789473684212,3.7358490566037736
2024,16580,99,1.0,23,6.0,5,0,2,0.0,0,52.0,36,16,13,8,0,2,22,0,67,8,0,1,220,186,11,4,0,4,31,52,26,2.0,,1.0,2.25,,2.7666064034524993,1.1153846153846154,6.230769230769231,0.34615384615384615,3.8076923076923075,11.596153846153847,3.0454545454545454,2.769230769230769
2024,16580,101,1.0,31,7.0,5,2,1,0.0,0,59.666666666666664,49,30,27,11,0,9,24,0,54,9,2,3,252,213,22,8,1,5,52,62,14,0.0,116.75710874755806,0.7142857142857143,4.072625698324023,59.0,4.922816115528134,1.223463687150838,7.391061452513967,1.3575418994413408,3.6201117318435756,8.145251396648046,2.25,4.5251396648044695
2024,16580,102,1.0,38,7.0,3,4,1,0.0,0,64.0,72,48,45,15,0,10,24,0,55,14,1,9,291,250,23,11,1,2,59,65,19,2.0,,0.42857142857142855,6.328125,,5.206510249606346,1.5,10.125,1.40625,3.375,7.734375,2.2916666666666665,6.75
2024,16580,104,1.0,8,3.0,2,1,1,0.0,0,25.0,11,7,5,3,0,1,7,0,31,2,1,2,98,86,3,1,1,2,20,23,8,0.0,,0.6666666666666666,1.8,,2.2327602496063457,0.72,3.96,0.36,2.5200000000000005,11.16,4.428571428571429,2.5200000000000005
2024,16580,107,1.0,26,6.0,5,1,2,0.0,0,50.0,54,30,30,6,1,9,18,0,60,9,0,4,230,195,17,4,6,2,47,40,14,0.0,88.4346058278744,0.8333333333333334,5.3999999999999995,104.0,4.672760249606346,1.44,9.72,1.6199999999999999,3.2399999999999998,10.799999999999999,3.3333333333333335,5.3999999999999995
2024,16580,109,1.0,15,3.0,4,0,1,0.0,0,31.666666666666664,24,8,8,6,1,1,8,0,38,1,1,3,126,116,7,3,1,0,34,22,9,0.0,143.01075268817206,1.0,2.2736842105263158,22.0,1.9759181443431877,1.0105263157894737,6.821052631578947,0.28421052631578947,2.2736842105263158,10.8,4.75,2.2736842105263158
2024,16580,110,1.0,21,6.0,3,3,1,0.0,0,48.666666666666664,53,28,25,7,1,6,15,0,43,11,1,3,220,190,9,3,1,3,45,48,13,1.0,114.05835543766578,0.5,4.623287671232877,69.0,4.551116413989908,1.3972602739726028,9.8013698630137,1.1095890410958904,2.7739726027397262,7.952054794520548,2.8666666666666667,5.178082191780822
2024,16580,111,1.0,14,3.0,0,4,1,0.0,0,30.333333333333332,42,40,32,9,1,3,19,0,24,5,0,6,156,128,14,9,2,2,32,29,8,0.0,291.7699115044247,0.0,9.494505494505495,-151.0,5.189683326529423,2.010989010989011,12.461538461538462,0.8901098901098902,5.637362637362637,7.120879120879121,1.263157894736842,11.868131868131869
2024,16580,112,1.0,23,7.0,5,2,2,0.0,0,65.0,49,26,22,3,2,5,17,0,73,3,0,3,261,234,5,1,4,3,59,56,30,1.0,78.42105263157895,0.7142857142857143,3.0461538461538464,64.0,2.7896833265294223,1.0153846153846153,6.7846153846153845,0.6923076923076923,2.353846153846154,10.107692307692307,4.294117647058823,3.6
2024,16580,115,1.0,11,3.0,3,0,1,0.0,0,27.0,32,21,16,6,0,3,6,0,30,3,0,3,127,117,3,3,0,1,25,25,4,0.0,,1.0,5.333333333333333,,3.334982471828568,1.4074074074074074,10.666666666666666,1.0,2.0,10.0,5.0,7.0
2024,16580,116,1.0,4,1.0,0,1,0,0.0,0,8.0,9,10,10,2,1,2,8,0,2,3,0,2,41,29,1,1,1,0,12,7,1,0.0,,0.0,11.25,,9.987760249606346,2.125,10.125,2.25,9.0,2.25,0.25,11.25
2024,16580,128,1.0,20,5.0,5,0,3,0.0,0,41.0,34,22,22,10,2,4,9,0,47,4,0,4,167,152,9,4,0,2,32,40,13,0.0,264.8979591836735,1.0,4.829268292682928,-54.0,3.0395895178990284,1.048780487804878,7.463414634146341,0.8780487804878049,1.975609756097561,10.317073170731707,5.222222222222222,4.829268292682928
2024,16580,129,1.0,16,5.0,2,3,2,0.0,0,42.666666666666664,50,47,39,10,3,6,26,0,57,8,1,5,211,177,2,1,0,0,32,32,18,0.0,,0.4,8.2265625,,4.659635249606346,1.78125,10.546875,1.265625,5.484375,12.0234375,2.1923076923076925,9.9140625
2024,16580,140,1.0,20,4.0,2,1,1,0.0,0,41.666666666666664,45,38,28,9,1,4,25,0,46,11,0,5,209,171,15,10,1,1,34,41,15,0.0,71.04413347685684,0.6666666666666666,6.048,135.0,4.744760249606346,1.6800000000000002,9.72,0.864,5.4,9.936,1.84,8.208
2024,16580,141,1.0,30,7.0,6,0,2,0.0,0,62.0,58,42,40,15,2,5,37,0,62,13,0,2,283,226,12,9,2,5,49,62,34,0.0,99.57555178268251,1.0,5.806451612903226,101.0,4.580502185090216,1.532258064516129,8.419354838709676,0.7258064516129032,5.370967741935484,9.0,1.6756756756756757,6.096774193548387
2024,16580,149,1.0,19,5.0,3,1,1,1.0,0,45.666666666666664,34,20,20,6,0,7,20,0,50,6,0,5,190,159,10,3,2,3,43,37,16,1.0,,0.75,3.9416058394160585,,4.623709154715835,1.1824817518248176,6.7007299270073,1.3795620437956204,3.9416058394160585,9.854014598540147,2.5,3.9416058394160585
2024,16580,158,1.0,11,3.0,0,3,0,0.0,0,20.0,25,27,20,6,1,5,18,0,15,7,0,10,110,82,5,3,0,3,16,26,3,0.0,,0.0,9.0,,8.612760249606346,2.15,11.25,2.25,8.1,6.75,0.8333333333333334,12.15
2024,16580,164,1.0,21,5.0,1,4,1,0.0,0,41.0,40,29,26,5,0,9,20,0,47,4,0,1,188,160,16,4,3,1,28,44,11,0.0,,0.2,5.7073170731707314,,5.429833420338053,1.4634146341463414,8.78048780487805,1.975609756097561,4.390243902439025,10.317073170731707,2.35,6.365853658536585
2024,16580,165,1.0,20,6.0,1,5,0,0.0,0,48.333333333333336,71,72,61,11,2,9,43,0,47,9,1,12,268,211,12,4,2,3,40,51,20,0.0,81.23569794050344,0.16666666666666666,11.35862068965517,234.0,6.816208525468414,2.3586206896551722,13.220689655172412,1.675862068965517,8.006896551724138,8.751724137931035,1.0930232558139534,13.406896551724136
2024,16580,167,1.0,6,1.0,0,1,1,0.0,0,17.0,15,12,8,4,1,3,15,0,15,2,0,5,82,65,7,4,0,0,16,17,4,0.0,,0.0,4.235294117647059,,6.642172014312228,1.7647058823529411,7.9411764705882355,1.5882352941176472,7.9411764705882355,7.9411764705882355,1.0,6.352941176470589
2024,16580,169,1.0,19,5.0,5,0,2,0.0,0,37.333333333333336,32,14,14,5,0,3,12,0,47,5,0,6,160,142,9,2,0,1,35,28,15,0.0,,1.0,3.375,,3.0056173924634884,1.1785714285714286,7.7142857142857135,0.7232142857142856,2.8928571428571423,11.330357142857142,3.9166666666666665,3.375
2024,16580,172,1.0,7,3.0,0,3,0,0.0,0,21.333333333333332,24,19,14,9,1,1,5,0,7,2,1,7,95,84,6,4,0,4,19,32,3,1.0,,0.0,5.90625,,4.050260249606346,1.359375,10.125,0.421875,2.109375,2.953125,1.4,8.015625
2024,16580,173,1.0,27,7.0,3,4,1,0.0,0,58.33333333333333,69,62,61,17,0,9,45,0,72,14,0,11,302,237,29,9,3,3,47,54,25,0.0,55.84615384615385,0.42857142857142855,9.411428571428573,235.0,5.684188821034917,1.9542857142857144,10.645714285714288,1.3885714285714288,6.942857142857143,11.10857142857143,1.6,9.565714285714286
2024,16580,175,1.0,29,7.0,3,4,2,0.0,0,50.333333333333336,50,41,40,15,3,7,26,2,62,13,1,5,235,195,29,10,0,1,48,32,16,1.0,62.282986111111114,0.42857142857142855,7.152317880794701,171.0,4.781634421791776,1.509933774834437,8.940397350993377,1.2516556291390728,4.649006622516556,11.086092715231787,2.3846153846153846,7.331125827814569
2024,16580,178,1.0,8,1.0,0,1,0,0.0,0,11.0,14,14,7,2,0,0,11,0,12,1,0,2,61,47,5,4,1,1,11,10,5,1.0,,0.0,5.7272727272727275,,4.203669340515436,2.272727272727273,11.454545454545455,0.0,9.0,9.818181818181817,1.0909090909090908,11.454545454545455
2024,16580,180,1.0,14,4.0,2,2,1,0.0,0,37.33333333333333,38,28,20,6,2,4,23,0,44,5,0,10,170,139,11,0,2,1,30,28,19,0.0,156.18661257606493,0.5,4.821428571428572,37.0,4.398474535320632,1.6339285714285716,9.160714285714286,0.9642857142857144,5.544642857142858,10.60714285714286,1.9130434782608696,6.750000000000001
2024,16580,193,1.0,33,7.0,7,0,4,0.0,0,62.0,45,24,19,10,0,5,27,0,73,8,1,9,265,227,16,3,2,1,52,59,16,0.0,82.43805883557437,1.0,2.7580645161290325,56.0,3.499857023799894,1.1612903225806452,6.532258064516129,0.7258064516129032,3.9193548387096775,10.596774193548388,2.7037037037037037,3.4838709677419355
2024,16580,196,1.0,27,6.0,5,1,0,0.0,0,52.666666666666664,30,16,16,3,0,6,18,0,69,8,1,3,211,184,10,4,0,1,35,50,21,1.0,147.12220526174013,0.8333333333333334,2.7341772151898733,25.0,3.45453240150508,0.9113924050632912,5.126582278481013,1.0253164556962027,3.0759493670886076,11.79113924050633,3.8333333333333335,2.7341772151898733
2024,16580,198,1.0,30,7.0,6,1,2,0.0,0,59.0,44,35,34,10,2,8,28,0,80,7,0,5,254,217,8,3,0,2,38,54,23,0.0,100.67307692307692,0.8571428571428571,5.186440677966102,89.0,3.9432687241826168,1.2203389830508475,6.711864406779661,1.2203389830508475,4.271186440677966,12.203389830508474,2.857142857142857,5.338983050847458
2024,16580,201,1.0,12,3.0,0,2,0,0.0,0,21.666666666666668,29,19,17,7,1,3,11,1,15,2,0,5,106,86,6,2,1,6,20,26,4,0.0,,0.0,7.061538461538461,,5.328144864990961,1.846153846153846,12.046153846153846,1.246153846153846,4.569230769230769,6.230769230769231,1.3636363636363635,7.892307692307693
2024,16580,202,1.0,35,7.0,1,6,0,0.0,0,54.0,67,66,61,12,5,8,41,1,42,9,4,6,276,223,22,11,1,2,50,63,18,0.0,133.97302904564316,0.14285714285714285,10.166666666666666,116.0,6.260908397754494,2.0,11.166666666666666,1.3333333333333333,6.833333333333334,7.0,1.024390243902439,11.0
2024,16580,204,1.0,16,7.0,1,4,1,1.0,0,50.0,45,34,27,6,0,6,25,0,45,9,0,4,233,196,8,5,2,1,36,66,15,0.0,,0.2,4.86,,4.912760249606346,1.4,8.1,1.08,4.5,8.1,1.8,6.12
2024,16580,219,1.0,14,4.0,2,2,0,0.0,0,32.333333333333336,27,21,17,5,2,3,12,1,37,7,1,2,143,120,0,0,1,3,30,27,8,1.0,135.66289825282632,0.5,4.731958762886597,53.0,3.793172620740366,1.2061855670103092,7.515463917525772,0.8350515463917525,3.34020618556701,10.298969072164947,3.0833333333333335,5.845360824742267
2024,16580,220,1.0,22,5.0,0,5,0,0.0,0,38.0,55,46,33,9,1,12,12,1,42,6,0,6,188,166,8,6,2,2,28,37,14,0.0,,0.0,7.815789473684211,,6.428549723290557,1.763157894736842,13.026315789473685,2.8421052631578947,2.8421052631578947,9.947368421052632,3.5,10.894736842105264
2024,16580,228,1.0,2,1.0,0,0,0,0.0,0,8.333333333333332,11,6,6,3,0,1,5,0,6,1,1,2,39,32,0,0,1,0,12,4,1,1.0,94.14965986394557,,6.48,119.0,5.392760249606345,1.9200000000000004,11.880000000000003,1.0800000000000003,5.4,6.48,1.2,6.48
2024,16580,229,1.0,24,6.0,4,2,0,0.0,0,51.0,38,25,22,5,1,5,29,0,52,7,0,9,222,184,12,4,0,2,40,54,13,2.0,73.19386331938634,0.6666666666666666,3.882352941176471,85.0,4.465701426076934,1.3137254901960784,6.705882352941177,0.8823529411764706,5.117647058823529,9.176470588235293,1.793103448275862,4.411764705882352
2024,16580,231,1.0,14,5.0,2,3,1,0.0,0,39.0,35,32,30,7,0,6,19,0,49,9,0,3,179,146,7,5,2,3,28,34,21,0.0,116.79035250463824,0.4,6.923076923076923,100.0,4.7537858906319865,1.3846153846153846,8.076923076923077,1.3846153846153846,4.384615384615384,11.307692307692307,2.5789473684210527,7.384615384615384
2024,16580,234,1.0,23,5.0,6,0,1,0.0,0,53.0,31,18,13,9,1,1,33,0,96,6,0,6,228,184,17,7,1,4,26,34,24,0.0,152.72727272727275,1.0,2.207547169811321,18.0,1.9429489288516286,1.2075471698113207,5.264150943396226,0.16981132075471697,5.60377358490566,16.30188679245283,2.909090909090909,3.0566037735849054
2024,16580,235,1.0,19,4.0,3,1,0,0.0,0,36.666666666666664,34,20,19,11,1,4,16,0,59,1,0,1,160,140,16,8,2,1,21,28,7,0.0,158.72340425531914,0.75,4.663636363636364,33.0,2.7036693405154364,1.3636363636363638,8.345454545454546,0.9818181818181819,3.9272727272727277,14.481818181818182,3.6875,4.90909090909091
2024,16580,236,1.0,21,4.0,0,4,0,0.0,0,29.666666666666664,27,39,29,6,0,6,32,0,22,5,0,4,157,114,20,12,3,3,27,37,3,2.0,147.60638297872342,0.0,8.797752808988765,80.0,8.000400699044548,1.9887640449438204,8.191011235955058,1.8202247191011238,9.707865168539328,6.674157303370787,0.6875,11.831460674157304
2024,16580,248,1.0,34,7.0,2,5,0,0.0,0,57.0,88,83,71,15,0,22,31,0,68,14,2,6,309,261,15,6,2,1,51,47,24,1.0,117.26147123088128,0.2857142857142857,11.210526315789474,161.0,8.112760249606346,2.087719298245614,13.894736842105262,3.4736842105263155,4.894736842105264,10.736842105263158,2.193548387096774,13.105263157894738
2024,16580,249,1.0,10,3.0,0,3,0,0.0,0,24.0,25,19,14,4,0,2,16,0,26,5,0,6,118,91,9,2,2,4,23,22,10,0.0,221.0188261351052,0.0,5.25,-19.0,4.654426916273012,1.7083333333333333,9.375,0.75,6.0,9.75,1.625,7.125
2024,16580,251,1.0,16,4.0,1,3,1,0.0,0,31.0,36,27,24,4,2,9,15,0,22,4,0,3,146,122,4,1,5,0,33,32,6,3.0,,0.25,6.967741935483871,,7.30630863670312,1.6451612903225807,10.451612903225808,2.612903225806452,4.35483870967742,6.387096774193549,1.4666666666666666,7.838709677419355
2024,16580,253,1.0,23,5.0,1,4,1,0.0,0,43.666666666666664,46,26,22,9,1,2,23,0,38,6,0,5,202,162,12,4,7,4,54,34,17,0.0,157.69230769230768,0.2,4.534351145038168,33.0,3.960088493881155,1.5801526717557253,9.48091603053435,0.4122137404580153,4.740458015267175,7.8320610687022905,1.6521739130434783,5.358778625954199
2024,16580,254,1.0,33,7.0,2,5,1,0.0,0,60.666666666666664,61,56,38,15,1,9,47,0,56,12,3,15,295,228,19,9,2,5,55,56,22,1.0,153.77894276976846,0.2857142857142857,5.637362637362637,45.0,6.112760249606346,1.7802197802197803,9.04945054945055,1.335164835164835,6.972527472527473,8.307692307692308,1.1914893617021276,8.307692307692308
2024,16580,255,1.0,28,7.0,6,1,2,0.0,0,61.666666666666664,52,35,28,12,0,2,35,1,82,6,0,2,276,231,11,5,3,1,46,51,20,2.0,147.79614325068871,0.8571428571428571,4.0864864864864865,37.0,2.869517006363102,1.4108108108108108,7.58918918918919,0.2918918918918919,5.108108108108108,11.967567567567567,2.342857142857143,5.108108108108108
2024,16580,257,1.0,19,5.0,5,0,1,0.0,0,39.0,20,12,12,4,0,6,18,0,52,3,0,2,157,135,2,0,0,1,22,41,20,1.0,105.16666666666667,1.0,2.769230769230769,46.0,4.061478198324294,0.9743589743589743,4.615384615384615,1.3846153846153846,4.153846153846154,12.0,2.888888888888889,2.769230769230769
2024,16580,260,1.0,18,5.0,1,5,1,0.0,0,38.333333333333336,51,35,33,8,1,6,34,2,36,6,2,8,195,152,3,0,1,2,35,33,15,1.0,,0.16666666666666666,7.747826086956521,,6.399716771345476,2.217391304347826,11.973913043478259,1.408695652173913,7.982608695652174,8.452173913043477,1.0588235294117647,8.217391304347826
2024,16580,261,1.0,12,3.0,0,4,0,0.0,0,25.666666666666664,33,30,22,9,2,3,26,1,21,5,1,2,140,105,5,2,4,0,30,22,10,0.0,,0.0,7.714285714285715,,6.619253756099853,2.298701298701299,11.571428571428573,1.051948051948052,9.116883116883118,7.363636363636364,0.8076923076923077,10.51948051948052
2024,16580,275,1.0,6,3.0,0,3,0,0.0,0,14.333333333333332,21,23,22,5,0,6,14,0,16,5,0,3,80,61,4,2,0,0,15,6,3,0.0,,0.0,13.813953488372093,,10.298806761234253,2.4418604651162794,13.186046511627909,3.7674418604651163,8.790697674418606,10.046511627906977,1.1428571428571428,14.441860465116282
2024,16580,277,1.0,25,7.0,1,4,2,0.0,0,53.333333333333336,59,41,37,11,1,7,22,1,55,8,1,3,251,216,12,4,1,4,55,47,19,0.0,,0.2,6.2437499999999995,,4.444010249606346,1.5187499999999998,9.956249999999999,1.1812500000000001,3.7125,9.28125,2.5,6.918749999999999
2024,16580,283,1.0,17,4.0,1,3,0,0.0,0,33.0,45,46,42,16,0,7,30,2,28,8,0,7,181,136,18,12,1,6,31,36,10,0.0,,0.25,11.454545454545455,,7.627911764757862,2.272727272727273,12.272727272727272,1.9090909090909092,8.181818181818182,7.636363636363637,0.9333333333333333,12.545454545454547
2024,16580,285,1.0,15,4.0,1,3,1,0.0,0,33.0,39,38,30,8,0,6,29,0,25,10,0,2,174,133,14,9,1,1,30,41,13,1.0,,0.25,8.181818181818182,,7.506699643545739,2.0606060606060606,10.636363636363637,1.6363636363636365,7.909090909090909,6.818181818181818,0.8620689655172413,10.363636363636365
2024,16580,288,1.0,23,6.0,6,0,1,0.0,0,51.0,34,14,11,6,2,1,15,0,69,5,0,4,205,184,4,0,1,0,47,31,22,1.0,,1.0,1.9411764705882355,,1.838250445684777,0.9607843137254902,6.0,0.1764705882352941,2.6470588235294117,12.176470588235295,4.6,2.4705882352941178
2024,16580,299,1.0,10,3.0,1,1,1,0.0,0,28.0,34,18,18,8,0,4,10,0,31,3,0,2,125,110,7,3,0,2,30,17,9,0.0,,0.5,5.7857142857142865,,4.148474535320632,1.5714285714285714,10.928571428571427,1.2857142857142856,3.2142857142857144,9.964285714285715,3.1,5.7857142857142865
2024,16580,301,1.0,23,7.0,2,4,2,0.0,0,61.333333333333336,49,43,39,8,0,10,34,0,65,9,1,7,270,223,10,7,3,1,48,64,8,2.0,81.85538881309687,0.3333333333333333,5.7228260869565215,117.0,5.216021119171563,1.3532608695652173,7.190217391304348,1.4673913043478262,4.989130434782609,9.53804347826087,1.911764705882353,6.309782608695652
2024,16580,302,1.0,26,7.0,3,3,1,0.0,0,56.666666666666664,72,58,54,15,1,15,38,0,44,17,0,4,291,229,25,16,1,6,47,71,14,0.0,,0.5,8.576470588235294,,7.912760249606345,1.9411764705882353,11.43529411764706,2.3823529411764706,6.03529411764706,6.988235294117647,1.1578947368421053,9.211764705882354
2024,16580,305,1.0,13,4.0,4,0,4,0.0,0,36.0,25,9,6,6,3,0,6,0,35,2,0,1,138,130,6,2,0,0,35,30,11,2.0,,1.0,1.5,,1.8349824718285679,0.8611111111111112,6.25,0.0,1.5,8.75,5.833333333333333,2.25
2024,16580,306,1.0,24,6.0,6,1,3,0.0,0,59.333333333333336,50,24,20,13,0,4,24,0,61,6,2,3,259,225,15,6,0,3,53,58,16,0.0,155.94713656387665,0.8571428571428571,3.033707865168539,23.0,3.4498389012917388,1.247191011235955,7.584269662921348,0.6067415730337078,3.640449438202247,9.252808988764045,2.5416666666666665,3.640449438202247
2024,16580,308,1.0,21,7.0,1,5,0,0.0,0,47.333333333333336,67,52,50,12,1,6,37,0,28,12,0,5,253,193,18,7,5,6,52,53,4,0.0,,0.16666666666666666,9.507042253521126,,6.683182784817613,2.197183098591549,12.739436619718308,1.1408450704225352,7.035211267605633,5.323943661971831,0.7567567567567568,9.88732394366197
2024,16580,310,1.0,20,4.0,0,4,0,0.0,0,31.0,35,38,32,8,2,6,29,0,44,12,1,7,169,121,9,9,3,4,16,28,14,1.0,,0.0,9.29032258064516,,6.757921539928926,2.064516129032258,10.161290322580646,1.7419354838709677,8.419354838709676,12.774193548387098,1.5172413793103448,11.03225806451613
2024,16580,312,1.0,27,5.0,1,4,1,0.0,0,48.333333333333336,52,43,39,14,0,9,35,0,71,10,2,9,240,193,17,6,2,0,41,27,23,1.0,208.14606741573036,0.2,7.262068965517241,-10.0,5.388622318571863,1.7999999999999998,9.682758620689654,1.675862068965517,6.517241379310345,13.220689655172412,2.0285714285714285,8.006896551724138
2024,16580,314,1.0,17,5.0,1,2,0,0.0,0,41.666666666666664,41,23,21,4,2,3,17,0,52,6,0,2,186,155,8,4,2,6,41,29,13,0.0,76.44489247311827,0.3333333333333333,4.536,97.0,3.2087602496063456,1.3920000000000001,8.856000000000002,0.6480000000000001,3.672,11.232,3.0588235294117645,4.968
2024,16580,315,1.0,31,5.0,3,2,1,0.0,0,53.0,49,38,37,15,1,8,27,0,52,10,2,3,235,193,26,3,1,4,30,66,16,0.0,125.01759324419423,0.6,6.283018867924528,82.0,5.207099872247856,1.4339622641509433,8.320754716981131,1.3584905660377358,4.584905660377358,8.830188679245284,1.9259259259259258,6.452830188679245
2024,16580,316,1.0,24,6.0,3,3,1,0.0,0,54.0,49,39,35,7,0,12,28,0,59,2,0,4,243,208,7,2,2,3,40,58,20,1.0,,0.5,5.833333333333333,,5.483130619976716,1.4259259259259258,8.166666666666668,2.0,4.666666666666666,9.833333333333332,2.107142857142857,6.5
2024,16580,317,1.0,31,8.0,5,3,2,0.0,0,65.66666666666667,79,43,39,19,2,9,34,3,61,4,1,2,294,252,17,9,2,2,52,62,25,3.0,134.375,0.625,5.345177664974619,61.0,4.772658726763706,1.7208121827411167,10.82741116751269,1.233502538071066,4.659898477157361,8.360406091370557,1.7941176470588236,5.893401015228426
2024,16580,327,1.0,13,4.0,1,1,2,0.0,0,29.333333333333332,34,27,25,7,1,5,14,0,39,7,0,1,141,118,8,2,0,2,21,23,7,1.0,236.5296803652968,0.5,7.670454545454546,-49.0,4.8173057041518,1.6363636363636365,10.431818181818183,1.5340909090909092,4.295454545454546,11.965909090909092,2.7857142857142856,8.28409090909091
2024,16580,328,1.0,34,7.0,3,4,0,0.0,0,62.0,72,49,36,7,4,7,30,0,65,7,0,3,291,249,18,7,4,1,49,59,18,0.0,,0.42857142857142855,5.225806451612904,,4.274050572186991,1.6451612903225807,10.451612903225808,1.0161290322580645,4.35483870967742,9.435483870967742,2.1666666666666665,7.112903225806451
2024,16580,331,1.0,10,3.0,1,1,0,0.0,0,25.0,23,17,17,4,0,5,7,0,29,4,1,3,108,97,2,0,0,0,16,29,9,0.0,,0.5,6.12,,4.712760249606346,1.2,8.280000000000001,1.8,2.5200000000000005,10.44,4.142857142857143,6.12
2024,16580,334,1.0,12,3.0,3,0,1,0.0,0,27.0,25,8,8,2,1,3,10,0,24,6,1,0,119,100,8,3,0,3,26,27,4,0.0,118.25037707390649,1.0,2.6666666666666665,38.0,4.55720469405079,1.2962962962962963,8.333333333333334,1.0,3.333333333333333,8.0,2.4,2.6666666666666665
2024,16580,342,1.0,35,7.0,0,7,0,0.0,0,55.333333333333336,83,101,75,25,4,11,46,0,43,29,2,10,327,242,28,17,3,7,55,61,14,0.0,,0.0,12.198795180722891,,8.20914579177502,2.331325301204819,13.5,1.7891566265060241,7.481927710843373,6.993975903614458,0.9347826086956522,16.427710843373493
2024,16580,346,1.0,24,6.0,4,2,1,0.0,0,48.666666666666664,43,27,26,5,0,6,20,0,45,7,0,6,212,181,14,6,3,1,56,36,15,1.0,,0.6666666666666666,4.808219178082192,,4.530568468784428,1.2945205479452055,7.952054794520548,1.1095890410958904,3.6986301369863015,8.321917808219178,2.25,4.993150684931507
2024,16580,352,1.0,16,4.0,2,2,0,0.0,0,30.666666666666668,45,34,23,9,1,6,15,0,33,3,0,7,157,134,13,4,2,3,32,22,5,0.0,,0.5,6.75,,5.264934162649824,1.9565217391304348,13.206521739130434,1.7608695652173911,4.4021739130434785,9.68478260869565,2.2,9.978260869565219
2024,16580,355,1.0,9,2.0,0,2,0,0.0,0,16.0,22,15,15,2,0,1,8,0,13,4,0,4,77,63,6,4,1,1,13,17,3,0.0,265.36458333333337,0.0,8.4375,-96.0,4.550260249606346,1.875,12.375,0.5625,4.5,7.3125,1.625,8.4375
2024,16580,361,1.0,13,3.0,1,2,1,0.0,0,22.666666666666668,33,24,22,5,1,8,14,1,19,1,0,3,112,96,11,5,0,1,15,29,6,0.0,,0.3333333333333333,8.735294117647058,,8.009819073135757,2.0735294117647056,13.102941176470587,3.176470588235294,5.558823529411764,7.5441176470588225,1.3571428571428572,9.529411764705882
2024,16580,363,1.0,35,7.0,6,1,1,0.0,0,61.0,61,45,39,17,1,6,38,0,79,10,0,10,288,238,13,1,0,2,34,62,26,1.0,106.877990430622,0.8571428571428571,5.754098360655738,93.0,4.161940577475198,1.6229508196721312,9.0,0.8852459016393442,5.606557377049181,11.655737704918034,2.0789473684210527,6.639344262295082
2024,16580,365,1.0,38,7.0,6,1,4,0.0,0,65.66666666666667,45,28,25,12,0,3,39,0,92,5,1,9,275,228,25,10,0,3,48,46,29,0.0,,0.8571428571428571,3.4263959390862944,,2.9147907064591374,1.279187817258883,6.16751269035533,0.41116751269035534,5.345177664974619,12.609137055837563,2.358974358974359,3.8375634517766493
2024,16580,367,1.0,20,5.0,1,2,1,0.0,0,39.0,52,31,29,9,0,4,15,1,39,3,1,2,184,162,12,4,3,1,40,32,12,0.0,157.3594909862142,0.3333333333333333,6.6923076923076925,49.0,3.8307089675550636,1.7179487179487178,12.0,0.923076923076923,3.4615384615384617,9.0,2.6,7.153846153846153
2024,16580,368,1.0,14,3.0,0,3,0,0.0,0,24.0,25,24,19,4,0,2,24,0,21,9,1,2,131,96,2,2,1,1,20,28,5,0.0,,0.0,7.125,,6.571093582939679,2.0416666666666665,9.375,0.75,9.0,7.875,0.875,9.0
2024,16580,370,1.0,35,6.0,3,2,2,0.0,0,53.666666666666664,46,28,24,12,0,5,20,0,49,14,0,4,235,199,29,9,0,2,50,52,18,0.0,62.13592233009708,0.6,4.024844720496895,96.0,4.398474535320632,1.2298136645962734,7.714285714285715,0.8385093167701865,3.354037267080746,8.217391304347826,2.45,4.695652173913043
2024,16580,380,1.0,6,2.0,1,1,0,0.0,0,14.0,13,14,14,4,1,2,17,0,17,4,1,1,75,53,0,0,0,1,5,18,5,1.0,,0.5,9.0,,7.041331678177774,2.142857142857143,8.357142857142858,1.2857142857142856,10.928571428571427,10.928571428571427,1.0,9.0
2024,16580,381,1.0,10,2.0,0,2,0,0.0,0,14.0,26,26,21,6,0,5,13,0,13,3,0,4,82,64,10,6,0,1,13,11,4,1.0,,0.0,13.5,,9.32704596389206,2.7857142857142856,16.714285714285715,3.2142857142857144,8.357142857142858,8.357142857142858,1.0,16.714285714285715
2024,16580,386,1.0,21,6.0,1,5,1,0.0,0,44.333333333333336,53,57,48,12,4,5,35,0,37,14,1,6,238,181,18,12,1,7,35,56,8,0.0,,0.16666666666666666,9.74436090225564,,6.225542204493563,1.9849624060150375,10.7593984962406,1.0150375939849623,7.105263157894737,7.511278195488722,1.0571428571428572,11.57142857142857
2024,16580,388,1.0,10,3.0,0,2,0,0.0,0,22.666666666666668,24,14,13,9,0,1,19,0,12,3,0,3,111,88,0,0,0,1,24,28,3,0.0,129.7566371681416,0.0,5.161764705882352,63.0,5.5392308378416395,1.8970588235294117,9.529411764705882,0.39705882352941174,7.5441176470588225,4.764705882352941,0.631578947368421,5.558823529411764
2024,16580,391,1.0,11,3.0,0,2,0,0.0,0,23.0,32,31,31,8,3,2,24,1,18,6,0,3,129,99,7,4,0,0,23,26,2,0.0,,0.0,12.130434782608695,,6.591021119171563,2.4347826086956523,12.521739130434781,0.7826086956521738,9.391304347826086,7.043478260869565,0.75,12.130434782608695
2024,16580,392,1.0,20,6.0,4,2,2,0.0,0,52.0,39,25,21,10,0,5,34,0,47,5,0,2,230,187,9,1,1,3,45,56,11,1.0,159.11330049261082,0.6666666666666666,3.6346153846153846,26.0,4.805067941914038,1.4038461538461537,6.75,0.8653846153846154,5.884615384615385,8.134615384615385,1.3823529411764706,4.326923076923077
2024,16580,393,1.0,10,3.0,0,3,0,0.0,0,21.666666666666668,42,36,32,15,0,6,12,0,16,6,1,8,123,103,5,3,2,0,18,26,6,1.0,,0.0,13.292307692307691,,7.728144864990961,2.4923076923076923,17.446153846153845,2.492307692307692,4.984615384615384,6.646153846153846,1.3333333333333333,14.953846153846152
2024,16580,402,1.0,12,3.0,0,3,0,0.0,0,22.666666666666668,34,31,29,6,2,6,31,1,27,1,0,2,131,97,8,5,0,2,18,19,5,0.0,108.69256948383436,0.0,11.51470588235294,182.0,8.406877896665168,2.8676470588235294,13.5,2.3823529411764706,12.308823529411764,10.720588235294118,0.8709677419354839,12.308823529411764
2024,16580,404,1.0,29,8.0,4,4,2,0.0,0,68.33333333333333,72,54,45,15,2,10,47,1,61,10,0,6,325,263,20,9,3,2,65,63,22,1.0,126.98439692189957,0.5,5.926829268292683,75.0,5.732272444728297,1.7414634146341466,9.482926829268294,1.3170731707317076,6.190243902439025,8.034146341463416,1.297872340425532,7.11219512195122
2024,16580,406,1.0,24,5.0,4,1,3,0.0,0,47.33333333333333,47,22,18,5,1,3,20,0,46,5,0,0,211,179,14,5,4,3,35,53,13,0.0,97.55747126436782,0.8,3.422535211267606,61.0,3.577548982000712,1.415492957746479,8.93661971830986,0.5704225352112677,3.802816901408451,8.746478873239438,2.3,4.183098591549296
2024,16580,410,1.0,17,4.0,1,2,0,0.0,0,28.333333333333332,34,37,34,7,1,3,25,0,23,9,0,9,149,112,18,10,0,3,34,23,5,0.0,,0.3333333333333333,10.799999999999999,,6.465701426076934,2.0823529411764707,10.799999999999999,0.9529411764705882,7.941176470588236,7.305882352941176,0.92,11.75294117647059
2024,16580,414,1.0,26,5.0,1,4,0,0.0,0,39.0,53,52,50,13,1,5,43,0,27,6,1,3,212,156,27,16,1,6,35,46,11,1.0,,0.2,11.53846153846154,,7.164042300888397,2.4615384615384617,12.230769230769232,1.1538461538461537,9.923076923076923,6.230769230769231,0.627906976744186,12.0
2024,16580,415,1.0,24,7.0,5,2,0,0.0,0,58.666666666666664,41,25,22,6,0,6,22,0,68,7,0,4,238,204,8,3,2,3,48,51,14,2.0,,0.7142857142857143,3.375,,3.607078431424527,1.0738636363636365,6.2897727272727275,0.9204545454545455,3.375,10.431818181818183,3.090909090909091,3.835227272727273
2024,16580,418,1.0,24,7.0,2,5,1,1.0,0,58.666666666666664,68,48,43,12,1,6,39,0,44,9,0,6,282,222,24,12,6,6,61,58,13,0.0,,0.2857142857142857,6.59659090909091,,5.396851158697254,1.8238636363636365,10.431818181818183,0.9204545454545455,5.982954545454546,6.75,1.1282051282051282,7.363636363636364
2024,16580,419,1.0,11,2.0,0,2,0,0.0,0,16.0,21,20,17,1,2,7,6,0,17,7,0,1,80,64,14,9,0,3,14,13,4,0.0,222.44897959183675,0.0,9.5625,-37.0,9.112760249606346,1.6875,11.8125,3.9375,3.375,9.5625,2.8333333333333335,11.25
2024,16580,428,1.0,11,4.0,1,3,1,0.0,0,32.666666666666664,29,22,17,6,3,2,22,1,38,6,1,6,153,121,7,4,2,2,29,26,12,0.0,,0.25,4.683673469387755,,4.153576576136958,1.5612244897959184,7.9897959183673475,0.5510204081632654,6.061224489795919,10.469387755102042,1.7272727272727273,6.061224489795919
2024,16580,430,1.0,24,5.0,2,3,0,0.0,0,45.0,40,22,21,4,0,6,13,0,66,4,0,3,185,164,8,2,3,1,31,31,17,1.0,,0.4,4.2,,3.0460935829396787,1.1777777777777778,8.0,1.2,2.5999999999999996,13.2,5.076923076923077,4.3999999999999995
2024,16580,432,1.0,2,0.0,0,0,0,0.0,0,2.0,3,3,3,0,0,0,0,0,2,0,0,0,9,9,0,0,0,0,3,1,1,0.0,269.38775510204084,,13.5,-162.0,1.1127602496063456,1.5,13.5,0.0,0.0,9.0,,13.5
2024,16580,433,1.0,22,7.0,4,3,2,0.0,0,53.333333333333336,46,34,26,8,0,1,36,2,69,10,0,6,248,199,15,5,3,0,45,39,19,1.0,128.68802188989005,0.5714285714285714,4.3875,54.0,3.3565102496063455,1.5374999999999999,7.762499999999999,0.16874999999999998,6.074999999999999,11.643749999999999,1.9166666666666667,5.7375
2024,16580,434,1.0,22,6.0,4,2,2,0.0,0,52.33333333333333,53,30,26,11,0,2,15,0,56,12,1,7,237,203,13,5,3,4,39,56,18,0.0,,0.6666666666666666,4.471337579617835,,3.01721884833246,1.299363057324841,9.114649681528663,0.3439490445859873,2.579617834394905,9.630573248407645,3.7333333333333334,5.15923566878981
2024,16580,439,1.0,24,7.0,1,6,1,0.0,0,59.333333333333336,60,45,33,14,0,9,26,0,43,15,0,7,269,224,12,4,3,1,49,71,10,1.0,,0.14285714285714285,5.0056179775280905,,5.708265867583874,1.449438202247191,9.101123595505618,1.3651685393258426,3.9438202247191008,6.522471910112359,1.6538461538461537,6.825842696629213
2024,16580,444,1.0,11,3.0,2,1,1,0.0,0,26.0,23,21,21,6,0,2,26,0,31,8,0,2,131,97,10,5,0,0,25,18,11,0.0,,0.6666666666666666,7.269230769230769,,5.651221788067884,1.8846153846153846,7.961538461538462,0.6923076923076923,9.0,10.73076923076923,1.1923076923076923,7.269230769230769
2024,16580,450,1.0,13,2.0,0,2,0,0.0,0,15.666666666666666,28,30,26,12,0,2,20,0,13,2,1,5,96,72,7,5,1,1,14,18,3,0.0,,0.0,14.936170212765957,,7.325526207053155,3.0638297872340425,16.085106382978726,1.148936170212766,11.48936170212766,7.468085106382978,0.65,17.23404255319149
2024,16580,454,1.0,10,4.0,4,0,2,0.0,0,34.0,14,5,5,2,0,1,10,0,47,4,0,1,130,115,6,1,1,0,27,25,15,0.0,156.03864734299518,1.0,1.3235294117647058,10.0,1.9657014260769339,0.7058823529411765,3.705882352941176,0.2647058823529412,2.6470588235294117,12.441176470588236,4.7,1.3235294117647058
2024,16580,456,1.0,27,6.0,2,3,0,0.0,0,45.33333333333333,51,54,51,10,1,12,40,3,42,10,2,10,236,183,17,9,1,2,47,43,15,0.0,183.93584106822993,0.4,10.125000000000002,28.0,8.009819073135757,2.007352941176471,10.125000000000002,2.3823529411764706,7.941176470588236,8.338235294117649,1.05,10.72058823529412
2024,16580,457,1.0,26,4.0,5,1,2,0.0,0,44.0,40,18,16,6,0,2,19,0,43,1,1,1,189,167,24,12,0,2,32,49,14,0.0,154.39137134052388,0.8333333333333334,3.272727272727273,26.0,3.1127602496063456,1.3409090909090908,8.181818181818182,0.4090909090909091,3.8863636363636362,8.795454545454545,2.263157894736842,3.681818181818182
2024,16580,458,1.0,34,7.0,2,4,1,0.0,0,58.666666666666664,60,48,44,10,1,13,37,0,73,6,0,6,275,228,23,10,2,2,43,54,15,0.0,,0.3333333333333333,6.75,,5.703669340515436,1.653409090909091,9.204545454545455,1.9943181818181819,5.676136363636364,11.198863636363637,1.972972972972973,7.363636363636364
2024,16580,459,1.0,21,6.0,4,2,2,0.0,0,54.0,55,36,31,12,5,6,22,0,56,9,0,11,251,215,12,4,3,2,60,43,16,0.0,,0.6666666666666666,5.166666666666667,,4.205352842198938,1.4259259259259258,9.166666666666668,1.0,3.6666666666666665,9.333333333333332,2.5454545454545454,6.0
2024,16580,460,1.0,26,7.0,3,3,1,0.0,0,61.0,45,22,22,11,0,3,31,0,70,5,0,6,258,218,17,6,4,0,51,54,24,0.0,106.62768031189083,0.5,3.2459016393442623,53.0,3.227514347967001,1.2459016393442623,6.639344262295082,0.4426229508196721,4.573770491803279,10.327868852459016,2.2580645161290325,3.2459016393442623
2024,16580,463,1.0,15,4.0,3,1,2,0.0,0,35.0,33,14,10,5,2,2,7,0,22,5,0,1,148,133,3,0,2,1,35,43,4,0.0,,0.75,2.571428571428571,,3.62704596389206,1.1428571428571428,8.485714285714286,0.5142857142857142,1.8,5.657142857142857,3.142857142857143,3.6
2024,16580,464,1.0,28,6.0,0,6,0,0.0,0,49.666666666666664,55,52,42,10,2,5,32,0,45,15,0,4,252,195,16,10,6,4,49,50,9,1.0,,0.0,7.610738255033557,,5.4483307194050035,1.7516778523489933,9.966442953020135,0.9060402684563759,5.798657718120806,8.154362416107382,1.40625,9.422818791946309
2024,16580,465,1.0,12,3.0,3,1,0,0.0,0,32.333333333333336,29,11,10,4,1,1,13,0,25,0,0,0,137,120,5,3,2,2,31,38,7,0.0,94.22966428630059,0.75,2.7835051546391747,51.0,3.174615919709438,1.2989690721649483,8.072164948453608,0.2783505154639175,3.6185567010309274,6.958762886597937,1.9230769230769231,3.0618556701030926
2024,16580,466,1.0,8,2.0,3,0,0,0.0,0,20.0,13,7,6,6,0,0,10,0,25,5,0,1,85,68,10,5,0,2,9,21,7,0.0,,1.0,2.6999999999999997,,2.8627602496063456,1.15,5.8500000000000005,0.0,4.5,11.25,2.5,3.15
2024,16580,471,1.0,27,5.0,1,5,0,0.0,0,48.666666666666664,80,81,72,15,0,16,53,1,35,13,1,7,291,219,23,10,0,6,47,59,8,0.0,,0.16666666666666666,13.315068493150687,,10.016869838647441,2.732876712328767,14.794520547945206,2.9589041095890414,9.8013698630137,6.472602739726027,0.660377358490566,14.979452054794521
2024,16580,473,1.0,17,7.0,4,2,1,0.0,0,53.333333333333336,75,48,42,19,3,14,17,0,55,6,0,6,252,223,10,5,3,3,48,46,17,0.0,139.26421404682273,0.6666666666666666,7.0874999999999995,75.0,5.756510249606345,1.7249999999999999,12.65625,2.3625000000000003,2.86875,9.28125,3.235294117647059,8.1
2024,16580,474,1.0,22,7.0,4,3,2,0.0,0,51.666666666666664,59,39,37,10,1,9,25,1,55,5,0,2,239,207,7,4,1,1,44,48,14,1.0,,0.5714285714285714,6.445161290322581,,4.990179604445055,1.6258064516129034,10.277419354838711,1.567741935483871,4.35483870967742,9.580645161290322,2.2,6.7935483870967746
2024,16580,482,1.0,18,5.0,4,1,3,0.0,0,40.0,37,23,18,6,0,4,23,0,33,6,1,2,182,149,9,3,2,2,36,44,11,0.0,,0.8,4.05,,4.937760249606345,1.5,8.325000000000001,0.9,5.175,7.425,1.434782608695652,5.175
2024,16580,487,1.0,4,1.0,0,1,0,0.0,0,9.0,8,9,9,1,0,0,8,0,9,2,0,6,45,35,3,3,0,0,10,8,5,0.0,110.30075187969925,0.0,9.0,140.0,4.446093582939679,1.7777777777777777,8.0,0.0,8.0,9.0,1.125,9.0
2024,16580,490,1.0,16,5.0,3,1,2,0.0,0,44.0,36,29,22,4,0,5,31,0,46,10,0,3,206,159,12,6,1,5,35,44,15,1.0,52.098812472216935,0.75,4.5,115.0,5.294578431424528,1.5227272727272727,7.363636363636364,1.0227272727272727,6.340909090909092,9.409090909090908,1.4838709677419355,5.931818181818182
2024,16580,493,1.0,30,4.0,2,4,0,0.0,0,47.666666666666664,47,42,36,15,1,3,38,0,38,9,2,3,240,185,25,11,4,4,51,49,12,0.0,,0.3333333333333333,6.7972027972027975,,5.294578431424528,1.7832167832167833,8.874125874125875,0.5664335664335665,7.174825174825176,7.174825174825176,1.0,7.93006993006993
2024,16580,500,1.0,17,4.0,2,2,0,0.0,0,34.0,45,29,27,14,3,4,14,0,24,2,0,0,159,140,6,3,1,2,28,45,7,0.0,,0.5,7.147058823529411,,4.642172014312228,1.7352941176470589,11.911764705882353,1.0588235294117647,3.705882352941176,6.352941176470589,1.7142857142857142,7.6764705882352935
2024,16580,505,1.0,20,6.0,2,4,0,0.0,0,48.666666666666664,69,49,46,16,3,9,29,1,55,10,0,11,256,212,8,3,1,4,39,48,19,0.0,,0.3333333333333333,8.506849315068493,,5.660705455085798,2.0136986301369864,12.760273972602741,1.6643835616438358,5.363013698630137,10.17123287671233,1.896551724137931,9.061643835616438
2024,16580,508,1.0,26,6.0,2,3,1,0.0,0,51.0,72,57,49,12,1,8,43,0,44,5,2,8,272,219,23,8,1,4,40,61,18,3.0,151.21925360474978,0.4,8.647058823529411,73.0,6.25001515156713,2.2549019607843137,12.705882352941178,1.4117647058823528,7.588235294117647,7.764705882352942,1.0232558139534884,10.058823529411764
2024,16580,509,1.0,11,4.0,1,2,1,0.0,0,30.0,30,15,13,6,0,2,14,0,28,5,0,3,137,114,4,3,3,1,22,37,9,0.0,,0.3333333333333333,3.9000000000000004,,4.0127602496063455,1.4666666666666666,9.0,0.6,4.2,8.4,2.0,4.5
2024,16580,513,1.0,29,7.0,5,2,3,0.0,0,59.0,55,38,37,7,2,11,30,1,50,12,0,3,273,225,15,4,2,4,54,70,19,1.0,,0.7142857142857143,5.6440677966101696,,5.977167029267362,1.4406779661016949,8.389830508474576,1.6779661016949152,4.576271186440678,7.627118644067796,1.6666666666666667,5.796610169491525
2024,16580,514,1.0,21,6.0,3,3,1,0.0,0,48.666666666666664,64,43,40,16,3,13,17,1,34,3,1,3,230,208,11,6,0,2,58,51,9,0.0,,0.5,7.397260273972603,,6.420979427688538,1.6643835616438356,11.835616438356166,2.404109589041096,3.143835616438356,6.287671232876712,2.0,7.952054794520548
2024,16580,518,1.0,14,3.0,2,2,0,0.0,0,26.333333333333332,36,23,21,6,2,5,14,0,23,3,1,2,131,111,5,0,2,1,26,26,6,0.0,,0.5,7.177215189873418,,5.770988097707612,1.89873417721519,12.30379746835443,1.708860759493671,4.784810126582279,7.860759493670886,1.6428571428571428,7.860759493670886
2024,16580,519,1.0,4,1.0,0,1,0,0.0,0,8.0,6,8,5,2,1,0,11,0,10,1,0,2,43,31,3,1,0,0,8,5,2,0.0,,0.0,5.625,,5.112760249606346,2.125,6.75,0.0,12.375,11.25,0.9090909090909091,9.0
2024,16580,521,1.0,23,5.0,3,2,0,0.0,0,43.33333333333333,38,18,18,7,0,0,21,3,42,5,2,2,188,158,13,5,1,3,33,44,9,0.0,,0.6,3.7384615384615385,,2.974298711144807,1.3615384615384616,7.892307692307694,0.0,4.361538461538462,8.723076923076924,2.0,3.7384615384615385
2024,16580,522,1.0,15,4.0,3,1,0,0.0,0,34.666666666666664,32,20,16,4,1,6,15,0,48,3,0,1,153,134,11,3,0,1,28,26,6,1.0,196.02063375092115,0.75,4.153846153846154,3.0,4.151221788067884,1.3557692307692308,8.307692307692308,1.557692307692308,3.894230769230769,12.461538461538463,3.2,5.1923076923076925
2024,16580,523,1.0,29,6.0,3,3,2,0.0,0,50.333333333333336,53,32,24,6,1,2,12,0,56,16,3,5,230,198,11,5,3,1,54,33,16,1.0,128.125,0.5,4.291390728476821,53.0,3.073025150268597,1.2913907284768211,9.47682119205298,0.35761589403973504,2.1456953642384105,10.013245033112582,4.666666666666667,5.721854304635761
2024,16580,528,1.0,26,8.0,6,1,1,0.0,0,60.666666666666664,51,24,16,9,3,3,35,0,64,11,0,2,273,223,22,8,1,3,47,60,21,1.0,,0.8571428571428571,2.3736263736263736,,3.9204525572986535,1.4175824175824177,7.565934065934066,0.4450549450549451,5.1923076923076925,9.494505494505495,1.8285714285714285,3.5604395604395607
2024,16580,529,1.0,9,3.0,3,0,0,0.0,0,24.0,14,7,7,6,0,3,12,0,35,5,0,2,104,84,2,2,2,1,12,26,11,0.0,144.18604651162792,1.0,2.625,25.0,3.946093582939679,1.0833333333333333,5.25,1.125,4.5,13.125,2.9166666666666665,2.625
2024,16580,534,1.0,13,4.0,2,2,1,0.0,0,38.0,40,17,13,6,1,1,20,0,22,6,0,1,180,150,3,0,0,4,39,48,10,0.0,,0.5,3.0789473684210527,,4.3496023548695035,1.5789473684210527,9.473684210526315,0.23684210526315788,4.7368421052631575,5.210526315789474,1.1,4.026315789473684
2024,16580,536,1.0,9,3.0,2,1,1,0.0,0,27.0,17,7,6,2,0,2,5,0,30,0,0,4,103,97,6,1,1,0,29,20,5,0.0,,0.6666666666666666,2.0,,2.409056545902642,0.8148148148148148,5.666666666666667,0.6666666666666666,1.6666666666666665,10.0,6.0,2.333333333333333
2024,16580,539,1.0,27,7.0,5,2,2,0.0,0,61.0,53,34,31,6,2,7,27,0,51,10,0,5,268,229,11,4,2,0,56,63,15,1.0,,0.7142857142857143,4.573770491803279,,4.752104511901427,1.3114754098360655,7.819672131147541,1.0327868852459017,3.983606557377049,7.524590163934427,1.8888888888888888,5.016393442622951
2024,16580,540,1.0,5,1.0,0,1,0,0.0,0,8.0,14,9,9,3,0,1,5,0,8,0,0,1,42,35,5,1,0,2,6,9,4,0.0,,0.0,10.125,,4.612760249606346,2.375,15.75,1.125,5.625,9.0,1.6,10.125
2024,16580,545,1.0,9,3.0,2,1,1,0.0,0,25.333333333333332,33,16,14,4,0,2,8,0,26,4,1,4,121,105,6,1,1,3,15,32,9,0.0,,0.6666666666666666,4.973684210526316,,3.507497091711609,1.618421052631579,11.723684210526317,0.7105263157894738,2.842105263157895,9.23684210526316,3.25,5.68421052631579
2024,16580,551,1.0,22,6.0,3,3,2,0.0,0,54.666666666666664,53,30,23,13,1,2,22,0,68,8,0,5,245,212,12,8,1,2,52,36,15,0.0,,0.5,3.786585365853659,,2.7469065910697603,1.3719512195121952,8.725609756097562,0.3292682926829269,3.6219512195121952,11.195121951219512,3.090909090909091,4.939024390243903
2024,16580,553,1.0,7,0.0,1,0,1,0.0,0,9.666666666666666,21,12,12,6,0,1,2,0,8,2,0,0,54,49,6,4,1,0,8,12,1,0.0,,1.0,11.172413793103448,,4.043794732364966,2.3793103448275863,19.551724137931036,0.9310344827586208,1.8620689655172415,7.448275862068966,4.0,11.172413793103448
2024,16580,554,1.0,7,2.0,1,1,1,0.0,0,19.0,11,6,5,2,0,0,12,0,11,1,1,5,78,64,4,0,1,0,22,20,3,0.0,,0.5,2.3684210526315788,,4.007497091711609,1.2105263157894737,5.210526315789474,0.0,5.684210526315789,5.210526315789474,0.9166666666666666,2.8421052631578947
2024,16580,559,1.0,26,8.0,6,2,3,0.0,0,70.0,76,41,35,14,4,4,19,0,54,10,0,7,309,275,17,11,3,2,82,59,18,5.0,,0.75,4.5,,3.555617392463488,1.3571428571428572,9.77142857142857,0.5142857142857142,2.4428571428571426,6.942857142857143,2.8421052631578947,5.271428571428571
2024,16580,562,1.0,4,1.0,0,1,0,0.0,0,8.0,11,10,7,2,2,0,3,0,2,1,0,1,40,34,0,0,0,2,12,9,0,1.0,,0.0,7.875,,4.112760249606346,1.75,12.375,0.0,3.375,2.25,0.6666666666666666,11.25
2024,16580,563,1.0,14,3.0,0,3,0,0.0,0,24.0,35,30,29,8,1,10,22,0,20,4,0,4,131,103,12,4,1,1,23,26,3,1.0,122.5765306122449,0.0,10.875,146.0,10.112760249606346,2.375,13.125,3.75,8.25,7.5,0.9090909090909091,11.25
2024,16580,572,1.0,22,5.0,1,4,0,0.0,0,38.0,64,51,42,16,3,8,24,0,36,6,0,4,205,172,14,7,0,3,27,45,11,0.0,,0.2,9.947368421052632,,6.3232865653958195,2.3157894736842106,15.157894736842104,1.894736842105263,5.684210526315789,8.526315789473683,1.5,12.078947368421051
2024,16580,574,1.0,23,7.0,3,4,1,1.0,0,60.0,45,28,21,7,0,8,31,2,58,9,0,7,256,208,10,8,6,2,69,40,14,0.0,285.74164715897,0.42857142857142855,3.15,-47.0,4.912760249606346,1.2666666666666666,6.75,1.2,4.65,8.7,1.8709677419354838,4.2
2024,16580,575,1.0,30,8.0,3,5,0,0.0,0,68.0,76,60,49,8,3,7,37,0,74,10,0,7,323,266,22,12,3,6,56,59,23,1.0,,0.375,6.485294117647059,,4.348054367253404,1.661764705882353,10.058823529411764,0.926470588235294,4.897058823529411,9.794117647058822,2.0,7.9411764705882355
2024,16580,576,1.0,17,3.0,0,3,0,0.0,0,40.666666666666664,51,34,32,4,2,13,27,2,23,5,0,4,200,163,13,5,1,4,37,56,7,3.0,,0.0,7.081967213114755,,8.49800615124569,1.918032786885246,11.28688524590164,2.877049180327869,5.975409836065574,5.09016393442623,0.8518518518518519,7.524590163934427
2024,16580,587,1.0,25,6.0,5,1,5,0.0,0,55.0,40,30,26,2,0,4,16,1,58,10,0,4,227,198,13,2,2,1,53,47,18,0.0,,0.8333333333333334,4.254545454545455,,3.3673057041518,1.018181818181818,6.545454545454546,0.6545454545454545,2.618181818181818,9.49090909090909,3.625,4.909090909090908
2024,16580,590,1.0,24,6.0,0,6,0,0.0,0,47.0,68,71,56,10,3,10,37,1,35,12,0,13,259,207,4,2,2,1,44,54,8,0.0,,0.0,10.72340425531915,,7.517015568755282,2.234042553191489,13.021276595744682,1.9148936170212767,7.085106382978724,6.702127659574468,0.9459459459459459,13.595744680851064
2024,16580,596,1.0,22,6.0,2,4,0,1.0,0,51.666666666666664,80,73,64,14,2,6,36,0,28,11,0,8,278,222,14,8,3,6,54,61,10,1.0,,0.3333333333333333,11.148387096774194,,6.267598959283765,2.2451612903225806,13.935483870967744,1.0451612903225806,6.270967741935484,4.87741935483871,0.7777777777777778,12.716129032258067
2024,16580,603,1.0,11,3.0,1,2,1,0.0,0,24.0,28,18,17,3,1,3,17,1,9,4,1,3,113,88,8,3,1,3,26,29,1,0.0,,0.3333333333333333,6.375,,6.612760249606346,1.875,10.5,1.125,6.375,3.375,0.5294117647058824,6.75
2024,16580,606,1.0,4,1.0,0,1,0,0.0,0,5.0,14,18,18,1,0,6,7,0,3,3,1,1,39,28,0,0,0,1,7,5,2,0.0,73.33333333333333,0.0,32.4,712.0,23.512760249606345,4.2,25.2,10.799999999999999,12.6,5.3999999999999995,0.42857142857142855,32.4
2024,16580,609,1.0,5,1.0,1,0,0,0.0,0,9.0,9,7,5,4,0,1,6,0,11,0,0,2,41,34,0,0,0,0,7,7,3,0.0,,1.0,5.0,,4.112760249606346,1.6666666666666667,9.0,1.0,6.0,11.0,1.8333333333333333,7.0
2024,16580,610,1.0,22,7.0,5,2,1,0.0,0,63.333333333333336,62,35,29,8,1,8,32,1,71,8,0,5,285,245,19,9,0,0,53,57,24,3.0,,0.7142857142857143,4.121052631578947,,4.407497091711608,1.4842105263157894,8.810526315789474,1.1368421052631579,4.5473684210526315,10.089473684210526,2.21875,4.973684210526315
2024,16580,617,1.0,13,3.0,2,1,2,0.0,0,26.333333333333336,26,25,18,6,1,1,21,1,20,16,0,5,138,98,13,6,2,1,24,28,8,0.0,,0.6666666666666666,6.151898734177215,,6.302633667327864,1.7848101265822782,8.886075949367088,0.3417721518987341,7.177215189873417,6.835443037974683,0.9523809523809523,8.544303797468354
2024,16580,625,1.0,9,3.0,0,3,0,0.0,0,18.333333333333332,33,30,26,7,2,4,17,0,13,2,0,4,103,82,7,5,1,1,15,21,4,0.0,86.33754305396096,0.0,12.763636363636364,252.0,7.640032976879073,2.7272727272727275,16.2,1.9636363636363638,8.345454545454546,6.381818181818182,0.7647058823529411,14.727272727272728
2024,16580,626,1.0,23,6.0,2,3,1,0.0,0,56.333333333333336,34,28,19,5,3,1,38,0,67,16,1,10,250,193,17,8,3,0,43,46,12,0.0,69.95475113122173,0.4,3.035502958579882,68.0,3.8405709004939195,1.2781065088757395,5.431952662721893,0.15976331360946747,6.071005917159764,10.704142011834318,1.763157894736842,4.4733727810650885
2024,16580,627,1.0,27,6.0,3,3,2,0.0,0,54.0,53,41,33,7,1,7,25,0,69,9,0,4,251,210,12,4,2,5,37,51,20,0.0,135.26392961876832,0.5,5.5,62.0,4.131278768124864,1.4444444444444444,8.833333333333334,1.1666666666666665,4.166666666666667,11.5,2.76,6.833333333333334
2024,16580,629,1.0,21,7.0,5,2,2,0.0,0,58.333333333333336,46,24,22,10,3,1,28,0,49,5,1,5,242,204,21,10,2,3,64,47,11,1.0,,0.7142857142857143,3.394285714285714,,3.3527602496063453,1.2685714285714285,7.097142857142857,0.1542857142857143,4.32,7.56,1.75,3.702857142857143
2024,16580,630,1.0,13,3.0,0,4,0,0.0,0,24.666666666666668,33,29,28,10,1,2,16,0,18,9,2,6,129,96,13,6,3,5,21,31,2,0.0,65.73604060913706,0.0,10.216216216216216,238.0,5.747895384741481,1.9864864864864864,12.04054054054054,0.7297297297297296,5.837837837837837,6.5675675675675675,1.125,10.58108108108108
2024,16580,631,1.0,21,6.0,1,2,2,0.0,0,45.666666666666664,62,43,39,16,0,9,26,0,46,4,1,6,227,193,5,2,0,4,42,45,14,0.0,69.56521739130434,0.3333333333333333,7.686131386861314,174.0,5.631008424788828,1.927007299270073,12.218978102189782,1.7737226277372264,5.124087591240877,9.065693430656935,1.7692307692307692,8.474452554744527
2024,16580,635,1.0,16,5.0,3,2,0,0.0,0,45.0,45,30,28,7,0,8,26,1,50,1,0,9,202,171,3,2,3,1,37,42,15,2.0,,0.6,5.6,,5.001649138495234,1.5777777777777777,9.0,1.6,5.199999999999999,10.0,1.9230769230769231,6.0
2024,16580,639,1.0,27,6.0,0,6,0,0.0,0,48.0,71,81,60,17,2,9,50,0,57,21,1,17,290,215,31,18,1,3,32,49,21,1.0,,0.0,11.25,,7.612760249606346,2.5208333333333335,13.3125,1.6875,9.375,10.6875,1.14,15.1875
2024,16580,646,1.0,20,6.0,6,0,2,0.0,0,40.333333333333336,33,8,6,9,0,1,14,0,47,5,0,8,172,151,6,0,0,2,28,39,15,0.0,,1.0,1.3388429752066116,,2.5177189272922957,1.165289256198347,7.363636363636363,0.22314049586776857,3.12396694214876,10.487603305785123,3.357142857142857,1.7851239669421486
2024,16580,648,1.0,34,8.0,7,1,1,0.0,0,66.0,39,21,17,8,1,5,29,0,77,11,1,1,281,239,11,2,1,1,59,57,33,0.0,,0.875,2.3181818181818183,,3.5824572193033153,1.0303030303030303,5.318181818181818,0.6818181818181819,3.9545454545454546,10.5,2.6551724137931036,2.8636363636363638
2024,16580,649,1.0,13,4.0,1,2,0,0.0,0,31.333333333333332,47,38,29,10,3,2,27,0,21,5,1,8,173,137,7,3,1,3,34,34,9,1.0,,0.3333333333333333,8.329787234042554,,5.665951738968047,2.3617021276595747,13.5,0.574468085106383,7.755319148936171,6.031914893617022,0.7777777777777778,10.914893617021278
2024,16580,651,1.0,15,5.0,2,2,0,0.0,0,36.0,24,11,8,2,1,1,16,0,37,5,0,2,146,124,0,0,1,0,38,24,7,1.0,,0.5,2.0,,3.168315805161901,1.1111111111111112,6.0,0.25,4.0,9.25,2.3125,2.75
2024,16580,654,1.0,18,4.0,0,4,0,0.0,0,35.333333333333336,40,28,27,13,0,6,19,0,19,2,0,5,166,142,10,2,2,1,45,38,7,1.0,87.97798786510512,0.0,6.877358490566037,134.0,6.027854589228987,1.669811320754717,10.18867924528302,1.5283018867924527,4.839622641509434,4.839622641509434,1.0,7.132075471698113
2024,16580,655,1.0,17,4.0,2,2,2,0.0,0,32.0,26,15,13,4,0,2,20,0,27,1,0,6,137,115,6,2,1,0,29,31,7,1.0,88.50574712643679,0.5,3.65625,71.0,4.206510249606346,1.4375,7.3125,0.5625,5.625,7.59375,1.35,4.21875
2024,16580,657,1.0,3,1.0,0,1,0,0.0,0,9.0,8,4,4,4,0,1,1,0,13,1,0,0,36,34,0,0,0,0,5,7,2,0.0,48.56230031948882,0.0,4.0,105.0,2.334982471828568,1.0,8.0,1.0,1.0,13.0,13.0,4.0
2024,16580,659,1.0,33,6.0,4,3,3,0.0,0,56.33333333333333,76,60,54,17,2,4,44,3,53,17,0,7,298,228,28,11,3,6,50,56,14,1.0,,0.5714285714285714,8.627218934911244,,5.402701078008713,2.1301775147928996,12.142011834319527,0.6390532544378699,7.029585798816569,8.467455621301776,1.2045454545454546,9.585798816568047
2024,16580,660,1.0,14,4.0,1,3,0,0.0,0,30.0,50,50,46,17,2,8,29,0,21,7,0,6,174,133,4,2,0,5,21,44,3,1.0,,0.25,13.8,,8.779426916273012,2.6333333333333333,15.0,2.4,8.7,6.3,0.7241379310344828,15.0
2024,16580,664,1.0,25,8.0,6,1,3,0.0,0,67.66666666666667,53,32,22,8,3,4,20,0,93,7,0,6,289,260,11,1,1,1,65,44,27,0.0,38.507462686567166,0.8571428571428571,2.926108374384236,82.0,2.329509018079252,1.0788177339901477,7.049261083743842,0.5320197044334976,2.6600985221674875,12.369458128078819,4.65,4.25615763546798
2024,16580,665,1.0,7,3.0,2,1,1,0.0,0,22.666666666666668,22,14,10,4,2,1,9,0,26,2,0,1,101,87,0,0,0,3,18,22,7,1.0,,0.6666666666666666,3.9705882352941178,,2.8480543672534044,1.3676470588235294,8.735294117647058,0.39705882352941174,3.5735294117647056,10.323529411764705,2.888888888888889,5.558823529411764
2024,16580,669,1.0,20,5.0,3,2,2,0.0,0,43.0,33,22,19,5,1,4,32,0,39,10,0,7,202,149,22,7,6,5,39,44,8,0.0,,0.6,3.9767441860465116,,5.438341644955183,1.5116279069767442,6.906976744186046,0.8372093023255813,6.697674418604651,8.162790697674419,1.21875,4.604651162790698
2024,16580,670,1.0,28,6.0,3,2,0,0.0,0,44.333333333333336,34,19,15,9,1,2,26,0,51,6,1,5,196,161,6,1,1,2,37,38,11,2.0,113.96103896103895,0.6,3.045112781954887,45.0,3.563888069155218,1.3533834586466165,6.902255639097744,0.40601503759398494,5.2781954887218046,10.353383458646617,1.9615384615384615,3.8571428571428568
2024,16580,671,1.0,28,6.0,3,3,2,0.0,0,54.0,39,20,16,8,0,3,28,1,70,5,0,4,231,195,5,0,1,2,47,40,25,0.0,47.14285714285714,0.5,2.6666666666666665,71.0,3.0757232125693084,1.2407407407407407,6.5,0.5,4.666666666666666,11.666666666666666,2.5,3.333333333333333
2024,16580,674,1.0,30,7.0,2,5,1,0.0,0,59.666666666666664,73,60,59,15,2,9,40,0,74,13,2,7,303,243,27,17,1,6,46,55,24,0.0,,0.2857142857142857,8.899441340782124,,5.25801164625439,1.8938547486033521,11.011173184357542,1.3575418994413408,6.033519553072626,11.162011173184359,1.85,9.050279329608939
2024,16580,676,1.0,41,9.0,3,6,1,0.0,0,78.0,96,78,63,19,4,6,53,3,78,20,1,14,402,320,15,7,5,4,62,82,23,2.0,113.45755693581778,0.3333333333333333,7.269230769230769,109.0,4.9204525572986535,1.9102564102564104,11.076923076923077,0.6923076923076923,6.115384615384616,9.0,1.471698113207547,9.0
2024,16580,678,1.0,26,6.0,3,3,0,0.0,0,55.666666666666664,55,30,26,11,0,7,24,1,41,2,0,8,246,215,17,2,3,2,47,71,8,3.0,,0.5,4.203592814371258,,4.675634501103351,1.4191616766467066,8.892215568862275,1.1317365269461077,3.8802395209580838,6.62874251497006,1.7083333333333333,4.850299401197605
2024,16580,683,1.0,16,5.0,2,3,2,0.0,0,44.333333333333336,45,38,31,15,2,3,25,0,35,9,1,9,214,171,9,7,4,5,46,48,12,0.0,,0.4,6.293233082706767,,4.714264009004841,1.5789473684210527,9.13533834586466,0.6090225563909775,5.075187969924812,7.105263157894737,1.4,7.7142857142857135
2024,16580,692,1.0,13,4.0,3,1,0,0.0,0,36.333333333333336,30,19,14,7,0,4,14,0,30,2,1,1,157,139,0,0,0,2,45,33,14,0.0,131.37931034482756,0.75,3.4678899082568804,41.0,4.213677680799006,1.2110091743119265,7.431192660550458,0.9908256880733944,3.4678899082568804,7.431192660550458,2.142857142857143,4.706422018348624
2024,16580,694,1.0,19,6.0,3,1,1,0.0,0,44.666666666666664,41,22,20,5,1,4,19,0,43,3,0,0,189,167,5,2,0,0,44,36,11,1.0,150.2222222222222,0.75,4.029850746268657,35.0,3.8291781600541066,1.3432835820895523,8.261194029850747,0.8059701492537314,3.828358208955224,8.664179104477611,2.263157894736842,4.432835820895523
2024,16580,695,1.0,24,5.0,3,3,0,0.0,0,50.0,51,45,37,7,2,5,31,0,42,7,0,7,242,196,12,7,2,6,36,68,10,2.0,,0.5,6.66,,5.0127602496063455,1.64,9.18,0.9,5.58,7.56,1.3548387096774193,8.1
2024,16580,697,1.0,18,6.0,6,0,2,0.0,0,49.0,31,3,1,4,0,0,10,1,68,7,0,2,191,174,10,0,0,0,41,35,19,1.0,,1.0,0.18367346938775508,,1.3780663720553252,0.8367346938775511,5.6938775510204085,0.0,1.836734693877551,12.489795918367347,6.8,0.5510204081632653
2024,16580,698,1.0,29,7.0,7,0,5,0.0,0,60.0,64,39,36,13,1,9,31,1,69,6,2,6,277,234,25,8,3,3,55,45,14,0.0,,1.0,5.3999999999999995,,4.612760249606346,1.5833333333333333,9.6,1.3499999999999999,4.65,10.35,2.225806451612903,5.8500000000000005
2024,16580,699,1.0,14,4.0,1,3,0,0.0,0,29.333333333333332,56,70,65,17,1,11,35,0,11,11,0,5,190,140,10,7,1,3,34,40,3,0.0,,0.25,19.943181818181817,,11.942305704151801,3.1022727272727275,17.181818181818183,3.375,10.738636363636363,3.375,0.3142857142857143,21.477272727272727
2024,16580,700,1.0,17,4.0,3,1,0,0.0,0,32.0,28,20,19,7,1,3,15,0,32,5,0,2,142,118,14,7,1,3,30,32,5,0.0,221.569809500844,0.75,5.34375,-20.0,4.206510249606346,1.34375,7.875,0.84375,4.21875,9.0,2.1333333333333333,5.625
2024,16580,702,1.0,19,6.0,2,4,1,0.0,0,49.666666666666664,60,38,36,14,1,2,14,0,37,4,1,3,220,196,15,8,4,2,56,49,11,2.0,148.1081081081081,0.3333333333333333,6.523489932885907,59.0,3.2335656187338624,1.4899328859060403,10.87248322147651,0.36241610738255037,2.5369127516778525,6.704697986577181,2.642857142857143,6.885906040268456
2024,16580,703,1.0,30,7.0,6,0,1,0.0,0,63.0,49,14,11,5,0,2,27,0,63,7,1,4,263,222,18,3,5,2,65,49,19,3.0,,1.0,1.5714285714285714,,3.144506281352377,1.2063492063492063,7.0,0.2857142857142857,3.8571428571428568,9.0,2.3333333333333335,2.0
2024,16580,706,1.0,18,6.0,3,3,0,0.0,0,46.666666666666664,51,22,22,9,0,5,12,0,44,1,0,2,199,184,12,6,2,0,41,49,13,0.0,85.83211143695014,0.5,4.242857142857143,84.0,3.4556173924634885,1.35,9.835714285714287,0.9642857142857144,2.3142857142857145,8.485714285714286,3.6666666666666665,4.242857142857143
2024,16580,709,1.0,24,6.0,2,4,2,0.0,0,47.0,44,30,25,9,0,4,28,0,40,10,0,5,218,172,19,7,6,2,50,40,10,1.0,,0.3333333333333333,4.787234042553191,,4.942547483648899,1.5319148936170213,8.425531914893618,0.7659574468085106,5.361702127659575,7.659574468085107,1.4285714285714286,5.74468085106383
2024,16580,711,1.0,16,3.0,0,3,0,0.0,0,24.0,34,28,25,5,0,2,17,0,18,7,2,1,130,103,13,8,1,2,26,23,7,0.0,,0.0,9.375,,5.696093582939679,2.125,12.75,0.75,6.375,6.75,1.0588235294117647,10.5
2024,16580,716,1.0,21,7.0,6,1,0,0.0,0,55.0,54,35,25,9,1,6,19,0,53,3,0,3,238,212,11,6,2,2,58,45,15,0.0,107.67676767676768,0.8571428571428571,4.090909090909091,65.0,3.8036693405154365,1.3272727272727274,8.836363636363636,0.9818181818181818,3.1090909090909093,8.672727272727272,2.789473684210526,5.7272727272727275
2024,16580,718,1.0,31,5.0,3,4,2,0.0,0,53.666666666666664,57,39,36,13,1,1,24,0,51,16,0,5,258,211,29,8,5,2,52,51,19,0.0,,0.42857142857142855,6.037267080745342,,3.6904000011591407,1.5093167701863355,9.559006211180126,0.16770186335403728,4.024844720496895,8.5527950310559,2.125,6.540372670807454
2024,16580,721,1.0,16,4.0,3,1,0,0.0,0,35.666666666666664,31,15,12,8,0,2,13,0,29,4,0,2,150,130,11,6,2,1,50,20,5,2.0,,0.75,3.0280373831775704,,3.6454705299801775,1.2336448598130842,7.822429906542057,0.5046728971962617,3.280373831775701,7.3177570093457955,2.230769230769231,3.785046728971963
2024,16580,725,1.0,16,4.0,3,1,0,0.0,0,43.0,45,23,22,6,0,6,22,1,29,4,0,7,190,162,7,4,0,2,47,41,6,2.0,,0.75,4.604651162790698,,5.391830017048206,1.558139534883721,9.418604651162791,1.255813953488372,4.604651162790698,6.069767441860465,1.3181818181818181,4.813953488372093
2024,16580,726,1.0,14,4.0,0,3,0,0.0,0,24.333333333333332,22,17,17,3,0,1,21,0,21,4,0,1,115,84,9,1,3,3,22,23,8,0.0,54.26695842450766,0.0,6.287671232876712,159.0,5.003171208510455,1.767123287671233,8.136986301369863,0.36986301369863017,7.767123287671233,7.767123287671233,1.0,6.287671232876712
2024,16580,732,1.0,15,4.0,3,0,1,0.0,0,39.333333333333336,28,16,15,6,1,3,13,1,34,3,0,1,159,137,5,2,3,3,46,32,13,1.0,,1.0,3.432203389830508,,3.5958110970639727,1.042372881355932,6.406779661016949,0.6864406779661016,2.9745762711864407,7.779661016949152,2.6153846153846154,3.661016949152542
2024,16580,735,1.0,19,6.0,2,4,1,0.0,0,45.0,69,55,41,14,3,7,19,0,42,6,0,7,233,205,8,5,1,2,46,46,18,0.0,,0.3333333333333333,8.2,,4.934982471828568,1.9555555555555555,13.8,1.4,3.8,8.4,2.210526315789474,11.0
2024,16580,736,1.0,22,7.0,4,2,2,0.0,0,52.333333333333336,45,28,28,16,0,2,31,0,70,1,0,4,229,193,6,6,3,1,36,44,24,0.0,,0.6666666666666666,4.8152866242038215,,2.7688112050203584,1.4522292993630572,7.738853503184712,0.34394904458598724,5.3312101910828025,12.038216560509554,2.2580645161290325,4.8152866242038215
2024,16580,739,1.0,23,5.0,1,4,1,0.0,0,39.0,44,33,32,11,2,5,25,0,44,7,0,2,189,156,21,10,1,0,25,42,23,0.0,,0.2,7.384615384615384,,4.984555121401217,1.7692307692307692,10.153846153846153,1.1538461538461537,5.76923076923077,10.153846153846153,1.76,7.615384615384615
2024,16580,740,1.0,30,7.0,4,3,1,0.0,0,57.333333333333336,72,43,31,8,1,6,31,1,42,9,0,3,285,242,19,7,1,2,50,72,17,0.0,187.05035971223023,0.5714285714285714,4.866279069767441,11.0,5.101132342629601,1.7965116279069766,11.30232558139535,0.941860465116279,4.866279069767441,6.593023255813954,1.3548387096774193,6.75
2024,16580,741,1.0,23,6.0,2,4,1,1.0,0,50.0,67,52,47,10,3,6,19,0,41,17,0,6,252,211,25,13,1,4,47,56,11,1.0,68.20269323577489,0.3333333333333333,8.459999999999999,193.0,5.192760249606346,1.72,12.06,1.08,3.42,7.38,2.1578947368421053,9.36
2024,16580,742,1.0,31,9.0,7,2,0,0.0,0,68.66666666666667,55,31,29,8,0,5,26,1,73,4,1,6,289,250,16,10,3,6,60,66,30,0.0,116.36484245439469,0.7777777777777778,3.8009708737864076,55.0,3.2438282107713943,1.1796116504854368,7.20873786407767,0.6553398058252426,3.407766990291262,9.567961165048544,2.8076923076923075,4.063106796116505
2024,16580,746,1.0,35,7.0,7,0,4,0.0,0,64.0,69,37,33,13,2,6,31,0,68,7,0,3,298,257,18,4,1,1,64,53,18,1.0,127.15619849844349,1.0,4.640625,59.0,3.9877602496063456,1.5625,9.703125,0.84375,4.359375,9.5625,2.193548387096774,5.203125
2024,16580,748,1.0,28,6.0,0,6,0,0.0,0,45.0,71,78,64,13,3,9,54,1,32,8,3,7,269,202,28,16,0,5,37,58,8,1.0,,0.0,12.8,,8.423871360717456,2.7777777777777777,14.2,1.8,10.799999999999999,6.4,0.5925925925925926,15.600000000000001
2024,16580,749,1.0,25,6.0,6,1,1,0.0,0,56.0,34,22,20,3,0,7,20,0,75,14,0,8,234,197,13,2,1,2,55,31,23,0.0,192.00968523002422,0.8571428571428571,3.2142857142857144,4.0,3.8806173924634884,0.9642857142857143,5.4642857142857135,1.125,3.2142857142857144,12.053571428571427,3.75,3.5357142857142856
2024,16580,754,1.0,20,6.0,4,1,1,0.0,0,52.0,57,30,28,10,0,6,22,0,32,5,0,7,229,197,8,5,2,3,59,52,12,1.0,,0.8,4.846153846153846,,4.939683326529423,1.5192307692307692,9.865384615384617,1.0384615384615385,3.8076923076923075,5.538461538461538,1.4545454545454546,5.192307692307692
2024,16580,756,1.0,16,5.0,2,2,0,0.0,0,50.0,37,22,21,8,0,3,20,1,36,6,1,4,204,176,13,4,2,0,55,48,3,2.0,,0.5,3.78,,4.0127602496063455,1.14,6.66,0.54,3.6,6.4799999999999995,1.8,3.96
2024,16580,768,1.0,24,8.0,4,4,0,0.0,0,62.66666666666667,60,36,34,14,1,8,31,0,59,10,2,7,283,239,14,8,1,2,59,63,19,2.0,,0.5,4.882978723404255,,4.852121951734005,1.4521276595744679,8.617021276595745,1.1489361702127658,4.452127659574468,8.47340425531915,1.903225806451613,5.170212765957446
2024,16580,769,1.0,22,4.0,1,2,0,0.0,0,38.0,52,41,31,15,5,4,16,0,28,4,1,5,187,158,17,10,3,6,47,36,7,1.0,81.44806847096923,0.3333333333333333,7.342105263157895,151.0,4.586444460132661,1.7894736842105263,12.31578947368421,0.9473684210526315,3.789473684210526,6.63157894736842,1.75,9.710526315789474
2024,16580,771,1.0,15,3.0,1,1,1,0.0,0,25.0,37,28,25,14,0,8,16,3,16,4,0,2,129,106,10,6,1,2,20,35,2,1.0,116.46098003629763,0.5,9.0,130.0,8.392760249606345,2.12,13.32,2.88,5.76,5.76,1.0,10.080000000000002
2024,16580,772,1.0,21,6.0,5,2,1,0.0,0,52.0,47,22,19,8,0,1,18,0,62,4,0,8,223,194,12,3,6,1,44,45,13,1.0,84.96503496503496,0.7142857142857143,3.2884615384615383,66.0,2.24737563422173,1.25,8.134615384615385,0.17307692307692307,3.1153846153846154,10.73076923076923,3.4444444444444446,3.8076923076923075
2024,16580,774,1.0,15,4.0,2,2,0,0.0,0,35.0,41,36,24,9,0,4,28,3,29,10,1,1,187,144,18,8,4,1,33,35,6,1.0,,0.5,6.171428571428572,,6.198474535320631,1.9714285714285715,10.542857142857143,1.0285714285714285,7.2,7.457142857142857,1.0357142857142858,9.257142857142856
2024,16580,782,1.0,11,4.0,2,0,2,0.0,0,31.333333333333336,31,18,16,5,0,2,14,0,31,3,1,1,142,123,6,1,2,0,27,33,5,0.0,,1.0,4.595744680851063,,3.5914836538616646,1.4361702127659572,8.904255319148936,0.5744680851063829,4.0212765957446805,8.904255319148936,2.2142857142857144,5.170212765957446
2024,16580,786,1.0,26,7.0,6,1,3,0.0,0,64.0,39,26,22,6,2,1,34,0,85,9,0,4,273,228,4,3,1,1,47,52,19,1.0,113.90374331550801,0.8571428571428571,3.09375,46.0,2.6752602496063456,1.140625,5.484375,0.140625,4.78125,11.953125,2.5,3.65625
2024,16580,792,1.0,26,8.0,2,6,1,0.0,0,65.33333333333333,63,41,33,8,0,7,26,0,70,14,0,6,294,246,16,9,4,4,55,59,25,0.0,59.82142857142857,0.25,4.545918367346939,111.0,4.199494943483897,1.3622448979591837,8.678571428571429,0.9642857142857144,3.581632653061225,9.642857142857142,2.6923076923076925,5.64795918367347
2024,16580,797,1.0,12,5.0,0,5,0,0.0,0,35.0,32,21,15,8,2,4,17,0,35,8,0,5,162,135,6,2,1,1,28,37,14,0.0,,0.0,3.8571428571428568,,4.741331678177774,1.4,8.228571428571428,1.0285714285714285,4.371428571428571,9.0,2.0588235294117645,5.3999999999999995
2024,16580,810,1.0,31,7.0,2,5,1,0.0,0,57.666666666666664,80,60,53,25,4,9,33,1,37,10,3,5,288,236,18,7,3,6,59,65,11,0.0,,0.2857142857142857,8.271676300578035,,6.095419209143918,1.9595375722543353,12.485549132947977,1.4046242774566475,5.1502890173410405,5.77456647398844,1.121212121212121,9.364161849710984
2024,16580,812,1.0,17,4.0,3,1,0,0.0,0,35.0,40,24,21,8,1,2,20,0,30,12,1,3,173,137,14,6,2,2,37,32,9,0.0,,0.75,5.3999999999999995,,4.8841888210349165,1.7142857142857142,10.285714285714285,0.5142857142857142,5.142857142857142,7.7142857142857135,1.5,6.171428571428572
2024,16580,813,1.0,8,3.0,0,3,0,0.0,0,22.666666666666668,23,19,16,7,0,2,15,1,24,7,0,5,112,90,4,4,0,0,23,18,5,1.0,,0.0,6.352941176470588,,5.053936720194581,1.676470588235294,9.132352941176471,0.7941176470588235,5.955882352941177,9.529411764705882,1.6,7.5441176470588225
2024,16580,817,1.0,27,5.0,0,4,0,0.0,0,46.666666666666664,54,53,47,14,0,10,49,0,28,10,2,8,244,181,16,9,1,3,47,51,13,1.0,,0.0,9.064285714285713,,8.491331678177774,2.2071428571428573,10.414285714285715,1.9285714285714288,9.450000000000001,5.3999999999999995,0.5714285714285714,10.221428571428572
2024,16580,1004,1.0,28,8.0,4,4,2,0.0,0,71.66666666666666,80,53,48,12,0,11,41,0,74,17,0,6,348,284,19,10,3,3,60,71,17,1.0,262.8963153384747,0.5,6.027906976744187,-66.0,5.470899784490067,1.688372093023256,10.046511627906979,1.3813953488372095,5.148837209302326,9.293023255813956,1.8048780487804879,6.655813953488373
2024,16580,1014,1.0,15,6.0,6,0,2,0.0,0,51.333333333333336,39,11,9,5,0,3,9,0,44,0,1,0,199,189,0,0,1,0,56,47,10,0.0,,1.0,1.577922077922078,,2.684188821034917,0.935064935064935,6.837662337662337,0.525974025974026,1.577922077922078,7.7142857142857135,4.888888888888889,1.9285714285714284
2024,16580,1045,1.0,25,7.0,7,0,0,0.0,0,62.333333333333336,55,30,29,10,2,8,21,0,86,11,1,6,263,224,19,5,4,3,57,32,21,2.0,,1.0,4.187165775401069,,3.5619581105689124,1.2192513368983957,7.9411764705882355,1.1550802139037433,3.0320855614973263,12.41711229946524,4.095238095238095,4.331550802139037
2024,16580,1068,1.0,18,4.0,2,2,1,0.0,0,36.0,38,28,19,4,0,2,22,1,35,11,0,3,181,146,7,0,1,1,30,39,4,2.0,142.91079812206573,0.5,4.75,47.0,4.640538027384123,1.6666666666666667,9.5,0.5,5.5,8.75,1.5909090909090908,7.0
2024,16580,1104,1.0,19,4.0,4,3,3,0.0,0,50.333333333333336,50,31,28,8,3,4,18,0,62,6,0,8,223,191,11,7,4,4,40,45,20,1.0,138.65546218487395,0.5714285714285714,5.006622516556291,53.0,3.1127602496063456,1.3509933774834437,8.940397350993377,0.7152317880794701,3.218543046357616,11.086092715231787,3.4444444444444446,5.543046357615894
2024,16580,1157,1.0,17,4.0,2,2,1,0.0,0,37.333333333333336,41,31,27,8,0,4,21,1,36,7,0,6,187,154,10,4,1,4,29,45,10,0.0,97.84824462061155,0.5,6.508928571428571,115.0,4.8270459638920595,1.6607142857142856,9.88392857142857,0.9642857142857142,5.0625,8.678571428571427,1.7142857142857142,7.473214285714285
2024,16580,1356,1.0,8,2.0,1,1,0,0.0,0,15.0,18,14,14,4,1,2,9,0,13,5,0,2,78,64,3,1,0,0,14,18,2,0.0,,0.5,8.4,,5.912760249606345,1.8,10.799999999999999,1.2,5.3999999999999995,7.800000000000001,1.4444444444444444,8.4
2024,16580,1395,1.0,9,2.0,1,1,0,0.0,0,21.333333333333336,18,8,7,4,0,2,13,1,14,3,0,0,95,78,7,0,1,0,21,26,4,0.0,240.2961562696912,0.5,2.9531249999999996,-21.0,5.269010249606345,1.4531249999999998,7.593749999999999,0.8437499999999999,5.484374999999999,5.906249999999999,1.0769230769230769,3.3749999999999996
2024,16580,2678,1.0,1,1.0,0,1,0,0.0,0,5.333333333333333,6,4,4,0,1,1,1,0,5,0,0,0,23,21,0,0,0,1,5,6,2,0.0,190.76923076923075,0.0,6.75,11.0,4.237760249606346,1.3125,10.125,1.6875,1.6875,8.4375,5.0,6.75
2024,16580,2711,1.0,12,3.0,0,2,0,0.0,0,19.333333333333332,27,26,22,9,0,1,21,1,18,4,1,3,107,82,13,9,0,0,15,17,4,4.0,76.47058823529412,0.0,10.241379310344827,219.0,5.802415422020139,2.4827586206896552,12.568965517241379,0.4655172413793104,9.775862068965518,8.379310344827587,0.8571428571428571,12.10344827586207
2024,16580,2743,1.0,20,7.0,6,1,0,1.0,1,54.0,49,30,26,6,2,8,31,0,52,3,0,2,239,202,10,3,2,1,56,47,10,1.0,154.4600938967136,0.8571428571428571,4.333333333333333,34.0,5.001649138495234,1.4814814814814814,8.166666666666668,1.3333333333333333,5.166666666666667,8.666666666666666,1.6774193548387097,5.0
2024,16580,2915,1.0,15,4.0,3,1,1,0.0,0,34.33333333333333,32,18,16,7,0,3,11,0,44,4,0,3,151,133,3,3,2,1,29,28,12,1.0,,0.75,4.194174757281554,,2.9962553952374136,1.2524271844660195,8.388349514563108,0.7864077669902914,2.883495145631068,11.533980582524272,4.0,4.718446601941748
2024,16580,10411,1.0,18,5.0,4,2,1,0.0,0,52.666666666666664,44,24,20,5,1,6,15,0,62,5,0,3,221,198,8,1,2,1,47,46,18,0.0,,0.6666666666666666,3.417721518987342,,3.3785830344164722,1.120253164556962,7.518987341772152,1.0253164556962027,2.5632911392405067,10.59493670886076,4.133333333333334,4.101265822784811
2024,16580,14927,1.0,20,7.0,4,2,2,0.0,0,56.0,60,45,36,16,1,6,31,0,54,10,0,2,270,225,13,7,2,2,55,49,21,0.0,124.07002188183807,0.6666666666666666,5.7857142857142865,76.0,4.773474535320632,1.625,9.642857142857142,0.9642857142857142,4.982142857142858,8.678571428571429,1.7419354838709677,7.232142857142858
2024,16580,19651,1.0,3,1.0,1,0,0,0.0,0,9.0,9,3,3,1,0,1,4,0,5,2,0,1,39,33,1,0,0,0,14,5,1,0.0,117.03703703703705,1.0,3.0,43.0,5.446093582939679,1.4444444444444444,9.0,1.0,4.0,5.0,1.25,3.0
2024,16580,26172,1.0,25,5.0,0,5,0,0.0,0,47.666666666666664,62,58,52,10,1,14,34,0,43,6,0,13,247,200,14,9,2,5,48,47,16,0.0,79.72065538544186,0.0,9.81818181818182,205.0,7.644228781074878,2.013986013986014,11.706293706293707,2.6433566433566433,6.41958041958042,8.11888111888112,1.2647058823529411,10.951048951048952
2024,16580,28600,1.0,10,3.0,1,2,0,0.0,0,27.0,32,25,22,5,0,4,17,0,27,5,1,7,134,110,7,4,0,2,29,20,5,1.0,,0.3333333333333333,7.333333333333333,,5.483130619976716,1.8148148148148149,10.666666666666666,1.3333333333333333,5.666666666666667,9.0,1.588235294117647,8.333333333333334
2024,16580,28755,1.0,30,7.0,2,5,0,0.0,0,60.666666666666664,63,44,41,14,0,9,35,0,53,6,0,7,281,235,29,12,1,4,43,77,19,0.0,56.51214128035319,0.2857142857142857,6.082417582417583,151.0,5.321551458397554,1.6153846153846154,9.346153846153847,1.335164835164835,5.1923076923076925,7.862637362637363,1.5142857142857142,6.527472527472527
2024,16580,30024,1.0,28,8.0,3,4,1,0.0,0,63.0,67,57,44,18,2,14,33,1,41,9,0,11,292,244,11,2,3,3,66,67,11,2.0,,0.42857142857142855,6.285714285714286,,6.700061836907933,1.5873015873015872,9.571428571428571,2.0,4.714285714285714,5.857142857142858,1.2424242424242424,8.142857142857142
2024,16580,30135,1.0,8,2.0,1,0,1,0.0,0,16.333333333333332,17,11,6,0,1,1,7,0,20,4,0,2,78,67,1,0,0,0,10,18,5,0.0,104.17899269799665,1.0,3.306122448979592,55.0,3.4801071883818557,1.469387755102041,9.36734693877551,0.5510204081632654,3.8571428571428577,11.020408163265307,2.857142857142857,6.061224489795919
2024,16580,349,2.0,9,4.0,1,3,0,0.0,0,31.0,30,16,13,5,0,1,18,0,28,6,5,6,143,115,0,0,1,3,23,36,7,1.0,,0.25,3.774193548387097,,3.5821184863523574,1.5483870967741935,8.70967741935484,0.29032258064516125,5.225806451612904,8.129032258064516,1.5555555555555556,4.64516129032258
2024,16580,661,2.0,22,3.0,1,2,2,0.0,0,31.0,34,23,18,7,0,3,17,0,27,5,1,4,151,127,16,5,2,0,26,33,6,0.0,98.61544037694817,0.3333333333333333,5.225806451612904,102.0,4.291795905707196,1.6451612903225807,9.870967741935484,0.8709677419354839,4.935483870967742,7.838709677419355,1.588235294117647,6.67741935483871
2024,16580,682,2.0,11,3.0,1,2,1,0.0,0,25.0,28,26,20,4,2,2,23,0,16,5,1,4,131,101,10,4,1,1,25,31,4,0.0,,0.3333333333333333,7.2,,5.766634615384616,2.04,10.080000000000002,0.72,8.280000000000001,5.76,0.6956521739130435,9.36
2024,16580,30136,2.0,16,6.0,1,5,0,0.0,0,51.666666666666664,47,32,29,8,4,6,19,0,44,11,0,4,226,186,10,3,8,2,55,44,15,2.0,126.00969305331179,0.16666666666666666,5.051612903225807,72.0,4.195021712158809,1.2774193548387098,8.187096774193549,1.0451612903225806,3.3096774193548386,7.6645161290322585,2.3157894736842106,5.574193548387097
2024,16580,21,3.0,25,7.0,4,3,1,0.0,0,54.0,62,40,32,7,0,3,33,0,64,12,5,7,273,223,0,0,3,2,43,51,16,0.0,,0.5714285714285714,5.333333333333333,,3.647663370176459,1.7592592592592593,10.333333333333334,0.5,5.5,10.666666666666666,1.9393939393939394,6.666666666666666
2024,16580,300,3.0,2,1.0,1,0,1,0.0,0,8.666666666666668,7,0,0,1,0,0,1,0,6,0,0,0,33,32,0,0,0,0,11,7,1,0.0,,1.0,0.0,,1.7573499798630685,0.9230769230769229,7.269230769230768,0.0,1.0384615384615383,6.23076923076923,6.0,0.0
2024,16580,1203,3.0,1,0.0,0,0,0,0.0,0,1.0,0,0,0,0,0,0,0,0,0,1,0,0,4,3,0,0,0,0,0,3,0,0.0,,,0.0,,5.795811518324607,0.0,0.0,0.0,0.0,0.0,,0.0
