season,season_id,school_id,division,G,AB,R,H,2B,3B,HR,RBI,SB,CS,BB,K,IBB,TB,GDP,HBP,SH,SF,DP,Picked,OPP DP,PA,BA,OBP,SLG,OPS,BAbip,RS%,HR%,K%,BB%,K-BB%,BB/K
2015,12080,2,1.0,1705,1854,219,451,60,10,14,191,52,19,140,471,5,0,0.0,45,56,14,38.0,0,0.0,2064,0.24325782092772383,0.3081395348837209,0.35436893203883496,0.6625084669225558,0.31597975415762836,0.3295819935691318,0.006782945736434108,0.22819767441860464,0.06782945736434108,0.16036821705426357,0.29723991507430997
2015,12080,5,1.0,1508,1956,277,535,80,10,13,237,73,17,195,375,9,0,0.0,50,56,17,42.0,0,0.0,2224,0.27351738241308793,0.35071942446043164,0.39723926380368096,0.7479586882641126,0.32933753943217664,0.34419817470664926,0.005845323741007194,0.16861510791366907,0.08767985611510791,0.08093525179856116,0.52
2015,12080,6,1.0,1938,1709,324,508,110,11,40,295,43,16,193,375,3,0,0.0,44,37,16,36.0,0,0.0,1955,0.2972498537156232,0.38107416879795397,0.5389116442363956,0.9199858130343496,0.35725190839694654,0.40283687943262414,0.020460358056265986,0.1918158567774936,0.09872122762148337,0.09309462915601023,0.5146666666666667
2015,12080,7,1.0,1750,1679,390,507,88,15,38,354,55,19,231,349,2,0,0.0,100,36,29,51.0,0,0.0,1975,0.3019654556283502,0.42430379746835445,0.5241215008933889,0.9484252983617434,0.3550340651021953,0.44,0.019240506329113925,0.17670886075949366,0.11696202531645569,0.059746835443037966,0.66189111747851
2015,12080,8,1.0,1980,2089,315,575,105,20,27,285,61,20,192,485,9,0,0.0,52,30,21,36.0,0,0.0,2332,0.2752513164193394,0.35120068610634647,0.4561991383437051,0.8073998244500515,0.3429286608260325,0.36363636363636365,0.011578044596912522,0.20797598627787306,0.0823327615780446,0.12564322469982847,0.3958762886597938
2015,12080,9,1.0,1798,1880,278,471,76,13,32,248,55,10,193,405,5,0,0.0,49,41,18,35.0,0,0.0,2132,0.25053191489361704,0.3344277673545966,0.42021276595744683,0.7546405333120434,0.3004791238877481,0.36123348017621143,0.0150093808630394,0.1899624765478424,0.09052532833020638,0.09943714821763602,0.4765432098765432
2015,12080,14,1.0,1344,1324,179,335,61,11,6,161,44,19,154,286,3,0,0.0,41,18,20,26.0,0,0.0,1516,0.25302114803625375,0.3496042216358839,0.38821752265861026,0.7378217442944941,0.3127376425855513,0.3301526717557252,0.00395778364116095,0.18865435356200527,0.10158311345646438,0.08707124010554089,0.5384615384615384
2015,12080,27,1.0,1855,1814,254,473,86,10,40,222,28,15,187,407,5,0,0.0,42,29,13,48.0,0,0.0,2043,0.2607497243660419,0.3436123348017621,0.46030871003307605,0.8039210448348382,0.31376811594202897,0.32326283987915405,0.01957905041605482,0.19921683798335782,0.09153206069505629,0.10768477728830153,0.4594594594594595
2015,12080,28,1.0,1768,2068,321,610,114,16,35,294,49,36,190,390,13,0,0.0,40,32,34,39.0,0,0.0,2324,0.29497098646034814,0.3614457831325301,0.4961315280464217,0.8575773111789518,0.3428741800834824,0.3552795031055901,0.015060240963855422,0.16781411359724613,0.08175559380378658,0.08605851979345955,0.48717948717948717
2015,12080,29,1.0,1760,1889,343,563,104,20,31,285,71,34,224,336,8,0,0.0,30,50,27,38.0,0,0.0,2190,0.2980412916887242,0.3730593607305936,0.505558496559026,0.8786178572896195,0.3434473854099419,0.3969465648854962,0.014155251141552512,0.15342465753424658,0.10228310502283106,0.05114155251141553,0.6666666666666666
2015,12080,30,1.0,1938,1955,326,529,116,8,28,287,53,19,243,382,10,0,0.0,94,77,22,39.0,0,0.0,2297,0.27058823529411763,0.37701349586417066,0.4588235294117647,0.8358370252759353,0.31971920867900444,0.3556085918854415,0.012189812799303439,0.16630387461906834,0.10579016107966914,0.0605137135393992,0.6361256544502618
2015,12080,31,1.0,2015,2142,383,621,107,18,53,343,55,23,263,413,9,0,0.0,57,29,31,64.0,0,0.0,2465,0.28991596638655465,0.3817444219066937,0.5140056022408963,0.89575002414759,0.3327475102519039,0.3716216216216216,0.02150101419878296,0.16754563894523328,0.10669371196754564,0.06085192697768764,0.6368038740920097
2015,12080,32,1.0,1372,1575,186,404,66,4,10,166,38,13,150,333,6,0,0.0,49,30,15,44.0,0,0.0,1770,0.2565079365079365,0.34067796610169493,0.37333333333333335,0.7140112994350283,0.31595829991980756,0.29679595278246207,0.005649717514124294,0.188135593220339,0.0847457627118644,0.10338983050847458,0.45045045045045046
2015,12080,37,1.0,1984,2029,301,553,109,18,18,271,62,38,232,412,11,0,0.0,57,45,25,51.0,0,0.0,2331,0.2725480532281912,0.3612183612183612,0.44208969935929027,0.8033080605776515,0.3294334975369458,0.3434466019417476,0.007722007722007722,0.17674817674817675,0.09952809952809953,0.07722007722007722,0.5631067961165048
2015,12080,43,1.0,1683,1801,364,547,114,11,57,318,83,31,239,401,2,0,0.0,60,44,16,33.0,0,0.0,2100,0.3037201554691838,0.40285714285714286,0.575235980011105,0.9780931228682479,0.36055923473142015,0.38910012674271227,0.027142857142857142,0.19095238095238096,0.1138095238095238,0.07714285714285715,0.5960099750623441
2015,12080,47,1.0,1972,2010,345,566,97,18,39,316,52,24,200,387,5,0,0.0,45,26,27,39.0,0,0.0,2263,0.281592039800995,0.3583738400353513,0.48258706467661694,0.8409609047119682,0.3271260086902545,0.3963730569948187,0.01723376049491825,0.17101193106495802,0.08837825894829872,0.0826336721166593,0.5167958656330749
2015,12080,48,1.0,1961,1850,251,516,74,7,13,215,45,18,187,325,5,0,0.0,48,59,23,44.0,0,0.0,2119,0.2789189189189189,0.3544124587069372,0.39837837837837836,0.7527908370853156,0.3276872964169381,0.3224932249322493,0.006134969325153374,0.15337423312883436,0.0882491741387447,0.06512505899008966,0.5753846153846154
2015,12080,51,1.0,1925,1826,226,466,83,11,17,204,64,32,175,399,5,0,0.0,28,27,22,37.0,0,0.0,2050,0.2552026286966046,0.32634146341463416,0.4014238773274918,0.727765340742126,0.31354748603351956,0.3205521472392638,0.008292682926829269,0.19463414634146342,0.08536585365853659,0.10926829268292683,0.43859649122807015
2015,12080,52,2.0,2028,1533,254,443,98,9,29,226,63,21,156,255,7,0,0.0,35,54,16,30.0,0,0.0,1759,0.28897586431833006,0.3604320636725412,0.5101108936725375,0.8705429573450787,0.32727272727272727,0.371900826446281,0.01648664013644116,0.144968732234224,0.08868675383740762,0.05628197839681637,0.611764705882353
2015,12080,61,1.0,2065,1945,270,505,88,10,11,227,43,21,182,377,2,0,0.0,71,42,31,49.0,0,0.0,2200,0.2596401028277635,0.34454545454545454,0.38817480719794345,0.732720261743398,0.3110831234256927,0.3467202141900937,0.005,0.17136363636363636,0.08272727272727273,0.08863636363636362,0.4827586206896552
2015,12080,62,1.0,1312,1352,206,360,73,15,18,185,39,12,161,246,2,0,0.0,41,25,9,26.0,0,0.0,1547,0.26627218934911245,0.3632837750484809,0.46079881656804733,0.8240825916165282,0.31175934366453967,0.34558823529411764,0.011635423400129283,0.15901745313510018,0.10407239819004525,0.05494505494505493,0.6544715447154471
2015,12080,67,1.0,1782,1833,273,491,96,10,27,254,63,25,231,376,12,0,0.0,25,29,15,52.0,0,0.0,2108,0.26786688488816146,0.3543643263757116,0.44789961811238405,0.8022639444880957,0.32110726643598614,0.3416666666666667,0.012808349146110056,0.17836812144212524,0.10958254269449716,0.06878557874762808,0.6143617021276596
2015,12080,71,1.0,1728,1795,307,493,75,8,26,261,85,27,175,314,3,0,0.0,38,59,22,46.0,0,0.0,2051,0.27465181058495824,0.3442223305704534,0.42952646239554315,0.7737487929659965,0.3161814488828707,0.41323529411764703,0.012676743052169674,0.15309605070697221,0.08532423208191127,0.06777181862506095,0.5573248407643312
2015,12080,77,1.0,1643,1881,312,559,105,9,29,282,32,17,173,349,12,0,0.0,43,41,22,55.0,0,0.0,2117,0.29718234981392877,0.3660840812470477,0.48484848484848486,0.8509325660955326,0.3475409836065574,0.37935656836461124,0.0136986301369863,0.1648559282002834,0.08171941426547001,0.0831365139348134,0.49570200573065903
2015,12080,80,1.0,1092,1284,185,347,79,7,25,168,22,16,132,257,2,0,0.0,28,11,10,31.0,0,0.0,1437,0.2702492211838006,0.35281837160751567,0.48753894080996885,0.8403573124174846,0.3181818181818182,0.33195020746887965,0.017397355601948505,0.17884481558803061,0.0918580375782881,0.08698677800974251,0.5136186770428015
2015,12080,81,1.0,1836,1834,371,544,121,25,44,322,65,21,211,331,7,0,0.0,60,19,22,34.0,0,0.0,2086,0.2966194111232279,0.39069990412272293,0.5654307524536533,0.9561306565763762,0.337609723160027,0.42412451361867703,0.02109300095877277,0.15867689357622244,0.10115052732502397,0.057526366251198474,0.6374622356495468
2015,12080,83,1.0,1564,1507,224,400,77,9,14,192,30,14,163,273,10,0,0.0,42,14,17,34.0,0,0.0,1701,0.26542800265428,0.3556731334509112,0.42269409422694093,0.7783672276778522,0.3120452708164915,0.3553299492385787,0.00823045267489712,0.16049382716049382,0.09582598471487361,0.06466784244562021,0.5970695970695971
2015,12080,90,1.0,1782,1889,300,527,81,24,28,271,30,19,182,360,12,0,0.0,35,37,22,30.0,0,0.0,2130,0.27898358920063526,0.3492957746478873,0.4621492853361567,0.8114450599840439,0.32764281024294156,0.37988826815642457,0.013145539906103286,0.16901408450704225,0.08544600938967137,0.08356807511737088,0.5055555555555555
2015,12080,94,1.0,1680,1919,331,538,74,18,15,274,46,16,203,353,4,0,0.0,59,48,29,38.0,0,0.0,2199,0.2803543512245961,0.36380172805820826,0.41688379364252215,0.7806855217007305,0.3310126582278481,0.40254777070063696,0.0068212824010914054,0.1605275125056844,0.09231468849477036,0.06821282401091404,0.5750708215297451
2015,12080,96,1.0,1888,1990,298,546,93,15,34,264,42,27,194,429,11,0,0.0,53,67,17,51.0,0,0.0,2268,0.2743718592964824,0.349647266313933,0.45879396984924625,0.8084412361631792,0.3316062176165803,0.34782608695652173,0.014991181657848324,0.18915343915343916,0.0855379188712522,0.10361552028218696,0.4522144522144522
2015,12080,97,1.0,1984,2144,317,563,96,18,19,279,69,22,255,492,8,0,0.0,95,69,25,46.0,0,0.0,2493,0.26259328358208955,0.36622543120738066,0.41277985074626866,0.7790052819536493,0.3281061519903498,0.3333333333333333,0.00762133975130365,0.197352587244284,0.1022864019253911,0.09506618531889291,0.5182926829268293
2015,12080,99,1.0,1890,1785,217,430,79,13,18,183,56,27,157,385,5,0,0.0,33,54,15,28.0,0,0.0,2011,0.24089635854341737,0.30830432620586773,0.3915966386554622,0.6999009648613299,0.2949176807444524,0.33056478405315615,0.008950770760815515,0.1914470412729985,0.07807061163600199,0.11337642963699651,0.4077922077922078
2015,12080,101,1.0,1767,1875,244,481,76,10,21,209,60,29,157,393,6,0,0.0,45,65,24,31.0,0,0.0,2121,0.25653333333333334,0.322017916077322,0.3984,0.720417916077322,0.30976430976430974,0.3368580060422961,0.009900990099009901,0.18528995756718528,0.07402168788307402,0.11126826968411126,0.3994910941475827
2015,12080,104,1.0,1881,1693,264,494,80,10,16,241,55,27,175,320,9,0,0.0,60,50,24,36.0,0,0.0,1942,0.2917897223862965,0.37538619979402676,0.44181925575900766,0.8172054555530344,0.3461259956553222,0.34782608695652173,0.008238928939237899,0.164778578784758,0.09011328527291453,0.07466529351184346,0.546875
2015,12080,107,1.0,1881,1943,307,532,84,19,45,277,39,27,174,374,8,0,0.0,51,40,24,42.0,0,0.0,2181,0.27380339680905813,0.3470884915176525,0.4822439526505404,0.8293324441681929,0.3145994832041344,0.36797752808988765,0.02063273727647868,0.17148097203117835,0.07977991746905089,0.09170105456212746,0.46524064171123
2015,12080,108,1.0,1680,1911,295,545,120,18,13,252,95,47,177,323,6,0,0.0,74,46,19,48.0,0,0.0,2153,0.2851909994767138,0.3697166744078031,0.4662480376766091,0.8359647120844123,0.3337515683814304,0.36015325670498083,0.006038086391082211,0.15002322340919647,0.08221086855550395,0.06781235485369251,0.5479876160990712
2015,12080,109,1.0,1792,1914,302,539,100,10,31,272,23,21,194,365,9,0,0.0,57,65,23,62.0,0,0.0,2196,0.28160919540229884,0.35974499089253187,0.4665621734587252,0.8263071643512571,0.32965606748864373,0.3570487483530962,0.014116575591985429,0.1662112932604736,0.0883424408014572,0.0778688524590164,0.5315068493150685
2015,12080,110,1.0,1952,2112,363,600,130,17,33,320,66,25,245,366,9,0,0.0,57,68,27,52.0,0,0.0,2452,0.2840909090909091,0.36786296900489396,0.49384469696969696,0.8617076659745909,0.3258620689655172,0.379746835443038,0.013458401305057096,0.14926590538336051,0.0999184339314845,0.04934747145187601,0.6693989071038251
2015,12080,111,1.0,1815,1702,203,448,73,12,19,168,38,26,125,412,6,0,0.0,30,26,11,53.0,0,0.0,1864,0.26321974148061106,0.32349785407725323,0.41480611045828436,0.7383039645355376,0.3346333853354134,0.3150684931506849,0.0101931330472103,0.22103004291845493,0.06706008583690987,0.15396995708154507,0.30339805825242716
2015,12080,112,2.0,1881,1857,349,531,90,10,17,318,51,10,310,413,5,0,0.0,67,36,40,48.0,0,0.0,2243,0.2859450726978998,0.4048149799375836,0.43564889606892837,0.840463876006512,0.3503749147920927,0.372615039281706,0.007579135086937138,0.18412839946500223,0.13820775746767722,0.04592064199732501,0.7506053268765133
2015,12080,115,1.0,1767,1835,292,545,88,10,31,255,116,32,124,299,2,0,0.0,85,62,24,44.0,0,0.0,2045,0.2970027247956403,0.3687041564792176,0.4768392370572207,0.8455433935364383,0.33616742969260954,0.36099585062240663,0.015158924205378973,0.14621026894865527,0.06063569682151589,0.08557457212713937,0.41471571906354515
2015,12080,116,1.0,2112,2141,427,614,102,25,34,391,76,31,284,470,8,0,0.0,85,42,28,47.0,0,0.0,2495,0.28678187762727697,0.3939879759519038,0.48061653432975243,0.8746045102816562,0.3483483483483483,0.41412012644889357,0.013627254509018036,0.18837675350701402,0.11382765531062124,0.07454909819639279,0.6042553191489362
2015,12080,127,1.0,2162,1481,179,369,69,8,11,169,27,11,144,287,4,0,0.0,25,21,17,41.0,0,0.0,1663,0.24915597569209993,0.32351172579675286,0.38825118163403105,0.7117629074307839,0.29833333333333334,0.3187855787476281,0.00661455201443175,0.17257967528562837,0.08659049909801564,0.08598917618761273,0.5017421602787456
2015,12080,128,1.0,1856,1981,357,582,106,15,66,338,49,12,237,436,4,0,0.0,56,37,19,45.0,0,0.0,2274,0.2937910146390712,0.38478452066842567,0.5567895002523978,0.9415740209208234,0.3444592790387183,0.35970333745364647,0.029023746701846966,0.1917326297273527,0.10422163588390501,0.08751099384344768,0.5435779816513762
2015,12080,129,1.0,1995,2009,389,570,90,20,24,335,97,21,262,392,6,0,0.0,80,69,35,33.0,0,0.0,2375,0.28372324539571925,0.384,0.45097063215530114,0.8349706321553012,0.3353808353808354,0.41103603603603606,0.010105263157894737,0.16505263157894737,0.11031578947368421,0.05473684210526315,0.6683673469387755
2015,12080,140,1.0,1792,1760,233,415,75,9,34,216,47,37,211,505,20,0,0.0,45,28,20,32.0,0,0.0,2019,0.23579545454545456,0.3323427439326399,0.41363636363636364,0.7459791075690035,0.30701047542304594,0.31240188383045525,0.016840019811788013,0.2501238236750867,0.10450718177315503,0.14561664190193163,0.4178217821782178
2015,12080,141,1.0,1972,1949,332,525,106,8,45,306,47,13,231,516,7,0,0.0,58,37,20,40.0,0,0.0,2237,0.2693689071318625,0.3638801966919982,0.482811698306824,0.8466918949988222,0.3409090909090909,0.3732119635890767,0.02011622708985248,0.23066607063030845,0.10326329906124274,0.1274027715690657,0.4476744186046512
2015,12080,147,1.0,2013,2125,386,611,112,13,35,343,64,24,274,439,10,0,0.0,45,31,30,62.0,0,0.0,2460,0.28752941176470587,0.3780487804878049,0.4771764705882353,0.8552252510760402,0.34265318262938727,0.39217877094972065,0.014227642276422764,0.17845528455284554,0.11138211382113822,0.06707317073170732,0.6241457858769932
2015,12080,149,1.0,1980,1977,405,542,99,5,62,361,77,33,269,423,5,0,0.0,68,63,33,47.0,0,0.0,2342,0.27415275670207384,0.3753202391118702,0.5073343449671219,0.8826545840789921,0.31475409836065577,0.41982864137086906,0.026473099914602904,0.18061485909479078,0.11485909479077712,0.06575576430401366,0.6359338061465721
2015,12080,158,1.0,1530,1576,298,466,90,12,44,262,59,16,194,328,8,0,0.0,41,21,11,36.0,0,0.0,1802,0.2956852791878173,0.3890122086570477,0.5444162436548223,0.9334284523118701,0.34732510288065843,0.3866057838660578,0.0244173140954495,0.18201997780244172,0.1076581576026637,0.07436182019977802,0.5914634146341463
2015,12080,164,1.0,2100,2087,389,602,115,10,44,358,85,31,280,417,7,0,0.0,81,27,35,54.0,0,0.0,2429,0.28845232390991854,0.3964594483326472,0.4973646382367034,0.8938240865693505,0.33594220349187237,0.3754080522306855,0.018114450391107453,0.17167558666117744,0.11527377521613832,0.05640181144503911,0.6714628297362111
2015,12080,165,1.0,1189,1241,144,266,37,3,7,117,18,9,177,353,2,0,0.0,44,12,14,17.0,0,0.0,1444,0.21434327155519742,0.33725761772853186,0.3037872683319903,0.6410448860605222,0.28938547486033517,0.28541666666666665,0.004847645429362881,0.24445983379501385,0.12257617728531855,0.12188365650969529,0.5014164305949008
2015,12080,169,1.0,1428,1678,259,454,73,27,9,226,60,28,178,283,8,0,0.0,57,45,30,41.0,0,0.0,1931,0.27056019070321813,0.35680994303469704,0.4272943980929678,0.7841043411276649,0.3142655367231638,0.36764705882352944,0.004660797514241326,0.14655618850336613,0.092180217503884,0.05437597099948213,0.6289752650176679
2015,12080,172,1.0,1290,1352,185,343,61,15,10,163,28,6,109,234,1,0,0.0,28,33,15,38.0,0,0.0,1509,0.253698224852071,0.31809145129224653,0.4068047337278107,0.7248961850200573,0.2965271593944791,0.3723404255319149,0.0066269052352551355,0.1550695825049702,0.07223326706428099,0.0828363154406892,0.4658119658119658
2015,12080,173,1.0,1650,1782,324,522,112,8,32,297,28,8,214,368,6,0,0.0,37,25,20,33.0,0,0.0,2041,0.29292929292929293,0.3787359137677609,0.5039281705948373,0.8826640843625981,0.34950071326676174,0.3940620782726046,0.01567858892699657,0.18030377266046055,0.10485056344928956,0.07545320921117099,0.5815217391304348
2015,12080,175,1.0,1566,1819,246,451,99,7,20,213,52,31,185,431,4,0,0.0,66,30,17,32.0,0,0.0,2051,0.2479384277075316,0.34227206240858116,0.41231445849367787,0.7545865209022591,0.3111913357400722,0.3313782991202346,0.009751340809361287,0.21014139444173574,0.0901999024865919,0.11994149195514384,0.42923433874709976
2015,12080,178,1.0,1350,1465,281,415,67,16,35,240,58,24,182,336,6,0,0.0,57,32,22,24.0,0,0.0,1701,0.2832764505119454,0.3844797178130511,0.5030716723549488,0.8875513901679999,0.34050179211469533,0.3974151857835218,0.0205761316872428,0.19753086419753085,0.10699588477366255,0.0905349794238683,0.5416666666666666
2015,12080,180,1.0,1600,1753,314,522,95,19,33,276,52,25,187,315,6,0,0.0,34,23,25,42.0,0,0.0,1988,0.2977752424415288,0.3737424547283702,0.5139760410724472,0.8877184958008174,0.34195804195804197,0.3957746478873239,0.01659959758551308,0.15845070422535212,0.09406438631790745,0.06438631790744467,0.5936507936507937
2015,12080,193,1.0,1696,1569,236,407,81,14,10,189,66,22,193,375,2,0,0.0,39,17,29,23.0,0,0.0,1808,0.2594008922880816,0.353429203539823,0.4149139579349904,0.7683431614748134,0.32728771640560594,0.35930047694753575,0.0055309734513274336,0.20741150442477876,0.10674778761061947,0.1006637168141593,0.5146666666666667
2015,12080,196,1.0,1674,2048,314,573,75,9,38,269,41,33,206,339,6,0,0.0,66,51,29,48.0,0,0.0,2334,0.27978515625,0.3620394173093402,0.4404296875,0.8024691048093402,0.31470588235294117,0.3420074349442379,0.016281062553556127,0.14524421593830333,0.08826049700085689,0.05698371893744644,0.6076696165191741
2015,12080,198,1.0,1848,1793,334,532,100,17,40,305,62,24,190,310,4,0,0.0,39,37,28,43.0,0,0.0,2048,0.2967094255437814,0.37158203125,0.5259341885108756,0.8975162197608756,0.3344663494221618,0.4077669902912621,0.01953125,0.1513671875,0.0927734375,0.05859375,0.6129032258064516
2015,12080,202,1.0,1682,1572,255,422,89,4,52,233,65,28,177,331,3,0,0.0,48,17,19,28.0,0,0.0,1785,0.2684478371501272,0.36246498599439775,0.5216284987277354,0.8840934847221331,0.30629139072847683,0.3411764705882353,0.029131652661064426,0.1854341736694678,0.09915966386554621,0.08627450980392158,0.5347432024169184
2015,12080,204,1.0,1595,1837,229,472,72,8,19,198,105,42,177,352,7,0,0.0,47,39,13,43.0,0,0.0,2066,0.25694066412629285,0.33688286544046464,0.38976592270005445,0.726648788140519,0.30628803245436104,0.310192023633678,0.009196515004840271,0.17037754114230397,0.0856727976766699,0.08470474346563407,0.5028409090909091
2015,12080,219,1.0,1431,1851,332,507,83,16,21,295,44,21,242,391,5,0,0.0,75,14,20,35.0,0,0.0,2127,0.2739059967585089,0.38740009402914904,0.43490005402485143,0.8223001480540004,0.3331048663468129,0.38729763387297633,0.009873060648801129,0.18382698636577338,0.11377527033380348,0.0700517160319699,0.618925831202046
2015,12080,220,1.0,1666,1619,219,407,72,6,23,198,31,20,156,366,1,0,0.0,42,22,9,38.0,0,0.0,1806,0.25138974675725756,0.33499446290143964,0.40827671402100063,0.7432711769224403,0.3099273607748184,0.33676975945017185,0.01273532668881506,0.2026578073089701,0.08637873754152824,0.11627906976744186,0.4262295081967213
2015,12080,222,1.0,1269,1394,208,360,82,3,21,195,29,16,145,245,4,0,0.0,41,41,12,27.0,0,0.0,1592,0.2582496413199426,0.34296482412060303,0.44261119081779055,0.7855760149383936,0.29736842105263156,0.35619047619047617,0.013190954773869347,0.15389447236180903,0.09108040201005026,0.06281407035175877,0.5918367346938775
2015,12080,228,1.0,1536,1456,190,362,51,3,20,176,39,6,182,312,1,0,0.0,31,22,16,26.0,0,0.0,1676,0.24862637362637363,0.34307875894988066,0.3798076923076923,0.722886451257573,0.3,0.3063063063063063,0.011933174224343675,0.18615751789976134,0.10859188544152745,0.07756563245823389,0.5833333333333334
2015,12080,229,1.0,2074,2109,417,632,123,22,43,367,47,21,301,365,17,0,0.0,55,42,37,55.0,0,0.0,2489,0.29966808914177334,0.3969465648854962,0.5291607396870555,0.9261073045725516,0.33889528193325663,0.39576719576719577,0.017276014463640015,0.14664523905182805,0.12093210124548011,0.025713137806347944,0.8246575342465754
2015,12080,231,1.0,1830,1851,329,519,67,8,40,284,34,23,210,340,19,0,0.0,34,33,24,44.0,0,0.0,2118,0.28038897893030795,0.3602455146364495,0.4521880064829822,0.8124335211194317,0.3204013377926421,0.3997233748271093,0.018885741265344664,0.16052880075542966,0.09915014164305949,0.06137865911237017,0.6176470588235294
2015,12080,234,1.0,2145,2154,435,558,113,6,59,387,60,19,379,552,12,0,0.0,96,26,23,54.0,0,0.0,2582,0.2590529247910863,0.40007745933384975,0.4818941504178273,0.881971609751677,0.3186462324393359,0.3860369609856263,0.022850503485670023,0.21378776142525174,0.14678543764523624,0.0670023237800155,0.6865942028985508
2015,12080,235,1.0,2310,2417,489,720,129,24,66,445,80,32,272,410,6,0,0.0,75,23,33,59.0,0,0.0,2745,0.29788994621431525,0.38870673952641166,0.5436491518411254,0.932355891367537,0.331306990881459,0.4225774225774226,0.024043715846994537,0.1493624772313297,0.09908925318761384,0.050273224043715856,0.6634146341463415
2015,12080,236,1.0,1728,1773,264,491,83,16,21,235,96,35,170,365,5,0,0.0,61,45,9,30.0,0,0.0,1997,0.27693175408911447,0.3615423134702053,0.4450084602368866,0.8065507737070919,0.336676217765043,0.3466476462196862,0.010515773660490736,0.1827741612418628,0.08512769153730596,0.09764646970455684,0.4657534246575342
2015,12080,248,1.0,1350,1603,248,447,82,14,17,208,54,18,164,318,5,0,0.0,59,32,11,25.0,0,0.0,1810,0.27885215221459764,0.3701657458563536,0.4497816593886463,0.8199474052449999,0.33620015637216577,0.3537519142419602,0.009392265193370166,0.17569060773480663,0.09060773480662983,0.0850828729281768,0.5157232704402516
2015,12080,249,1.0,1674,1751,252,483,90,14,12,217,83,29,138,260,5,0,0.0,34,51,17,36.0,0,0.0,1957,0.27584237578526555,0.33469596320899336,0.4300399771559109,0.7647359403649043,0.31483957219251335,0.37325038880248834,0.0061318344404701075,0.13285641287685232,0.07051609606540624,0.062340316811446084,0.5307692307692308
2015,12080,251,1.0,1696,1626,260,458,88,4,22,218,41,19,183,273,11,0,0.0,58,28,9,36.0,0,0.0,1846,0.2816728167281673,0.3786565547128927,0.45141451414514144,0.8300710688580342,0.3253731343283582,0.3515509601181684,0.011917659804983749,0.14788732394366197,0.09913326110509209,0.04875406283856988,0.6703296703296703
2015,12080,253,1.0,2052,1920,278,493,87,9,45,258,77,25,209,530,12,0,0.0,50,31,16,39.0,0,0.0,2176,0.25677083333333334,0.34558823529411764,0.4552083333333333,0.800796568627451,0.32916972814107276,0.32956152758132956,0.02068014705882353,0.24356617647058823,0.09604779411764706,0.14751838235294118,0.39433962264150946
2015,12080,254,1.0,1938,1960,307,535,88,16,42,280,41,12,216,356,13,0,0.0,57,42,26,53.0,0,0.0,2244,0.2729591836734694,0.3600713012477718,0.4729591836734694,0.8330304849212412,0.31045340050377834,0.34595300261096606,0.01871657754010695,0.1586452762923351,0.0962566844919786,0.0623885918003565,0.6067415730337079
2015,12080,255,1.0,1540,1724,298,461,88,8,32,267,46,14,197,335,3,0,0.0,31,30,20,38.0,0,0.0,1971,0.26740139211136893,0.3495687468290208,0.4576566125290023,0.8072253593580231,0.3115468409586057,0.4048706240487062,0.016235413495687467,0.16996448503297817,0.09994926433282597,0.0700152207001522,0.5880597014925373
2015,12080,257,1.0,1728,1838,285,493,85,14,40,256,63,11,211,402,3,0,0.0,48,36,16,45.0,0,0.0,2101,0.26822633297062026,0.3579247977153736,0.470620239390642,0.8285450371060157,0.32082152974504247,0.3441011235955056,0.01903855306996668,0.19133745835316515,0.10042836744407425,0.0909090909090909,0.5248756218905473
2015,12080,260,1.0,1716,1781,268,500,86,17,21,247,23,14,186,321,5,0,0.0,47,37,20,58.0,0,0.0,2024,0.2807411566535654,0.3621541501976285,0.45311622683885455,0.8152703770364831,0.3283070596298835,0.34691011235955055,0.010375494071146246,0.15859683794466403,0.09189723320158102,0.06669960474308301,0.5794392523364486
2015,12080,272,1.0,1782,1570,207,415,87,9,10,167,48,26,144,273,0,0,0.0,40,32,16,39.0,0,0.0,1762,0.2643312101910828,0.33995459704880815,0.4178343949044586,0.7577889919532668,0.3108211818879509,0.33446519524617996,0.0056753688989784334,0.15493757094211125,0.08172531214528944,0.0732122587968218,0.5274725274725275
2015,12080,275,1.0,1260,1168,198,347,66,5,11,171,47,16,122,186,1,0,0.0,46,13,15,35.0,0,0.0,1318,0.2970890410958904,0.3907435508345979,0.4606164383561644,0.8513599891907623,0.3407707910750507,0.37103174603174605,0.00834597875569044,0.1411229135053111,0.09256449165402124,0.04855842185128985,0.6559139784946236
2015,12080,277,1.0,1643,1715,216,421,64,10,9,192,29,6,167,327,2,0,0.0,44,49,29,41.0,0,0.0,1960,0.2454810495626822,0.3224489795918367,0.358600583090379,0.6810495626822157,0.29261363636363635,0.33226324237560195,0.004591836734693878,0.16683673469387755,0.08520408163265306,0.0816326530612245,0.5107033639143731
2015,12080,283,1.0,1392,1446,231,396,77,7,27,212,66,40,134,293,2,0,0.0,43,18,18,28.0,0,0.0,1616,0.27385892116182575,0.35457920792079206,0.46957123098201936,0.8241504389028114,0.32255244755244755,0.37362637362637363,0.01670792079207921,0.1813118811881188,0.08292079207920793,0.09839108910891088,0.45733788395904434
2015,12080,285,1.0,1700,1603,243,424,83,3,19,219,43,31,177,345,2,0,0.0,46,37,25,34.0,0,0.0,1842,0.264504054897068,0.3512486427795874,0.42108546475358705,0.7723341075331744,0.3204113924050633,0.35668789808917195,0.01031487513572204,0.18729641693811075,0.09609120521172639,0.09120521172638436,0.5130434782608696
2015,12080,287,1.0,1760,1869,260,536,78,16,20,230,42,16,153,278,4,0,0.0,44,40,17,40.0,0,0.0,2079,0.2867843766720171,0.3525733525733526,0.43873729266987693,0.7913106452432295,0.3249370277078086,0.33660589060308554,0.00962000962000962,0.1337181337181337,0.0735930735930736,0.06012506012506011,0.5503597122302158
2015,12080,288,1.0,1953,1981,327,529,81,21,42,317,60,21,262,395,9,0,0.0,61,46,29,38.0,0,0.0,2318,0.2670368500757193,0.36755823986194996,0.46542150429076223,0.8329797441527123,0.30959949141767323,0.35185185185185186,0.0181190681622088,0.17040552200172562,0.11302847282139776,0.05737704918032786,0.6632911392405063
2015,12080,299,1.0,1674,1865,339,516,92,7,45,303,24,9,267,410,8,0,0.0,48,15,19,54.0,0,0.0,2166,0.2766756032171582,0.38365650969529086,0.4831099195710456,0.8667664292663364,0.3296011196641008,0.37404580152671757,0.02077562326869806,0.18928901200369344,0.12326869806094183,0.06602031394275161,0.651219512195122
2015,12080,302,1.0,1428,1589,296,458,72,8,23,243,48,15,207,271,8,0,0.0,60,41,13,37.0,0,0.0,1850,0.2882315921963499,0.3918918918918919,0.45185651353052236,0.8437484054224142,0.33256880733944955,0.3888888888888889,0.012432432432432432,0.1464864864864865,0.11189189189189189,0.0345945945945946,0.7638376383763837
2015,12080,305,1.0,1566,1815,280,494,80,15,31,263,55,21,201,396,4,0,0.0,59,32,16,45.0,0,0.0,2064,0.2721763085399449,0.3653100775193798,0.4534435261707989,0.8187536036901788,0.3297720797720798,0.34439834024896265,0.015019379844961241,0.19186046511627908,0.09738372093023256,0.09447674418604651,0.5075757575757576
2015,12080,306,1.0,1593,1587,256,431,82,20,30,225,39,17,136,333,1,0,0.0,39,30,13,32.0,0,0.0,1766,0.2715816005040958,0.3431483578708947,0.48834278512917456,0.8314911430000693,0.3241713823767179,0.3923611111111111,0.01698754246885617,0.18856172140430352,0.07701019252548132,0.1115515288788222,0.4084084084084084
2015,12080,310,1.0,1749,1618,199,371,62,13,4,173,54,31,167,370,3,0,0.0,48,36,9,30.0,0,0.0,1830,0.22929542645241038,0.32021857923497266,0.3399258343634116,0.6601444135983843,0.2928970470869912,0.33505154639175255,0.002185792349726776,0.20218579234972678,0.0912568306010929,0.11092896174863388,0.45135135135135135
2015,12080,315,1.0,1767,2003,402,594,122,13,44,366,73,20,307,412,8,0,0.0,45,20,31,49.0,0,0.0,2361,0.2965551672491263,0.4006776789495976,0.5257114328507239,0.9263891118003215,0.3485424588086185,0.3968957871396896,0.018636171113934775,0.17450232952138925,0.13002964845404488,0.044472681067344366,0.7451456310679612
2015,12080,316,1.0,1848,1940,347,574,103,9,24,303,75,27,235,348,9,0,0.0,40,48,28,46.0,0,0.0,2251,0.2958762886597938,0.37716570413149714,0.4654639175257732,0.8426296216572704,0.34461152882205515,0.39151515151515154,0.010661928031985785,0.15459795646379387,0.10439804531319413,0.05019991115059974,0.6752873563218391
2015,12080,317,1.0,1683,1749,321,468,80,26,33,289,68,16,214,373,3,0,0.0,46,27,11,36.0,0,0.0,2001,0.26758147512864494,0.3638180909545227,0.47913093196112067,0.8429490229156433,0.3212703101920236,0.4143884892086331,0.01649175412293853,0.18640679660169915,0.10694652673663169,0.07946026986506746,0.5737265415549598
2015,12080,327,1.0,1824,1869,297,484,69,21,8,260,70,31,229,329,6,0,0.0,63,50,25,42.0,0,0.0,2173,0.25896201177100053,0.3571099861942016,0.38362760834670945,0.740737594540911,0.30571612074502247,0.3763020833333333,0.0036815462494247586,0.1514035895075932,0.10538426138978371,0.04601932811780948,0.6960486322188449
2015,12080,328,1.0,1925,1883,281,519,100,12,34,257,27,18,230,308,6,0,0.0,51,32,22,61.0,0,0.0,2167,0.27562400424853956,0.36917397323488693,0.4731810939989379,0.8423550672338248,0.3103007037747921,0.3224543080939948,0.015689893862482696,0.14213197969543148,0.10613751730503,0.03599446239040148,0.7467532467532467
2015,12080,331,1.0,1802,1832,281,504,101,12,37,249,71,23,192,368,7,0,0.0,53,18,18,52.0,0,0.0,2060,0.27510917030567683,0.3635922330097087,0.48580786026200873,0.8494000932717174,0.3231833910034602,0.34269662921348315,0.017961165048543688,0.1786407766990291,0.09320388349514563,0.08543689320388348,0.5217391304347826
2015,12080,334,1.0,1870,1899,289,546,93,10,31,262,54,21,188,359,5,0,0.0,84,23,20,60.0,0,0.0,2130,0.28751974723538704,0.38403755868544603,0.46656134807793576,0.8505989067633818,0.3368214519293656,0.3278271918678526,0.01455399061032864,0.16854460093896714,0.08826291079812207,0.08028169014084507,0.5236768802228412
2015,12080,342,1.0,1312,1279,170,324,61,8,19,154,36,22,104,271,1,0,0.0,31,44,10,26.0,0,0.0,1437,0.253322908522283,0.31941544885177453,0.42689601250977327,0.7463114613615478,0.3053053053053053,0.3431818181818182,0.013221990257480862,0.1885873347251218,0.07237299930410578,0.11621433542101602,0.3837638376383764
2015,12080,346,1.0,1664,1617,215,472,78,13,12,187,38,19,134,300,1,0,0.0,25,34,16,47.0,0,0.0,1801,0.2918985776128633,0.35036091060521934,0.4421768707482993,0.7925377813535186,0.34822104466313397,0.32794830371567046,0.006662965019433648,0.1665741254858412,0.07440310938367574,0.09217101610216545,0.44666666666666666
2015,12080,352,1.0,1792,1848,297,484,101,11,39,267,81,26,167,419,8,0,0.0,74,40,18,32.0,0,0.0,2073,0.2619047619047619,0.3497346840328027,0.4734848484848485,0.8232195325176512,0.31605113636363635,0.3760932944606414,0.01881331403762663,0.20212252773757838,0.08055957549445249,0.1215629522431259,0.39856801909307876
2015,12080,355,1.0,1736,1642,265,433,78,16,37,225,62,27,192,418,2,0,0.0,48,23,12,36.0,0,0.0,1869,0.26370280146163216,0.36008560727661854,0.47807551766138856,0.8381611249380071,0.3302752293577982,0.3584905660377358,0.019796682718031033,0.2236490101658641,0.10272873194221509,0.12092027822364902,0.45933014354066987
2015,12080,361,1.0,1326,1621,214,423,71,9,19,198,79,32,144,324,6,0,0.0,41,19,12,39.0,0,0.0,1796,0.26095003084515733,0.33853006681514475,0.4120913016656385,0.7506213684807832,0.31317829457364343,0.3310696095076401,0.010579064587973273,0.18040089086859687,0.0801781737193764,0.10022271714922047,0.4444444444444444
2015,12080,363,1.0,1624,1913,268,506,67,10,27,235,86,25,177,438,6,0,0.0,35,41,14,38.0,0,0.0,2145,0.2645060115002614,0.33473193473193474,0.4066910611604809,0.7414229958924157,0.3276333789329685,0.34876989869753977,0.012587412587412588,0.2041958041958042,0.08251748251748252,0.12167832167832167,0.4041095890410959
2015,12080,365,1.0,2178,2429,451,762,146,23,51,415,130,36,221,341,12,0,0.0,45,31,33,54.0,0,0.0,2714,0.3137093454096336,0.37877671333824614,0.546315356113627,0.9250920694518732,0.34347826086956523,0.4094165813715456,0.01879145173176124,0.12564480471628592,0.08142962417096536,0.04421518054532056,0.6480938416422287
2015,12080,366,1.0,1716,1497,256,389,55,7,26,220,49,21,171,250,3,0,0.0,80,44,20,44.0,0,0.0,1732,0.25985303941215765,0.3695150115473441,0.4168336673346693,0.7863486788820134,0.29250604351329573,0.3745928338762215,0.015011547344110854,0.14434180138568128,0.098729792147806,0.045612009237875284,0.684
2015,12080,367,1.0,2145,2218,355,611,118,13,36,313,127,43,261,437,9,0,0.0,63,40,23,40.0,0,0.0,2542,0.27547339945897203,0.36782061369000785,0.4643823264201984,0.8322029401102062,0.3252262443438914,0.3548387096774194,0.014162077104642014,0.17191188040912667,0.1026750590086546,0.06923682140047206,0.597254004576659
2015,12080,368,1.0,1376,1294,190,338,56,10,5,170,94,19,169,255,2,0,0.0,54,38,18,29.0,0,0.0,1519,0.26120556414219476,0.36932192231731403,0.38639876352395675,0.7557206858412708,0.31653992395437264,0.3327338129496403,0.0032916392363396972,0.16787360105332455,0.11125740618828177,0.05661619486504278,0.6627450980392157
2015,12080,370,1.0,1836,1568,235,419,89,6,29,226,52,30,169,334,11,0,0.0,71,59,19,35.0,0,0.0,1815,0.26721938775510207,0.36308539944903584,0.46619897959183676,0.8292843790408726,0.31862745098039214,0.326984126984127,0.015977961432506887,0.1840220385674931,0.09311294765840221,0.0909090909090909,0.5059880239520959
2015,12080,380,1.0,1664,1778,271,497,98,4,21,239,50,18,197,293,3,0,0.0,33,22,31,45.0,0,0.0,2028,0.2795275590551181,0.3584812623274162,0.4437570303712036,0.8022382926986198,0.3183946488294314,0.35410764872521244,0.010355029585798817,0.14447731755424062,0.09714003944773175,0.04733727810650887,0.6723549488054608
2015,12080,381,1.0,1612,1631,209,396,78,12,9,180,62,24,148,343,2,0,0.0,53,37,16,31.0,0,0.0,1832,0.2427958307786634,0.32587336244541487,0.3825873697118332,0.708460732157248,0.29884169884169887,0.3401360544217687,0.0049126637554585155,0.18722707423580787,0.08078602620087336,0.10644104803493451,0.4314868804664723
2015,12080,386,1.0,1518,1474,208,412,79,15,15,191,35,21,147,278,5,0,0.0,46,41,10,46.0,0,0.0,1672,0.27951153324287653,0.3618421052631579,0.45793758480325647,0.8197796900664144,0.3333333333333333,0.3271186440677966,0.008971291866028708,0.16626794258373206,0.08791866028708134,0.07834928229665072,0.5287769784172662
2015,12080,388,1.0,1664,1592,200,409,73,7,18,187,46,22,130,328,8,0,0.0,31,29,14,29.0,0,0.0,1765,0.25690954773869346,0.32294617563739375,0.40703517587939697,0.7299813515167908,0.3103174603174603,0.32971014492753625,0.010198300283286119,0.1858356940509915,0.07365439093484419,0.11218130311614732,0.39634146341463417
2015,12080,391,1.0,1674,1800,320,529,102,11,20,292,113,30,195,254,7,0,0.0,54,33,23,36.0,0,0.0,2051,0.29388888888888887,0.3793271574841541,0.47,0.8493271574841541,0.328599096191091,0.39577836411609496,0.009751340809361287,0.12384202827888835,0.09507557289127255,0.028766455387615797,0.7677165354330708
2015,12080,392,1.0,2178,2182,394,576,114,19,52,357,60,22,284,465,7,0,0.0,83,51,16,44.0,0,0.0,2533,0.26397800183318054,0.37228582708251085,0.48991750687442714,0.8622033339569379,0.31171921475312314,0.3838383838383838,0.020529016975917885,0.1835767864192657,0.11212001579155152,0.07145677062771418,0.610752688172043
2015,12080,393,1.0,1421,1512,178,333,58,7,14,152,62,15,156,415,6,0,0.0,35,49,8,22.0,0,0.0,1725,0.22023809523809523,0.30376811594202896,0.3478835978835979,0.6516517138256268,0.2923923006416132,0.3215686274509804,0.008115942028985508,0.24057971014492754,0.09043478260869565,0.15014492753623188,0.3759036144578313
2015,12080,400,1.0,1290,1114,118,243,37,1,8,104,20,6,85,310,1,0,0.0,27,36,7,19.0,0,0.0,1242,0.21813285457809695,0.285829307568438,0.31597845601436264,0.6018077635828006,0.29265255292652553,0.3170028818443804,0.00644122383252818,0.249597423510467,0.06843800322061191,0.18115942028985507,0.27419354838709675
2015,12080,402,1.0,1767,1967,259,542,93,9,33,237,56,32,153,345,7,0,0.0,56,51,19,38.0,0,0.0,2190,0.2755465175394001,0.34292237442922374,0.4509405185561769,0.7938628929854006,0.31654228855721395,0.3147632311977716,0.015068493150684932,0.15753424657534246,0.06986301369863014,0.08767123287671232,0.4434782608695652
2015,12080,404,1.0,1972,1997,320,544,80,16,39,275,89,29,172,320,6,0,0.0,48,47,18,41.0,0,0.0,2234,0.27240861291937907,0.341987466427932,0.45468202303455185,0.7966694894624838,0.30495169082125606,0.3875862068965517,0.017457475380483437,0.1432408236347359,0.07699194270367055,0.06624888093106535,0.5375
2015,12080,406,1.0,1682,1964,393,563,118,9,69,358,27,17,251,427,6,0,0.0,75,79,14,38.0,0,0.0,2308,0.28665987780040736,0.3851819757365685,0.5610997963340122,0.9462817720705807,0.3333333333333333,0.3951219512195122,0.029896013864818025,0.18500866551126516,0.10875216637781629,0.07625649913344887,0.5878220140515222
2015,12080,410,2.0,1190,1204,186,332,77,9,7,153,64,23,124,243,4,0,0.0,43,22,11,25.0,0,0.0,1361,0.2757475083056478,0.3666421748714181,0.44933554817275745,0.8159777230441756,0.33678756476683935,0.3638211382113821,0.005143277002204262,0.17854518736223365,0.09110947832476121,0.08743570903747244,0.5102880658436214
2015,12080,414,1.0,1612,1677,264,445,83,27,33,238,40,30,180,388,1,0,0.0,46,26,23,37.0,0,0.0,1906,0.26535480023852115,0.35204616998950683,0.4913536076326774,0.8433997776221842,0.32212666145426117,0.3620689655172414,0.017313746065057714,0.20356768100734524,0.0944386149003148,0.10912906610703044,0.4639175257731959
2015,12080,415,1.0,2211,2356,547,724,125,22,63,482,90,20,377,455,6,0,0.0,89,57,29,53.0,0,0.0,2819,0.3073005093378608,0.4221355090457609,0.5483870967741935,0.9705226058199544,0.3540439207284414,0.42945874001774625,0.022348350478893223,0.16140475345867328,0.13373536715147216,0.027669386307201116,0.8285714285714286
2015,12080,416,1.0,1938,1944,321,563,99,12,45,302,54,31,174,296,6,0,0.0,62,26,26,48.0,0,0.0,2170,0.28960905349794236,0.36820276497695853,0.5025720164609053,0.8707747814378639,0.3179864947820749,0.3660477453580902,0.020737327188940093,0.13640552995391705,0.08018433179723503,0.05622119815668203,0.5878378378378378
2015,12080,418,1.0,1984,2182,400,646,133,16,33,366,53,19,266,359,7,0,0.0,70,39,25,53.0,0,0.0,2512,0.29605866177818513,0.3909235668789809,0.5004582951420715,0.8913818620210524,0.33774104683195594,0.38672286617492097,0.013136942675159236,0.1429140127388535,0.10589171974522293,0.03702229299363058,0.7409470752089137
2015,12080,419,1.0,1888,2019,303,549,101,12,36,266,47,18,199,455,9,0,0.0,44,32,27,54.0,0,0.0,2277,0.27191679049034173,0.34782608695652173,0.4611193660227836,0.8089454529793053,0.329903536977492,0.3531746031746032,0.015810276679841896,0.19982433025911286,0.08739569609134827,0.1124286341677646,0.43736263736263736
2015,12080,428,1.0,1632,1635,226,431,73,10,27,201,64,18,140,337,2,0,0.0,33,15,16,36.0,0,0.0,1806,0.2636085626911315,0.3344407530454042,0.43730886850152906,0.7717496215469333,0.3139083139083139,0.34488734835355284,0.014950166112956811,0.18660022148394242,0.07751937984496124,0.10908084163898119,0.41543026706231456
2015,12080,430,1.0,1890,1729,270,465,81,8,22,232,47,15,232,293,7,0,0.0,51,41,17,50.0,0,0.0,2019,0.2689415847310584,0.3704804358593363,0.4274146905725853,0.7978951264319216,0.30957372466806427,0.3415977961432507,0.010896483407627538,0.14512134720158495,0.11490837048043585,0.0302129767211491,0.7918088737201365
2015,12080,433,1.0,1740,1912,298,506,95,5,36,274,52,26,249,484,3,0,0.0,43,23,21,56.0,0,0.0,2205,0.26464435146443516,0.3619047619047619,0.44717573221757323,0.8090804941223351,0.3326256192498231,0.3438320209973753,0.0163265306122449,0.21950113378684807,0.11292517006802721,0.10657596371882086,0.5144628099173554
2015,12080,434,1.0,1856,1889,274,487,86,14,41,249,69,25,183,417,6,0,0.0,32,27,22,41.0,0,0.0,2121,0.25780836421386977,0.33097595473833097,0.4579142403388036,0.7888901950771345,0.3069511355815554,0.3524962178517398,0.01933050447901933,0.1966053748231966,0.08628005657708628,0.11032531824611032,0.43884892086330934
2015,12080,439,1.0,1656,1499,205,372,63,2,14,187,44,14,173,298,2,0,0.0,41,35,11,43.0,0,0.0,1718,0.24816544362908605,0.3410942956926659,0.3735823882588392,0.7146766839515051,0.2988313856427379,0.3339160839160839,0.008149010477299184,0.17345750873108265,0.10069848661233993,0.07275902211874272,0.5805369127516778
2015,12080,450,1.0,1376,1214,151,304,57,4,16,142,17,14,116,271,5,0,0.0,30,17,12,33.0,0,0.0,1359,0.2504118616144975,0.33112582781456956,0.40691927512355847,0.7380451029381281,0.30670926517571884,0.31105990783410137,0.01177336276674025,0.199411331861663,0.08535688005886681,0.11405445180279618,0.4280442804428044
2015,12080,456,1.0,1595,1896,331,490,89,10,34,288,26,10,261,529,5,0,0.0,45,8,30,39.0,0,0.0,2195,0.25843881856540085,0.3626423690205011,0.439873417721519,0.8025157867420201,0.334556126192223,0.38976377952755903,0.015489749430523917,0.24100227790432802,0.11890660592255126,0.12209567198177676,0.4933837429111531
2015,12080,457,1.0,2030,1750,294,465,82,12,32,267,80,21,278,346,11,0,0.0,40,41,26,39.0,0,0.0,2095,0.26571428571428574,0.3737470167064439,0.4531428571428571,0.826889873849301,0.30972818311874106,0.3488681757656458,0.015274463007159905,0.16515513126491646,0.13269689737470167,0.032458233890214794,0.8034682080924855
2015,12080,458,1.0,1392,1614,204,403,68,8,15,175,17,11,146,301,4,0,0.0,25,41,12,34.0,0,0.0,1813,0.2496902106567534,0.3166023166023166,0.38599752168525403,0.7025998382875707,0.2961832061068702,0.33810375670840787,0.00827357970215113,0.16602316602316602,0.08052950910093767,0.08549365692222835,0.4850498338870432
2015,12080,459,1.0,1700,1741,312,520,93,13,58,283,32,18,184,380,4,0,0.0,23,28,18,38.0,0,0.0,1971,0.2986789201608271,0.36884830035514965,0.5611717403790925,0.930020040734242,0.34973504920514764,0.3796711509715994,0.029426686960933535,0.19279553526128868,0.09335362760020294,0.09944190766108574,0.4842105263157895
2015,12080,460,1.0,1947,2072,412,627,109,14,44,359,78,28,235,459,11,0,0.0,44,35,26,39.0,0,0.0,2368,0.3026061776061776,0.38260135135135137,0.513030888030888,0.8956322393822393,0.36551724137931035,0.42691415313225056,0.018581081081081082,0.19383445945945946,0.09923986486486487,0.09459459459459459,0.5119825708061002
2015,12080,463,1.0,1881,1931,274,532,89,13,22,246,40,18,196,323,12,0,0.0,28,48,20,43.0,0,0.0,2195,0.27550491973070945,0.34441913439635535,0.4334541688244433,0.7778733032207987,0.3175591531755915,0.34332425068119893,0.010022779043280182,0.14715261958997722,0.08929384965831436,0.05785876993166286,0.6068111455108359
2015,12080,464,1.0,1768,1768,268,496,69,7,21,225,61,24,188,375,1,0,0.0,54,42,22,50.0,0,0.0,2020,0.28054298642533937,0.36534653465346534,0.41798642533936653,0.7833329599928318,0.34074605451936874,0.34449093444909346,0.010396039603960397,0.18564356435643564,0.09306930693069307,0.09257425742574257,0.5013333333333333
2015,12080,465,1.0,1792,1787,248,477,78,14,14,226,47,25,196,331,8,0,0.0,36,34,27,59.0,0,0.0,2044,0.26692781197537774,0.34686888454011744,0.40906547285954115,0.7559343573996586,0.3151803948264125,0.3366906474820144,0.00684931506849315,0.16193737769080235,0.0958904109589041,0.06604696673189825,0.5921450151057401
2015,12080,466,1.0,1904,1972,447,625,146,16,55,416,49,26,282,348,4,0,0.0,83,52,31,45.0,0,0.0,2337,0.3169371196754564,0.42362002567394097,0.6009127789046653,1.0245328045786062,0.35625,0.4192513368983957,0.0235344458707745,0.14890885750962773,0.12066752246469833,0.0282413350449294,0.8103448275862069
2015,12080,472,1.0,1519,1250,190,326,45,2,18,179,7,4,125,296,2,0,0.0,34,29,12,50.0,0,0.0,1416,0.2608,0.3425141242937853,0.3952,0.7377141242937852,0.32489451476793246,0.3683083511777302,0.012711864406779662,0.20903954802259886,0.0882768361581921,0.12076271186440676,0.4222972972972973
2015,12080,473,1.0,1947,1851,382,568,127,19,31,346,35,18,270,309,3,0,0.0,41,42,27,44.0,0,0.0,2190,0.30686115613182063,0.40136986301369865,0.5418692598595354,0.943239122873234,0.3491547464239272,0.41391509433962265,0.014155251141552512,0.1410958904109589,0.1232876712328767,0.017808219178082202,0.8737864077669902
2015,12080,482,1.0,1440,1234,191,308,68,3,14,157,69,27,160,302,1,0,0.0,51,27,13,26.0,0,0.0,1434,0.24959481361426256,0.3619246861924686,0.41247974068071314,0.7744044268731818,0.3157894736842105,0.3504950495049505,0.009762900976290097,0.2105997210599721,0.11157601115760112,0.09902370990237098,0.5298013245033113
2015,12080,483,1.0,1802,1723,216,458,73,19,11,189,54,26,142,334,5,0,0.0,40,46,16,38.0,0,0.0,1927,0.2658154381892049,0.3321224701608718,0.4091700522344748,0.7412925223953466,0.3206599713055954,0.32591414944356123,0.005708354955889984,0.17332641411520497,0.07368967306694343,0.09963674104826153,0.4251497005988024
2015,12080,485,1.0,1290,1377,275,394,72,12,9,237,70,27,181,268,3,0,0.0,38,40,14,28.0,0,0.0,1612,0.2861292665214234,0.380272952853598,0.4429920116194626,0.8232649644730606,0.34560143626570916,0.44039735099337746,0.005583126550868486,0.1662531017369727,0.11228287841191067,0.05397022332506202,0.6753731343283582
2015,12080,487,2.0,1204,1351,264,394,80,8,11,228,69,28,171,255,5,0,0.0,45,39,12,20.0,0,0.0,1573,0.29163582531458176,0.3877940241576605,0.46039970392302,0.8481937280806805,0.34913400182315407,0.42237061769616024,0.006993006993006993,0.1621106166560712,0.10870947234583599,0.053401144310235224,0.6705882352941176
2015,12080,488,1.0,1380,1535,212,405,67,10,18,182,37,12,129,351,0,0,0.0,42,25,7,31.0,0,0.0,1696,0.26384364820846906,0.33962264150943394,0.4175895765472313,0.7572122180566652,0.329923273657289,0.34767025089605735,0.01061320754716981,0.20695754716981132,0.07606132075471699,0.13089622641509435,0.36752136752136755
2015,12080,490,1.0,2065,2047,344,551,105,13,53,315,33,17,221,433,11,0,0.0,58,30,24,40.0,0,0.0,2322,0.26917440156326333,0.35745047372954347,0.4943820224719101,0.8518324962014536,0.3141955835962145,0.3745173745173745,0.022825150732127476,0.18647717484926787,0.09517657192075797,0.0913006029285099,0.5103926096997691
2015,12080,498,1.0,1814,1850,271,496,113,16,33,236,58,23,163,371,5,0,0.0,33,42,24,29.0,0,0.0,2079,0.2681081081081081,0.33285233285233284,0.4875675675675676,0.8204199004199004,0.3149659863945578,0.3611532625189681,0.015873015873015872,0.17845117845117844,0.0784030784030784,0.10004810004810004,0.4393530997304582
2015,12080,500,1.0,1870,1859,251,475,87,12,35,220,28,16,191,422,5,0,0.0,47,24,13,47.0,0,0.0,2087,0.25551371705217857,0.34163871586008626,0.4437869822485207,0.785425698108607,0.31095406360424027,0.3185840707964602,0.016770483948251078,0.20220412074748442,0.09151892668902731,0.11068519405845711,0.45260663507109006
2015,12080,502,1.0,1584,1613,238,446,73,11,22,212,57,28,166,333,4,0,0.0,39,34,11,35.0,0,0.0,1824,0.27650340979541227,0.3569078947368421,0.44203347799132053,0.7989413727281627,0.3341213553979511,0.34340222575516693,0.01206140350877193,0.1825657894736842,0.09100877192982457,0.09155701754385964,0.4984984984984985
2015,12080,503,1.0,1650,1702,233,431,69,8,17,204,60,32,183,355,1,0,0.0,54,16,21,36.0,0,0.0,1922,0.25323149236192716,0.34755463059313213,0.3883666274970623,0.7359212580901944,0.306439674315322,0.3317972350230415,0.008844953173777315,0.18470343392299687,0.09521331945889698,0.08949011446409989,0.5154929577464789
2015,12080,508,1.0,1836,1614,247,429,76,13,24,216,43,17,156,275,4,0,0.0,66,54,20,34.0,0,0.0,1844,0.26579925650557623,0.3530368763557484,0.4436183395291202,0.7966552158848685,0.30337078651685395,0.35566188197767146,0.013015184381778741,0.14913232104121474,0.08459869848156182,0.06453362255965292,0.5672727272727273
2015,12080,509,1.0,1620,1786,200,474,90,4,13,177,19,13,118,348,1,0,0.0,36,27,8,48.0,0,0.0,1939,0.26539753639417696,0.32387828777720473,0.40201567749160133,0.7258939652688061,0.3217027215631542,0.3040650406504065,0.006704486848891181,0.17947395564724083,0.060856111397627644,0.11861784424961319,0.3390804597701149
2015,12080,513,1.0,2100,1930,300,487,99,15,41,270,60,21,232,420,8,0,0.0,53,34,18,37.0,0,0.0,2214,0.2523316062176166,0.3486901535682023,0.46321243523316064,0.8119025888013629,0.29993275050437124,0.3543091655266758,0.018518518518518517,0.1897018970189702,0.10478771454381211,0.08491418247515808,0.5523809523809524
2015,12080,514,1.0,1519,1674,215,455,99,6,18,191,35,27,138,313,3,0,0.0,44,25,21,34.0,0,0.0,1858,0.27180406212664276,0.3428417653390743,0.44384707287933095,0.7866888382184052,0.32038123167155425,0.3182552504038772,0.00968783638320775,0.16846071044133476,0.07427341227125941,0.09418729817007535,0.44089456869009586
2015,12080,518,1.0,1815,1852,304,520,111,17,35,278,89,28,211,342,6,0,0.0,59,35,33,41.0,0,0.0,2131,0.28077753779697623,0.3707179727827311,0.5037796976241901,0.8744976704069212,0.32161803713527853,0.3562913907284768,0.01642421398404505,0.16048803378695448,0.0990145471609573,0.06147348662599718,0.6169590643274854
2015,12080,519,1.0,1824,1684,305,485,81,10,28,275,27,15,186,203,9,0,0.0,40,28,23,37.0,0,0.0,1921,0.28800475059382424,0.37011972930765225,0.4685273159144893,0.8386470452221415,0.30962059620596205,0.4055636896046852,0.014575741801145237,0.10567412805830297,0.09682457053617907,0.008849557522123894,0.916256157635468
2015,12080,521,1.0,1890,1999,382,562,94,17,41,341,90,21,281,466,0,0,0.0,60,81,26,30.0,0,0.0,2387,0.28114057028514255,0.3782991202346041,0.4827413706853427,0.8610404909199467,0.3432147562582345,0.39559164733178653,0.01717637201508169,0.19522413070800168,0.11772098868873063,0.07750314201927105,0.6030042918454935
2015,12080,522,1.0,1891,2088,323,589,96,14,39,286,50,37,205,342,8,0,0.0,32,40,24,55.0,0,0.0,2357,0.282088122605364,0.350445481544336,0.4688697318007663,0.8193152133451023,0.317735413056037,0.36086404066073696,0.016546457361052185,0.14509970301230377,0.08697496817988969,0.05812473483241408,0.5994152046783626
2015,12080,523,1.0,1792,1906,309,547,115,8,28,277,66,22,229,309,5,0,0.0,55,36,25,51.0,0,0.0,2196,0.2869884575026233,0.37841530054644806,0.4790136411332634,0.8574289416797114,0.32559598494353825,0.34993773349937735,0.012750455373406194,0.1407103825136612,0.10428051001821494,0.036429872495446255,0.7411003236245954
2015,12080,527,1.0,1881,1970,414,631,132,8,38,381,52,19,266,363,1,0,0.0,37,50,27,56.0,0,0.0,2313,0.3203045685279188,0.40380458279290965,0.5436548223350254,0.947459405127935,0.37155388471177947,0.41964285714285715,0.016428880242109815,0.1569390402075227,0.11500216169476869,0.041936878512754,0.7327823691460055
2015,12080,528,1.0,1767,1878,317,531,82,20,40,299,41,17,229,382,14,0,0.0,37,60,27,44.0,0,0.0,2194,0.2827476038338658,0.3632634457611668,0.48722044728434505,0.8504838930455119,0.3310856372218476,0.36591809775429324,0.018231540565177756,0.1741112123974476,0.10437556973564266,0.06973564266180493,0.599476439790576
2015,12080,529,1.0,2016,2084,338,528,105,19,28,308,66,38,294,465,11,0,0.0,76,81,26,41.0,0,0.0,2485,0.2533589251439539,0.3613682092555332,0.43522072936660267,0.7965889386221359,0.30921459492888065,0.3563218390804598,0.011267605633802818,0.18712273641851107,0.11830985915492957,0.0688128772635815,0.632258064516129
2015,12080,534,1.0,1581,1712,208,447,82,13,23,188,31,25,161,371,8,0,0.0,31,53,13,46.0,0,0.0,1939,0.2610981308411215,0.32955131511088187,0.433411214953271,0.7629625300641529,0.318557475582269,0.3003246753246753,0.01186178442496132,0.19133574007220217,0.08303249097472924,0.10830324909747292,0.4339622641509434
2015,12080,539,1.0,1438,1713,267,459,89,12,16,225,67,16,167,350,4,0,0.0,40,53,15,34.0,0,0.0,1948,0.2679509632224168,0.34188911704312114,0.4302393461762989,0.7721284632194201,0.3252569750367107,0.3861538461538462,0.008213552361396304,0.17967145790554415,0.08572895277207392,0.09394250513347023,0.47714285714285715
2015,12080,540,1.0,1258,1190,206,351,87,6,34,196,37,8,116,237,3,0,0.0,37,16,14,32.0,0,0.0,1336,0.2949579831932773,0.3772455089820359,0.5705882352941176,0.9478337442761535,0.3397642015005359,0.3659574468085106,0.025449101796407185,0.17739520958083832,0.08682634730538923,0.0905688622754491,0.48945147679324896
2015,12080,541,1.0,2013,1906,287,506,95,9,49,264,25,16,211,425,13,0,0.0,76,45,26,44.0,0,0.0,2188,0.2654774396642183,0.3624314442413163,0.4821615949632739,0.8445930392045902,0.31344307270233196,0.31989247311827956,0.022394881170018283,0.19424131627056673,0.09643510054844608,0.09780621572212066,0.4964705882352941
2015,12080,545,1.0,1560,1714,255,433,82,25,34,229,59,34,202,419,6,0,0.0,61,32,28,39.0,0,0.0,1976,0.2526254375729288,0.3522267206477733,0.47141190198366395,0.8236386226314372,0.3095422808378588,0.3338368580060423,0.01720647773279352,0.21204453441295545,0.10222672064777327,0.10981781376518218,0.4821002386634845
2015,12080,551,1.0,1782,1767,172,421,91,8,23,159,21,24,132,435,5,0,0.0,31,46,4,49.0,0,0.0,1949,0.23825693265421619,0.2996408414571575,0.40690435766836447,0.706545199125522,0.3031226199543031,0.26559714795008915,0.011800923550538737,0.22319138019497178,0.06772703950743972,0.15546434068753207,0.30344827586206896
2015,12080,554,1.0,1053,1169,112,291,51,7,13,98,18,13,91,265,1,0,0.0,20,10,6,32.0,0,0.0,1276,0.24893071000855432,0.31504702194357365,0.39863130881094955,0.7136783307545231,0.30992196209587514,0.2544987146529563,0.01018808777429467,0.20768025078369906,0.0713166144200627,0.13636363636363635,0.3433962264150943
2015,12080,559,1.0,1944,1816,265,462,78,8,30,243,41,17,198,407,3,0,0.0,58,36,17,49.0,0,0.0,2067,0.2544052863436123,0.34736332849540397,0.4196035242290749,0.7669668527244788,0.30945558739255014,0.34156976744186046,0.01451378809869376,0.196903725205612,0.09579100145137881,0.10111272375423319,0.4864864864864865
2015,12080,562,1.0,1680,1752,276,476,81,11,24,240,79,28,194,315,8,0,0.0,45,53,15,38.0,0,0.0,2014,0.271689497716895,0.35501489572989076,0.4377853881278539,0.7928002838577446,0.3165266106442577,0.36468885672937773,0.011916583912611719,0.1564051638530288,0.09632571996027806,0.060079443892750745,0.6158730158730159
2015,12080,563,1.0,1952,1675,335,490,107,10,42,297,68,36,207,396,6,0,0.0,57,32,28,31.0,0,0.0,1942,0.29253731343283584,0.388259526261586,0.5385074626865671,0.9267669889481531,0.3541501976284585,0.41151685393258425,0.021627188465499485,0.203913491246138,0.10659114315139032,0.09732234809474768,0.5227272727272727
2015,12080,572,1.0,1632,1674,257,472,80,18,24,230,86,30,162,329,4,0,0.0,48,47,25,37.0,0,0.0,1908,0.2819593787335723,0.35744234800838576,0.46714456391875747,0.8245869119271432,0.3328380386329866,0.3541033434650456,0.012578616352201259,0.17243186582809225,0.08490566037735849,0.08752620545073377,0.49240121580547114
2015,12080,574,1.0,1770,2058,331,607,87,14,16,305,30,17,204,333,9,0,0.0,54,43,23,50.0,0,0.0,2328,0.2949465500485909,0.3715635738831615,0.43100097181729835,0.8025645457004599,0.34122401847575057,0.3710247349823322,0.006872852233676976,0.14304123711340205,0.08762886597938144,0.055412371134020616,0.6126126126126126
2015,12080,575,1.0,1643,1846,365,528,107,12,57,337,39,12,221,364,8,0,0.0,49,26,16,47.0,0,0.0,2109,0.28602383531960995,0.3783783783783784,0.5449620801733478,0.9233404585517262,0.32685634975711314,0.4156545209176788,0.02702702702702703,0.1725936462778568,0.10478899952584163,0.06780464675201518,0.6071428571428571
2015,12080,576,1.0,1400,1648,285,412,89,8,12,244,80,21,177,329,4,0,0.0,70,20,19,40.0,0,0.0,1864,0.25,0.35354077253218885,0.4016990291262136,0.7552398016584024,0.30165912518853694,0.42194744976816073,0.006437768240343348,0.1765021459227468,0.09495708154506438,0.08154506437768241,0.5379939209726444
2015,12080,587,1.0,1782,1783,262,461,81,18,20,224,72,24,194,282,0,0,0.0,49,36,22,38.0,0,0.0,2035,0.2585530005608525,0.34594594594594597,0.42456533931575996,0.770511285261706,0.2934131736526946,0.3538011695906433,0.009828009828009828,0.13857493857493858,0.09533169533169533,0.043243243243243246,0.6879432624113475
2015,12080,590,1.0,1595,1790,237,445,72,8,20,216,58,27,178,366,8,0,0.0,41,44,15,39.0,0,0.0,2027,0.24860335195530725,0.3275777010360138,0.3871508379888268,0.7147285390248406,0.29950669485553205,0.33695652173913043,0.00986679822397632,0.18056240749876665,0.08781450419338925,0.0927479033053774,0.48633879781420764
2015,12080,596,1.0,1305,1483,185,374,66,8,9,167,53,19,136,260,4,0,0.0,40,27,15,26.0,0,0.0,1661,0.2521915037086986,0.33112582781456956,0.38165879973027644,0.712784627544846,0.2969894222945484,0.32532347504621073,0.005418422636965683,0.15653220951234195,0.08187838651414811,0.07465382299819384,0.5230769230769231
2015,12080,603,1.0,1938,1884,322,542,85,10,20,288,42,31,226,310,10,0,0.0,58,54,33,49.0,0,0.0,2197,0.28768577494692144,0.37596722803823396,0.43630573248407645,0.8122729605223105,0.32892249527410206,0.3746898263027295,0.009103322712790168,0.14110150204824762,0.10286754665452891,0.03823395539371871,0.7290322580645161
2015,12080,606,1.0,1715,1729,272,491,104,11,26,246,41,12,186,418,5,0,0.0,53,11,29,32.0,0,0.0,1955,0.2839791787160208,0.3734015345268542,0.4835164835164835,0.8569180180433378,0.3538812785388128,0.3494318181818182,0.01329923273657289,0.21381074168797953,0.09514066496163683,0.11867007672634271,0.4449760765550239
2015,12080,609,1.0,1792,1982,366,609,100,8,42,323,38,15,180,317,4,0,0.0,51,15,18,56.0,0,0.0,2195,0.30726538849646823,0.3826879271070615,0.5050454086781029,0.8877333357851644,0.34552102376599636,0.40601503759398494,0.019134396355353075,0.14441913439635534,0.08200455580865604,0.062414578587699304,0.5678233438485805
2015,12080,610,1.0,1760,1890,303,570,99,12,19,268,60,39,211,402,14,0,0.0,48,79,20,35.0,0,0.0,2200,0.30158730158730157,0.37681818181818183,0.4656084656084656,0.8424266474266474,0.3700470114170584,0.3506172839506173,0.008636363636363636,0.18272727272727274,0.0959090909090909,0.08681818181818184,0.5248756218905473
2015,12080,617,1.0,1392,1445,174,345,58,10,18,152,31,13,150,323,2,0,0.0,27,14,8,44.0,0,0.0,1617,0.23875432525951557,0.3228200371057514,0.38961937716262973,0.7124394142683812,0.29406474820143885,0.30952380952380953,0.011131725417439703,0.1997526283240569,0.09276437847866419,0.10698824984539272,0.46439628482972134
2015,12080,624,1.0,1856,1855,278,534,78,7,17,239,63,19,164,299,5,0,0.0,41,31,12,41.0,0,0.0,2062,0.28787061994609164,0.3583899127061106,0.4199460916442049,0.7783360043503155,0.3333333333333333,0.36149584487534625,0.008244422890397672,0.14500484966052377,0.07953443258971872,0.06547041707080505,0.5484949832775919
2015,12080,625,1.0,1798,2039,423,624,98,15,84,395,55,15,223,457,6,0,0.0,57,17,16,43.0,0,0.0,2295,0.3060323688082393,0.39389978213507626,0.5890142226581657,0.982914004793242,0.35667107001321,0.41341463414634144,0.036601307189542485,0.1991285403050109,0.09716775599128541,0.10196078431372549,0.487964989059081
2015,12080,626,1.0,1920,2185,404,635,118,12,47,371,56,39,245,426,11,0,0.0,74,57,24,46.0,0,0.0,2511,0.2906178489702517,0.37992831541218636,0.5011441647597255,0.8810724801719119,0.3387096774193548,0.3936052921719956,0.018717642373556352,0.16965352449223417,0.09757068896853843,0.07208283552369574,0.5751173708920188
2015,12080,627,1.0,1870,1908,315,573,100,11,27,293,38,31,194,307,5,0,0.0,48,35,22,59.0,0,0.0,2159,0.300314465408805,0.3774895785085688,0.4790356394129979,0.8565252179215668,0.34210526315789475,0.36548223350253806,0.012505789717461788,0.14219546086150997,0.08985641500694766,0.05233904585456231,0.6319218241042345
2015,12080,629,1.0,1782,1838,241,491,88,10,26,221,42,22,181,391,8,0,0.0,45,51,14,51.0,0,0.0,2084,0.26713819368879216,0.3440499040307102,0.4357997823721436,0.7798496864028538,0.3240418118466899,0.3111432706222865,0.012476007677543186,0.18761996161228406,0.08685220729366602,0.10076775431861804,0.4629156010230179
2015,12080,630,1.0,1824,1851,209,447,73,8,11,186,38,25,184,324,4,0,0.0,48,56,17,44.0,0,0.0,2108,0.24149108589951376,0.3221062618595825,0.3571042679632631,0.6792105298228457,0.28440965427266796,0.2964071856287425,0.005218216318785579,0.15370018975332067,0.0872865275142315,0.06641366223908918,0.5679012345679012
2015,12080,631,1.0,1836,1790,243,464,94,16,26,218,34,27,196,388,6,0,0.0,41,38,13,38.0,0,0.0,2037,0.25921787709497207,0.34413352970054,0.4491620111731844,0.7932955408737243,0.31533477321814257,0.3214814814814815,0.012763868433971527,0.19047619047619047,0.09621993127147767,0.0942562592047128,0.5051546391752577
2015,12080,632,1.0,1836,1604,225,428,69,6,12,197,39,25,178,343,7,0,0.0,55,30,14,36.0,0,0.0,1826,0.26683291770573564,0.3619934282584885,0.3940149625935162,0.7560083908520048,0.32937450514647665,0.32819722650231126,0.0065717415115005475,0.18784227820372398,0.09748083242059145,0.09036144578313253,0.5189504373177842
2015,12080,635,1.0,1700,1627,259,404,73,13,13,229,88,25,198,343,0,0,0.0,55,26,22,37.0,0,0.0,1873,0.24830977258758452,0.35077415910304327,0.39397664413030115,0.7447508032333444,0.3023975251353442,0.38198757763975155,0.0069407367859049655,0.1831286705819541,0.10571276027762948,0.07741591030432461,0.577259475218659
2015,12080,639,1.0,1581,1608,226,397,69,8,28,205,20,14,184,375,3,0,0.0,43,33,15,37.0,0,0.0,1840,0.2468905472636816,0.3391304347826087,0.4172885572139303,0.756418991996539,0.30245901639344264,0.33221476510067116,0.015217391304347827,0.20380434782608695,0.1,0.10380434782608694,0.49066666666666664
2015,12080,646,1.0,1995,2002,328,570,75,15,12,282,80,25,248,265,5,0,0.0,61,50,28,56.0,0,0.0,2328,0.28471528471528473,0.37757731958762886,0.4060939060939061,0.783671225681535,0.31831146605818594,0.3644752018454441,0.005154639175257732,0.11383161512027491,0.10652920962199312,0.007302405498281789,0.9358490566037736
2015,12080,648,1.0,1995,1770,306,464,61,15,41,281,62,14,245,352,7,0,0.0,33,25,31,43.0,0,0.0,2071,0.2621468926553672,0.3582810236600676,0.4491525423728814,0.807433566032949,0.30042613636363635,0.3780313837375178,0.01979719942056977,0.1699661999034283,0.11830033800096572,0.05166586190246257,0.6960227272727273
2015,12080,651,1.0,1860,1978,305,526,88,13,30,273,72,19,228,462,3,0,0.0,53,44,17,42.0,0,0.0,2267,0.2659251769464105,0.35597706219673575,0.4352881698685541,0.7912652320652899,0.3300066533599468,0.3539253539253539,0.013233348037053375,0.20379355977062197,0.10057344508160565,0.10322011468901632,0.4935064935064935
2015,12080,654,1.0,2065,2097,473,635,129,19,66,435,53,27,326,443,7,0,0.0,56,32,30,53.0,0,0.0,2485,0.3028135431568908,0.40925553319919517,0.5789222699093943,0.9881778031085895,0.3516687268232386,0.42797055730809674,0.026559356136820925,0.17826961770623742,0.1311871227364185,0.04708249496981892,0.7358916478555305
2015,12080,655,1.0,1770,2006,373,599,83,16,28,322,90,29,236,396,3,0,0.0,83,36,25,53.0,0,0.0,2303,0.29860418743768696,0.3986105080330004,0.4611166500498505,0.8597271580828509,0.35532047293092717,0.38764044943820225,0.0121580547112462,0.17194963091619628,0.10247503256621798,0.0694745983499783,0.5959595959595959
2015,12080,657,1.0,2040,2083,377,613,110,13,35,347,94,33,231,374,17,0,0.0,59,51,46,53.0,0,0.0,2411,0.2942870859337494,0.37453338863542096,0.485837734037446,0.860371122672867,0.336046511627907,0.39400921658986177,0.014516798009124844,0.15512235586893405,0.09581086686022397,0.05931148900871008,0.6176470588235294
2015,12080,659,1.0,1824,1870,206,468,75,7,12,173,15,14,154,392,6,0,0.0,43,34,8,37.0,0,0.0,2066,0.25026737967914436,0.3218780251694095,0.367379679144385,0.6892577043137945,0.3093622795115332,0.29709035222052066,0.005808325266214908,0.18973862536302033,0.07454017424975799,0.11519845111326234,0.39285714285714285
2015,12080,660,1.0,1300,1733,283,477,100,9,50,258,45,19,198,335,3,0,0.0,44,17,21,49.0,0,0.0,1969,0.27524523946912866,0.3651599796851194,0.5216387766878245,0.8867987563729439,0.3119065010956903,0.3482810164424514,0.025393600812595226,0.17013712544438803,0.1005586592178771,0.06957846622651093,0.591044776119403
2015,12080,664,1.0,1728,1867,308,510,87,8,42,275,56,23,210,358,13,0,0.0,54,42,20,42.0,0,0.0,2139,0.2731655061596144,0.36185133239831696,0.4692019282271023,0.8310532606254193,0.31472763954270344,0.3633879781420765,0.019635343618513323,0.16736792893875643,0.09817671809256662,0.06919121084618982,0.5865921787709497
2015,12080,669,1.0,1708,2072,381,601,118,14,39,355,42,29,317,370,11,0,0.0,60,54,30,44.0,0,0.0,2473,0.29005791505791506,0.39547108774767487,0.4995173745173745,0.8949884622650494,0.33195510927347904,0.36421725239616615,0.015770319450060657,0.14961585119288315,0.12818439142741608,0.021431459765467065,0.8567567567567568
2015,12080,670,1.0,1624,1915,315,493,86,9,48,295,37,14,235,399,2,0,0.0,60,24,14,45.0,0,0.0,2188,0.2574412532637076,0.360146252285192,0.4616187989556136,0.8217650512408056,0.30026990553306343,0.3608108108108108,0.021937842778793418,0.1823583180987203,0.10740402193784278,0.07495429616087752,0.5889724310776943
2015,12080,671,1.0,1950,2202,385,599,121,13,57,342,82,37,253,423,20,0,0.0,65,74,25,49.0,0,0.0,2554,0.2720254314259764,0.3590446358653093,0.5031789282470481,0.8622235641123575,0.3102461362335432,0.3813953488372093,0.022317932654659357,0.16562255285826155,0.0990602975724354,0.06656225528582616,0.5981087470449172
2015,12080,674,1.0,1904,1854,234,470,82,11,18,211,25,15,196,312,5,0,0.0,43,42,17,56.0,0,0.0,2109,0.2535059331175836,0.3361782835467046,0.39859762675296656,0.7347759102996712,0.29331602855288774,0.3125904486251809,0.008534850640113799,0.14793741109530584,0.09293504030346135,0.05500237079184449,0.6282051282051282
2015,12080,676,1.0,1785,1727,225,455,62,14,18,203,74,22,170,372,3,0,0.0,46,36,14,41.0,0,0.0,1947,0.26346265199768387,0.3446327683615819,0.4012738853503185,0.7459066537119003,0.3234641006661732,0.3169984686064318,0.009244992295839754,0.19106317411402157,0.08731381612737545,0.10374935798664613,0.45698924731182794
2015,12080,678,1.0,1947,2047,345,578,120,14,37,330,40,15,188,339,7,0,0.0,65,22,22,45.0,0,0.0,2279,0.28236443575964826,0.3646336112329969,0.4924279433317049,0.8570615545647018,0.3195510927347903,0.3879093198992443,0.016235190873189996,0.14874945151382185,0.08249232119350593,0.06625713032031592,0.5545722713864307
2015,12080,683,1.0,1530,1684,320,494,73,27,8,280,51,17,241,221,7,0,0.0,40,31,21,43.0,0,0.0,1977,0.29334916864608074,0.39200809307030854,0.4471496437054632,0.8391577367757717,0.32926829268292684,0.4067796610169492,0.004046535154274153,0.11178553363682348,0.12190187152250885,-0.010116337885685375,1.090497737556561
2015,12080,692,1.0,1760,1930,361,522,115,8,41,324,28,7,270,351,11,0,0.0,74,18,31,54.0,0,0.0,2249,0.2704663212435233,0.3850600266785238,0.48704663212435234,0.8721066588028761,0.3065646908859146,0.3878787878787879,0.01823032458870609,0.15606936416184972,0.1200533570475767,0.03601600711427301,0.7692307692307693
2015,12080,694,1.0,1650,1614,229,424,66,15,35,204,57,28,169,354,9,0,0.0,66,53,14,39.0,0,0.0,1850,0.26270136307311026,0.35621621621621624,0.4591078066914498,0.815324022907666,0.3139628732849072,0.3108974358974359,0.01891891891891892,0.19135135135135134,0.09135135135135135,0.09999999999999999,0.4774011299435028
2015,12080,697,1.0,2112,2188,424,655,108,13,70,400,35,18,280,422,15,0,0.0,59,37,35,66.0,0,0.0,2540,0.2993601462522852,0.39133858267716537,0.5438756855575868,0.9352142682347522,0.3379549393414211,0.38311688311688313,0.027559055118110236,0.16614173228346457,0.11023622047244094,0.05590551181102363,0.6635071090047393
2015,12080,698,1.0,1782,2256,388,644,87,13,27,339,119,45,261,459,12,0,0.0,49,29,27,62.0,0,0.0,2573,0.2854609929078014,0.37077341624562765,0.42774822695035464,0.7985216431959823,0.34335002782415136,0.389428263214671,0.010493587252234746,0.17839098328799066,0.10143801010493587,0.07695297318305479,0.5686274509803921
2015,12080,700,1.0,2035,1915,292,523,107,14,41,269,38,15,226,388,6,0,0.0,51,37,18,40.0,0,0.0,2196,0.2731070496083551,0.36429872495446264,0.49242819843342034,0.8567269233878829,0.3204787234042553,0.33069828722002637,0.018670309653916212,0.1766848816029144,0.1029143897996357,0.0737704918032787,0.5824742268041238
2015,12080,702,1.0,1792,1920,268,528,87,10,17,247,34,10,218,364,3,0,0.0,32,25,20,56.0,0,0.0,2183,0.275,0.35639028859367844,0.4166666666666667,0.7730569552603451,0.3277742142398974,0.32982917214191854,0.007787448465414567,0.16674301420064133,0.09986257443884562,0.06688043976179571,0.5989010989010989
2015,12080,703,1.0,1881,1941,265,502,87,19,41,243,41,21,232,423,11,0,0.0,49,69,15,45.0,0,0.0,2257,0.2586295723853684,0.34692069118298624,0.46213292117465227,0.8090536123576385,0.3089812332439678,0.3018867924528302,0.018165706690296855,0.18741692512184316,0.10279131590607,0.08462560921577315,0.5484633569739953
2015,12080,706,1.0,1798,1996,362,572,118,10,52,316,68,24,212,402,9,0,0.0,61,34,25,31.0,0,0.0,2267,0.2865731462925852,0.37273930304367003,0.5240480961923848,0.8967873992360549,0.3318442884492661,0.39092055485498106,0.02293780326422585,0.1773268636965152,0.09351565946184384,0.08381120423467137,0.527363184079602
2015,12080,709,1.0,1798,1995,234,495,79,9,26,210,37,22,143,409,5,0,0.0,63,55,17,36.0,0,0.0,2210,0.24812030075187969,0.3171945701357466,0.3929824561403509,0.7101770262760975,0.2974001268230818,0.30814814814814817,0.011764705882352941,0.18506787330316743,0.06470588235294118,0.12036199095022625,0.34963325183374083
2015,12080,711,1.0,1768,1809,326,509,95,7,29,289,48,34,254,369,3,0,0.0,32,30,22,50.0,0,0.0,2115,0.28137092316196793,0.375886524822695,0.4621337755666114,0.8380203003893064,0.3349616189811584,0.3877284595300261,0.013711583924349883,0.17446808510638298,0.12009456264775414,0.05437352245862884,0.6883468834688347
2015,12080,716,1.0,1705,1810,247,481,83,13,34,229,77,24,195,384,3,0,0.0,46,40,16,47.0,0,0.0,2061,0.26574585635359116,0.35031538088306646,0.45414364640883975,0.8044590272919062,0.3174715909090909,0.30959302325581395,0.016496846191169336,0.18631732168850074,0.09461426491994178,0.09170305676855896,0.5078125
2015,12080,718,1.0,1800,1966,260,499,75,12,29,231,54,26,202,464,2,0,0.0,46,49,19,42.0,0,0.0,2236,0.2538148524923703,0.3340787119856887,0.4074262461851475,0.7415049581708362,0.31501340482573725,0.32172701949860727,0.0129695885509839,0.2075134168157424,0.09033989266547406,0.11717352415026834,0.4353448275862069
2015,12080,721,1.0,1612,1824,283,505,126,13,27,264,74,26,126,408,5,0,0.0,66,24,18,43.0,0,0.0,1992,0.2768640350877193,0.3498995983935743,0.4956140350877193,0.8455136334812936,0.33972992181947403,0.382089552238806,0.01355421686746988,0.20481927710843373,0.06325301204819277,0.14156626506024095,0.3088235294117647
2015,12080,725,1.0,1457,1461,225,374,84,11,10,196,55,21,129,293,2,0,0.0,79,42,15,21.0,0,0.0,1647,0.25598904859685145,0.3533697632058288,0.4209445585215606,0.7743143217273893,0.3103154305200341,0.3758741258741259,0.006071645415907711,0.17789921068609593,0.07832422586520947,0.09957498482088646,0.4402730375426621
2015,12080,726,1.0,1767,1905,320,541,83,36,10,286,54,19,204,361,4,0,0.0,51,48,20,43.0,0,0.0,2177,0.28398950131233597,0.36564079007808914,0.44881889763779526,0.8144596877158844,0.3416988416988417,0.3944020356234097,0.004593477262287551,0.16582452916858062,0.09370693615066605,0.07211759301791457,0.5650969529085873
2015,12080,732,1.0,1612,1678,231,428,66,9,23,210,71,50,164,339,8,0,0.0,76,47,16,43.0,0,0.0,1905,0.2550655542312277,0.3506561679790026,0.40464839094159716,0.7553045589205998,0.30405405405405406,0.32248062015503876,0.012073490813648294,0.17795275590551182,0.08608923884514436,0.09186351706036747,0.4837758112094395
2015,12080,735,1.0,1749,1859,305,516,97,7,21,270,42,23,257,390,8,0,0.0,61,36,28,26.0,0,0.0,2180,0.27756858526089295,0.38256880733944953,0.4384077461000538,0.8209765534395033,0.3353658536585366,0.34932349323493234,0.00963302752293578,0.17889908256880735,0.11788990825688074,0.06100917431192661,0.658974358974359
2015,12080,736,1.0,2376,2505,476,726,152,28,69,433,106,32,302,610,12,0,0.0,79,45,31,49.0,0,0.0,2883,0.2898203592814371,0.3839750260145682,0.5548902195608783,0.9388652455754465,0.35379644588045234,0.3921001926782274,0.023933402705515087,0.2115851543531044,0.10475199445022546,0.10683315990287895,0.49508196721311476
2015,12080,739,1.0,1450,1705,231,456,83,13,13,201,67,17,180,313,7,0,0.0,50,38,5,42.0,0,0.0,1928,0.26744868035190617,0.3558091286307054,0.41818181818181815,0.7739909468125236,0.32008670520231214,0.32392273402674593,0.006742738589211619,0.16234439834024897,0.09336099585062241,0.06898340248962656,0.5750798722044729
2015,12080,740,1.0,2048,2168,361,614,85,13,28,312,52,31,218,387,7,0,0.0,111,52,31,51.0,0,0.0,2469,0.283210332103321,0.3819360064803564,0.4312730627306273,0.8132090692109837,0.32847533632286996,0.3639344262295082,0.011340623734305387,0.15674362089914945,0.08829485621709195,0.0684487646820575,0.5633074935400517
2015,12080,741,1.0,1683,1740,304,484,90,9,60,275,99,24,203,437,7,0,0.0,63,35,16,35.0,0,0.0,1994,0.27816091954022987,0.37612838515546637,0.5350574712643679,0.9111858564198343,0.3367752184273233,0.3536231884057971,0.03009027081243731,0.21915747241725175,0.10180541624874624,0.11735205616850551,0.4645308924485126
2015,12080,742,1.0,1782,1852,304,492,93,14,35,276,27,10,225,415,8,0,0.0,49,35,19,43.0,0,0.0,2131,0.265658747300216,0.3594556546222431,0.46436285097192226,0.8238185055941654,0.3216045038705137,0.3679890560875513,0.01642421398404505,0.19474425152510558,0.10558423275457532,0.08916001877053026,0.5421686746987951
2015,12080,746,1.0,1972,2310,357,626,97,15,35,328,44,30,259,343,8,0,0.0,68,54,29,51.0,0,0.0,2652,0.270995670995671,0.35935143288084465,0.43506493506493504,0.7944163679457796,0.30137684854665986,0.35076252723311546,0.013197586726998492,0.12933634992458523,0.09766214177978884,0.03167420814479639,0.7551020408163265
2015,12080,748,1.0,1600,1484,249,407,75,6,16,207,43,14,166,246,9,0,0.0,37,35,20,36.0,0,0.0,1705,0.2742587601078167,0.35777126099706746,0.4305929919137466,0.7883642529108141,0.3148148148148148,0.39225589225589225,0.0093841642228739,0.14428152492668622,0.09736070381231672,0.0469208211143695,0.6747967479674797
2015,12080,749,1.0,1749,1851,328,544,125,4,48,308,51,14,219,405,7,0,0.0,58,27,17,40.0,0,0.0,2114,0.2938951917882226,0.3883632923368023,0.5391680172879525,0.9275313096247548,0.35053003533568905,0.36222509702457956,0.02270577105014191,0.19157994323557237,0.10359508041627247,0.0879848628192999,0.5407407407407407
2015,12080,754,1.0,1848,1822,232,435,81,17,13,207,71,33,215,424,13,0,0.0,48,44,15,38.0,0,0.0,2096,0.23874862788144896,0.3330152671755725,0.38419319429198684,0.7172084614675593,0.30142857142857143,0.3197080291970803,0.006202290076335878,0.20229007633587787,0.10257633587786259,0.09971374045801527,0.5070754716981132
2015,12080,756,1.0,1782,1836,248,460,95,6,32,211,32,15,192,366,11,0,0.0,75,48,16,36.0,0,0.0,2092,0.25054466230936817,0.3475143403441683,0.4335511982570806,0.7810655386012488,0.29436038514442914,0.3107913669064748,0.015296367112810707,0.17495219885277247,0.09177820267686425,0.08317399617590822,0.5245901639344263
2015,12080,768,1.0,1674,1865,276,496,102,9,49,252,57,25,182,432,8,0,0.0,42,28,16,48.0,0,0.0,2091,0.26595174262734583,0.34433285509325684,0.4949061662198391,0.839239021313096,0.3192857142857143,0.338301043219076,0.0234337637494022,0.2065997130559541,0.08703969392635102,0.11956001912960307,0.4212962962962963
2015,12080,769,1.0,1581,1720,344,488,97,9,46,313,60,19,188,373,6,0,0.0,77,26,25,33.0,0,0.0,1959,0.2837209302325581,0.38437978560490044,0.5191860465116279,0.9035658321165283,0.3333333333333333,0.4214992927864215,0.02348136804492088,0.19040326697294538,0.0959673302705462,0.09443593670239918,0.5040214477211796
2015,12080,772,1.0,1612,1768,278,478,95,10,47,248,43,23,192,391,11,0,0.0,33,26,23,34.0,0,0.0,2009,0.2703619909502262,0.34992533598805375,0.501131221719457,0.8510565577075108,0.31855136733185513,0.3521341463414634,0.0233947237431558,0.1946241911398706,0.09556993529118965,0.09905425584868094,0.49104859335038364
2015,12080,774,1.0,1560,1765,253,437,77,18,14,219,33,23,168,310,7,0,0.0,69,44,8,44.0,0,0.0,1985,0.24759206798866856,0.3395465994962217,0.39716713881019833,0.73671373830642,0.2919254658385093,0.3621212121212121,0.007052896725440806,0.1561712846347607,0.08463476070528968,0.07153652392947103,0.5419354838709678
2015,12080,782,1.0,2006,1978,342,542,91,15,40,312,79,19,215,481,2,0,0.0,74,33,25,39.0,0,0.0,2251,0.27401415571284127,0.3691692581075078,0.4696663296258847,0.8388355877333925,0.33873144399460187,0.38179519595448796,0.01776988005330964,0.2136828076410484,0.09551310528653932,0.11816970235450909,0.446985446985447
2015,12080,786,1.0,1560,1433,253,382,96,5,36,221,23,5,176,325,11,0,0.0,40,31,9,49.0,0,0.0,1649,0.2665736217725052,0.36264402668283807,0.5115143056524774,0.8741583323353155,0.32007400555041626,0.3861209964412811,0.021831412977562158,0.19708914493632504,0.10673135233474833,0.09035779260157671,0.5415384615384615
2015,12080,792,1.0,1829,2013,362,601,87,19,23,322,64,27,225,389,2,0,0.0,44,41,31,53.0,0,0.0,2310,0.2985593641331346,0.37662337662337664,0.45901639344262296,0.8356397700659997,0.3541666666666667,0.4002361275088548,0.009956709956709957,0.1683982683982684,0.09740259740259741,0.070995670995671,0.5784061696658098
2015,12080,797,1.0,2006,1874,338,544,117,23,25,309,96,22,187,308,4,0,0.0,75,27,26,46.0,0,0.0,2114,0.2902881536819637,0.3812677388836329,0.5053361792956244,0.8866039181792573,0.3312061263560944,0.4007682458386684,0.011825922421948912,0.1456953642384106,0.08845789971617786,0.05723746452223273,0.6071428571428571
2015,12080,810,1.0,1740,1851,356,532,99,14,32,325,59,24,213,330,6,9,0.0,62,37,33,41.0,0,0.0,2134,0.28741220961642355,0.3781630740393627,0.4862236628849271,0.8643867369242898,0.328515111695138,0.4180645161290323,0.01499531396438613,0.15463917525773196,0.09981255857544517,0.05482661668228679,0.6454545454545455
2015,12080,812,1.0,1696,1732,230,442,71,11,26,205,68,21,157,384,2,0,0.0,55,15,23,35.0,0,0.0,1927,0.25519630484988454,0.3393876491956409,0.41628175519630484,0.7556694043919457,0.3092936802973978,0.3248407643312102,0.013492475350285417,0.1992734820965231,0.08147379346133887,0.11779968863518422,0.4088541666666667
2015,12080,813,1.0,1064,1278,185,343,70,1,6,151,49,19,132,281,1,0,0.0,47,12,10,22.0,0,0.0,1432,0.2683881064162754,0.3645251396648045,0.39906103286384975,0.7635861725286542,0.33666333666333664,0.34689922480620156,0.004189944134078212,0.1962290502793296,0.09217877094972067,0.10405027932960893,0.4697508896797153
2015,12080,817,1.0,1400,1693,208,420,51,10,16,181,53,20,170,364,3,0,0.0,34,24,9,45.0,0,0.0,1896,0.24808033077377437,0.3291139240506329,0.3638511518015357,0.6929650758521686,0.30559757942511345,0.3157894736842105,0.008438818565400843,0.19198312236286919,0.08966244725738397,0.10232067510548522,0.46703296703296704
2015,12080,1004,1.0,2014,1696,261,448,81,15,25,236,36,15,209,323,7,0,0.0,60,54,18,37.0,0,0.0,1977,0.2641509433962264,0.3626707132018209,0.44516509433962265,0.8078358075414436,0.3096632503660322,0.34104046242774566,0.012645422357106728,0.16337885685381892,0.10571573090541224,0.05766312594840668,0.6470588235294118
2015,12080,1014,1.0,1740,1869,396,552,103,14,63,348,43,18,201,326,7,0,0.0,40,18,26,38.0,0,0.0,2114,0.2953451043338684,0.3751182592242195,0.5628678437667202,0.9379861029909397,0.3247011952191235,0.45616438356164385,0.029801324503311258,0.15421002838221382,0.09508041627246926,0.05912961210974456,0.6165644171779141
2015,12080,1045,1.0,1679,1938,372,560,117,16,49,331,55,18,233,390,5,0,0.0,67,35,23,39.0,0,0.0,2229,0.2889576883384933,0.3858232391206819,0.5356037151702786,0.9214269542909606,0.335742444152431,0.39827373612823674,0.021982951996410947,0.17496635262449528,0.10453117990130104,0.07043517272319424,0.5974358974358974
2015,12080,1068,1.0,1674,1852,348,504,85,10,45,316,39,19,239,429,9,0,0.0,54,28,21,41.0,0,0.0,2140,0.27213822894168466,0.3724299065420561,0.4773218142548596,0.8497517207969156,0.3280914939242316,0.4029255319148936,0.02102803738317757,0.20046728971962616,0.11168224299065421,0.08878504672897194,0.5571095571095571
2015,12080,1092,1.0,1802,1753,212,414,76,6,24,186,70,26,143,418,5,0,0.0,40,23,16,35.0,0,0.0,1935,0.23616657159155732,0.3085271317829457,0.387906446092413,0.6964335778753588,0.293896006028636,0.32809773123909247,0.012403100775193798,0.2160206718346253,0.07390180878552971,0.1421188630490956,0.34210526315789475
2015,12080,1104,1.0,1802,1836,342,565,86,11,26,301,45,27,184,301,9,0,0.0,31,42,26,46.0,0,0.0,2088,0.3077342047930283,0.3735632183908046,0.4760348583877996,0.8495980767786042,0.3511400651465798,0.41909814323607425,0.012452107279693486,0.14415708812260536,0.08812260536398467,0.05603448275862069,0.6112956810631229
2015,12080,1157,1.0,1680,1723,269,477,77,6,36,248,57,19,195,338,9,0,0.0,36,42,20,38.0,0,0.0,1980,0.2768427161926872,0.3575757575757576,0.4602437608821822,0.8178195184579398,0.32213294375456536,0.34672619047619047,0.01818181818181818,0.1707070707070707,0.09848484848484848,0.07222222222222222,0.5769230769230769
2015,12080,1320,1.0,990,796,117,201,17,6,7,93,13,15,69,164,2,0,0.0,16,17,6,19.0,0,0.0,888,0.25251256281407036,0.32207207207207206,0.3530150753768844,0.6750871474489565,0.3074484944532488,0.3942652329749104,0.007882882882882882,0.18468468468468469,0.0777027027027027,0.10698198198198199,0.42073170731707316
2015,12080,1356,1.0,1856,1928,311,528,78,19,24,280,90,25,248,310,5,0,0.0,47,56,26,43.0,0,0.0,2258,0.27385892116182575,0.3644818423383525,0.4341286307053942,0.7986104730437467,0.3111111111111111,0.3591989987484355,0.010628875110717449,0.13728963684676704,0.10983170947741364,0.027457927369353402,0.8
2015,12080,1395,2.0,1410,1442,205,390,70,14,25,184,41,31,145,338,2,0,0.0,63,33,15,26.0,0,0.0,1635,0.27045769764216365,0.3657492354740061,0.46601941747572817,0.8317686529497343,0.3336380255941499,0.31413612565445026,0.01529051987767584,0.20672782874617737,0.08868501529051988,0.1180428134556575,0.4289940828402367
2015,12080,2678,1.0,1360,1354,245,366,66,6,19,216,29,25,141,261,4,0,0.0,62,30,16,36.0,0,0.0,1541,0.27031019202363366,0.3692407527579494,0.43722304283604135,0.8064637955939907,0.318348623853211,0.4109090909090909,0.012329656067488644,0.16937053861129137,0.09149902660609993,0.07787151200519143,0.5402298850574713
2015,12080,2711,1.0,1830,2071,458,648,95,18,58,416,58,16,209,247,9,0,0.0,46,35,31,57.0,0,0.0,2346,0.312892322549493,0.38491048593350385,0.5427329792370835,0.9276434651705874,0.3283249860879243,0.47337278106508873,0.0247229326513214,0.10528559249786872,0.08908780903665814,0.016197783461210577,0.8461538461538461
2015,12080,2743,1.0,1620,1763,225,453,87,12,22,209,34,14,157,376,2,0,0.0,42,31,15,37.0,0,0.0,1966,0.25694838343732274,0.3316378433367243,0.42597844583096994,0.7576162891676943,0.31231884057971016,0.32222222222222224,0.011190233977619531,0.19125127161749747,0.07985757884028484,0.11139369277721263,0.4175531914893617
2015,12080,2915,1.0,2135,1811,361,533,113,16,36,323,124,27,231,397,4,0,0.0,49,40,32,32.0,0,0.0,2114,0.2943125345113197,0.3845789971617786,0.5251242407509663,0.909703237912745,0.3524822695035461,0.41827541827541825,0.017029328287606435,0.18779564806054871,0.10927152317880795,0.07852412488174076,0.5818639798488665
2015,12080,10411,1.0,1537,1814,262,496,86,14,14,219,20,4,185,418,2,0,0.0,53,35,33,55.0,0,0.0,2067,0.27342888643880925,0.355104015481374,0.422271223814774,0.7773752392961479,0.34063604240282686,0.34444444444444444,0.006773101112723754,0.20222544750846638,0.08950169327527818,0.1127237542331882,0.44258373205741625
2015,12080,14927,1.0,1624,2017,433,590,136,17,70,396,90,23,267,373,4,0,0.0,78,24,29,48.0,0,0.0,2337,0.2925136341100645,0.40008557980316645,0.5914724838869608,0.9915580636901273,0.32439176543980036,0.41965317919075146,0.02995293110825845,0.15960633290543433,0.11424903722721438,0.045357295678219944,0.7158176943699732
2015,12080,19651,1.0,1870,1894,325,536,97,14,24,275,68,27,185,347,4,0,0.0,52,24,31,44.0,0,0.0,2134,0.28299894403379094,0.3622305529522024,0.4582893347412883,0.8205198876934907,0.32947232947232946,0.40186915887850466,0.011246485473289597,0.1626054358013121,0.0866916588566073,0.07591377694470479,0.5331412103746398
2015,12080,28600,1.0,1888,1914,329,526,104,17,37,302,91,33,224,362,6,0,0.0,49,62,26,48.0,0,0.0,2226,0.27481713688610243,0.35893980233602873,0.48746081504702193,0.8464006173830507,0.3173264114211551,0.38320209973753283,0.016621743036837375,0.16262353998203055,0.10062893081761007,0.06199460916442048,0.6187845303867403
2015,12080,28755,1.0,1736,1896,307,555,94,7,20,279,43,16,226,314,6,0,0.0,51,69,25,44.0,0,0.0,2216,0.2927215189873418,0.37545126353790614,0.4451476793248945,0.8205989428628007,0.3371140516698173,0.35344827586206895,0.009025270758122744,0.14169675090252706,0.10198555956678701,0.039711191335740054,0.7197452229299363
2015,12080,30024,1.0,1728,1808,269,473,75,20,19,243,38,17,190,427,5,0,0.0,35,23,19,42.0,0,0.0,2040,0.2616150442477876,0.34215686274509804,0.4198008849557522,0.7619577477008502,0.3287472845763939,0.36818851251840945,0.009313725490196078,0.20931372549019608,0.09313725490196079,0.1161764705882353,0.4449648711943794
2015,12080,30095,2.0,1632,1625,314,465,85,9,15,269,43,26,181,275,5,0,0.0,39,65,34,40.0,0,0.0,1905,0.28615384615384615,0.35958005249343833,0.4443076923076923,0.8038877448011306,0.3287070854638422,0.4462686567164179,0.007874015748031496,0.14435695538057744,0.09501312335958005,0.04934383202099739,0.6581818181818182
2015,12080,30135,2.0,1855,1825,301,559,112,6,40,275,58,17,207,334,7,0,0.0,33,44,19,42.0,0,0.0,2095,0.3063013698630137,0.38138424821002387,0.5265753424657534,0.9079595906757774,0.35306122448979593,0.3438735177865613,0.01909307875894988,0.1594272076372315,0.09880668257756563,0.06062052505966588,0.6197604790419161
