season,season_id,school_id,division,G,AB,R,H,2B,3B,HR,RBI,SB,CS,BB,K,IBB,TB,GDP,HBP,SH,SF,DP,Picked,OPP DP,RC,PA,BA,SecA,OBP,SLG,OPS,OPS+,ISO,BAbip,XR,XRR,XRB,PSN,RS%,HR%,K%,BB%,K-BB%,BB/K
2023,16340,2,1.0,46,171,26,50,5,2,5,23,6,0,14,48,0,74,1.0,5,2,0,0.0,0,2.0,27.979583333333334,187,0.292,0.257,0.369,0.503,0.872,96.0,0.064,0.381,54.256,53.172,54.204,5.5,0.328,0.027,0.257,0.075,0.182,0.292
2023,16340,5,1.0,52,163,24,36,8,2,5,19,4,1,17,47,0,63,4.0,1,0,1,0.0,1,6.0,18.235824175824177,181,0.221,0.288,0.298,0.479,0.777,81.0,0.086,0.277,42.284,42.114,43.648,4.4,0.388,0.028,0.26,0.094,0.166,0.362
2023,16340,6,1.0,61,165,41,45,10,2,3,34,24,1,34,55,0,68,0.0,4,3,2,0.0,3,0.0,30.775192307692308,204,0.273,0.485,0.407,0.503,0.91,100.0,0.097,0.385,54.2,52.1,53.7,5.3,0.475,0.015,0.27,0.167,0.103,0.618
2023,16340,7,1.0,48,176,49,59,11,3,6,44,7,1,36,37,0,94,8.0,5,0,3,0.0,0,9.0,43.31481818181818,215,0.335,0.438,0.465,0.648,1.113,151.0,0.114,0.39,71.104,71.324,73.188,6.5,0.457,0.028,0.172,0.167,0.005,0.973
2023,16340,8,1.0,67,165,51,64,8,3,9,50,4,0,26,27,0,105,1.0,9,2,4,0.0,0,5.0,54.30582524271845,197,0.388,0.43,0.503,0.758,1.261,189.0,0.103,0.414,85.204,82.282,83.624,5.5,0.467,0.046,0.137,0.132,0.005,0.963
2023,16340,9,1.0,41,131,15,26,3,0,1,12,6,2,18,32,0,32,0.0,6,1,0,0.0,0,0.0,11.78948717948718,150,0.198,0.214,0.333,0.275,0.608,22.0,0.023,0.255,20.294,19.29,21.16,1.7,0.286,0.007,0.213,0.12,0.093,0.562
2023,16340,17,1.0,48,120,15,31,8,1,0,14,4,1,10,34,0,41,0.0,1,1,0,0.0,1,1.0,13.642878787878788,131,0.258,0.192,0.321,0.417,0.738,64.0,0.092,0.36,28.738,27.838,29.076,0.0,0.357,0.0,0.26,0.076,0.184,0.294
2023,16340,28,1.0,47,153,31,49,9,2,8,30,4,2,27,35,3,86,4.0,7,1,5,0.0,2,6.0,37.553471502590675,186,0.32,0.431,0.446,0.686,1.132,161.0,0.098,0.357,68.82,65.158,67.576,5.3,0.307,0.043,0.188,0.145,0.043,0.771
2023,16340,29,1.0,49,178,24,44,14,2,4,24,6,0,21,45,1,74,1.0,8,1,2,0.0,0,1.0,27.889714285714287,202,0.247,0.32,0.361,0.528,0.889,103.0,0.112,0.305,57.46,54.928,56.016,4.8,0.29,0.02,0.223,0.104,0.119,0.467
2023,16340,30,1.0,53,139,31,45,9,0,2,25,5,1,18,35,1,60,2.0,7,1,3,0.0,0,2.0,26.445,161,0.324,0.266,0.435,0.511,0.946,106.0,0.065,0.41,47.48,45.338,46.836,2.9,0.426,0.012,0.217,0.112,0.105,0.514
2023,16340,31,1.0,44,129,35,40,9,1,6,34,4,0,23,37,0,69,3.0,6,0,6,0.0,1,5.0,30.83439024390244,158,0.31,0.434,0.437,0.659,1.096,151.0,0.093,0.37,55.184,52.908,53.836,4.8,0.46,0.038,0.234,0.146,0.088,0.622
2023,16340,32,1.0,40,125,23,33,5,2,4,24,6,4,19,32,0,54,3.0,6,0,2,0.0,0,3.0,20.32671052631579,146,0.264,0.336,0.397,0.52,0.917,104.0,0.088,0.319,39.234,38.524,41.868,4.8,0.352,0.027,0.219,0.13,0.089,0.594
2023,16340,37,1.0,42,127,26,42,9,0,4,27,1,0,21,27,0,63,3.0,4,2,3,0.0,0,3.0,28.35108280254777,153,0.331,0.339,0.438,0.598,1.036,133.0,0.071,0.384,48.414,47.2,48.04,1.6,0.349,0.026,0.176,0.137,0.039,0.778
2023,16340,43,1.0,37,147,37,48,11,1,8,34,5,0,15,37,1,85,2.0,4,0,1,0.0,0,2.0,34.924071856287426,163,0.327,0.388,0.411,0.714,1.125,165.0,0.095,0.388,66.654,65.048,66.136,6.2,0.492,0.049,0.227,0.092,0.135,0.405
2023,16340,47,1.0,44,109,16,23,4,1,6,16,3,1,16,36,0,47,3.0,3,0,0,0.0,0,3.0,15.431874999999998,125,0.211,0.385,0.336,0.532,0.868,101.0,0.064,0.254,32.142,32.352,33.664,4.0,0.278,0.048,0.288,0.128,0.16,0.444
2023,16340,48,1.0,50,105,9,15,3,0,0,8,3,1,7,36,0,18,2.0,4,1,2,0.0,0,2.0,4.057983193277311,115,0.143,0.114,0.226,0.2,0.426,-13.0,0.029,0.211,9.012,8.32,9.36,0.0,0.346,0.0,0.313,0.061,0.252,0.194
2023,16340,51,1.0,48,139,24,34,6,1,3,22,3,0,21,37,0,51,0.0,5,1,1,0.0,0,0.0,20.767664670658682,162,0.245,0.295,0.37,0.439,0.809,76.0,0.065,0.31,36.924,35.41,36.18,3.0,0.368,0.019,0.228,0.13,0.098,0.568
2023,16340,52,1.0,30,117,25,38,5,0,10,24,4,2,10,31,3,73,0.0,5,3,1,0.0,1,2.0,28.57558823529412,131,0.325,0.402,0.405,0.752,1.157,176.0,0.043,0.364,58.502,55.078,57.296,5.7,0.349,0.076,0.237,0.076,0.161,0.323
2023,16340,61,1.0,48,163,27,46,8,1,0,23,2,0,26,46,0,56,3.0,2,3,2,0.0,0,7.0,22.941428571428574,194,0.282,0.233,0.381,0.399,0.78,65.0,0.067,0.387,38.732,37.834,38.648,0.0,0.365,0.0,0.237,0.134,0.103,0.565
2023,16340,62,1.0,44,126,6,27,0,0,0,5,0,0,10,35,0,27,5.0,3,1,1,0.0,1,6.0,7.548510638297872,138,0.214,0.079,0.29,0.214,0.504,-2.0,0.0,0.293,13.07,13.698,14.196,,0.15,0.0,0.254,0.072,0.182,0.286
2023,16340,67,1.0,53,169,33,43,8,0,8,30,6,1,26,36,0,75,4.0,5,0,2,0.0,1,4.0,28.392574257425743,197,0.254,0.373,0.376,0.538,0.914,107.0,0.047,0.276,54.372,53.592,55.284,6.9,0.379,0.041,0.183,0.132,0.051,0.722
2023,16340,71,1.0,39,130,20,26,8,1,0,15,11,1,17,37,0,36,2.0,4,4,0,0.0,0,3.0,11.819612903225806,151,0.2,0.285,0.311,0.346,0.657,41.0,0.085,0.28,24.824,24.468,25.716,0.0,0.426,0.0,0.245,0.113,0.132,0.459
2023,16340,72,1.0,31,97,12,22,2,0,2,12,2,1,13,28,0,30,1.0,2,2,1,0.0,1,4.0,10.34,113,0.227,0.227,0.327,0.351,0.678,44.0,0.021,0.294,19.346,18.57,19.68,2.0,0.286,0.018,0.248,0.115,0.133,0.464
2023,16340,77,1.0,72,237,29,61,18,0,4,25,2,6,28,72,0,91,1.0,7,0,0,0.0,1,2.0,32.75713235294118,265,0.257,0.228,0.362,0.477,0.839,87.0,0.076,0.354,64.194,62.752,67.924,2.7,0.272,0.015,0.272,0.106,0.166,0.389
2023,16340,81,1.0,46,164,20,32,10,0,4,20,3,1,12,53,0,54,2.0,9,1,2,0.0,0,4.0,15.830425531914893,179,0.195,0.22,0.296,0.415,0.711,61.0,0.061,0.257,38.336,37.034,38.568,3.4,0.327,0.022,0.296,0.067,0.229,0.226
2023,16340,83,1.0,31,96,6,18,1,0,2,6,0,1,10,39,0,25,2.0,1,0,1,0.0,0,3.0,6.7118518518518515,107,0.188,0.167,0.271,0.292,0.563,20.0,0.01,0.286,13.418,13.216,14.272,0.0,0.148,0.019,0.364,0.093,0.271,0.256
2023,16340,87,1.0,40,142,35,39,7,4,3,28,8,1,26,37,0,63,2.0,5,0,0,0.0,0,2.0,27.544393063583815,168,0.275,0.401,0.417,0.542,0.959,113.0,0.134,0.353,46.954,46.486,48.012,4.4,0.478,0.018,0.22,0.155,0.065,0.703
2023,16340,90,1.0,32,110,27,37,8,1,3,30,3,0,8,26,0,56,1.0,7,1,1,0.0,0,1.0,24.0748031496063,120,0.336,0.273,0.433,0.618,1.051,138.0,0.1,0.415,44.842,43.796,44.572,3.0,0.49,0.025,0.217,0.067,0.15,0.308
2023,16340,94,1.0,51,150,27,31,7,1,0,23,6,1,26,42,1,40,1.0,4,2,2,0.0,1,4.0,15.272065217391305,180,0.207,0.267,0.339,0.32,0.659,36.0,0.067,0.282,27.294,25.198,26.516,0.0,0.443,0.0,0.233,0.144,0.089,0.619
2023,16340,96,1.0,30,99,11,23,4,1,1,9,0,3,8,13,0,32,4.0,2,0,1,0.0,1,5.0,8.18290909090909,108,0.232,0.141,0.306,0.384,0.69,52.0,0.071,0.256,19.406,19.672,22.084,0.0,0.312,0.009,0.12,0.074,0.046,0.615
2023,16340,97,1.0,37,139,32,41,8,0,4,26,3,1,25,48,2,61,1.0,5,2,1,0.0,1,1.0,27.409534883720927,167,0.295,0.338,0.425,0.525,0.95,109.0,0.058,0.42,46.736,44.416,45.912,3.4,0.418,0.024,0.287,0.15,0.137,0.521
2023,16340,99,1.0,42,136,19,33,7,1,3,18,7,0,8,31,0,51,0.0,5,1,4,0.0,0,0.0,16.2838961038961,149,0.243,0.243,0.309,0.456,0.765,75.0,0.074,0.283,39.202,36.546,37.312,4.2,0.372,0.02,0.208,0.054,0.154,0.258
2023,16340,101,1.0,44,148,49,51,12,2,6,45,7,2,22,32,1,85,0.0,5,2,1,0.0,1,0.0,39.2076404494382,173,0.345,0.412,0.451,0.709,1.16,168.0,0.122,0.405,68.134,65.674,68.048,6.5,0.597,0.035,0.185,0.127,0.058,0.688
2023,16340,102,1.0,42,119,20,28,10,0,2,18,2,1,17,32,0,44,3.0,5,1,3,0.0,1,3.0,15.794758620689654,140,0.235,0.286,0.357,0.471,0.828,85.0,0.084,0.295,32.374,31.372,32.684,2.0,0.375,0.014,0.229,0.121,0.108,0.531
2023,16340,104,1.0,39,136,21,36,6,4,3,22,2,1,12,33,1,59,2.0,3,1,1,0.0,0,2.0,19.665359477124184,150,0.265,0.265,0.34,0.529,0.869,101.0,0.132,0.327,42.916,41.5,42.96,2.4,0.375,0.02,0.22,0.08,0.14,0.364
2023,16340,107,1.0,39,137,26,34,6,1,4,25,4,0,23,36,0,54,4.0,3,2,0,0.0,1,4.0,20.640484848484846,162,0.248,0.343,0.37,0.474,0.844,87.0,0.066,0.309,37.262,37.556,38.332,4.0,0.393,0.025,0.222,0.142,0.08,0.639
2023,16340,108,1.0,42,138,26,38,9,0,4,23,6,0,13,38,0,59,0.0,4,1,0,0.0,0,1.0,22.382948717948718,152,0.275,0.29,0.362,0.522,0.884,101.0,0.065,0.354,44.476,43.31,44.14,4.8,0.431,0.026,0.25,0.086,0.164,0.342
2023,16340,109,1.0,48,156,31,40,10,5,3,30,8,1,23,42,1,69,2.0,9,1,5,0.0,1,2.0,27.445463917525775,185,0.256,0.378,0.389,0.558,0.947,115.0,0.16,0.319,55.324,52.212,53.864,4.4,0.406,0.016,0.227,0.124,0.103,0.548
2023,16340,110,1.0,41,149,57,52,8,1,7,54,9,2,30,26,0,83,1.0,14,0,2,0.0,0,2.0,45.06994871794871,181,0.349,0.456,0.53,0.664,1.194,163.0,0.074,0.381,68.272,66.364,68.808,7.9,0.562,0.039,0.144,0.166,-0.022,1.154
2023,16340,111,1.0,35,105,16,30,7,0,0,11,2,2,10,27,0,37,2.0,2,1,1,0.0,1,2.0,12.82890756302521,117,0.286,0.162,0.359,0.419,0.778,69.0,0.067,0.38,25.724,25.28,27.1,0.0,0.381,0.0,0.231,0.085,0.146,0.37
2023,16340,112,1.0,47,142,22,40,5,4,1,22,3,0,11,29,0,56,2.0,7,1,4,0.0,1,2.0,20.619636363636364,158,0.282,0.211,0.367,0.465,0.832,84.0,0.12,0.336,42.528,40.534,41.368,1.5,0.368,0.006,0.184,0.07,0.114,0.379
2023,16340,115,1.0,43,129,29,37,6,2,5,26,8,2,31,38,0,62,5.0,17,2,0,0.0,0,5.0,32.48402234636872,162,0.287,0.481,0.525,0.581,1.106,137.0,0.093,0.372,49.406,49.954,52.208,6.2,0.3,0.031,0.235,0.191,0.044,0.816
2023,16340,128,1.0,69,206,51,60,13,1,14,50,11,1,26,61,0,117,2.0,15,4,4,0.0,1,2.0,49.100235294117645,240,0.291,0.451,0.421,0.704,1.125,163.0,0.078,0.341,94.372,91.472,93.724,12.3,0.425,0.058,0.254,0.108,0.146,0.426
2023,16340,129,1.0,45,151,43,43,8,0,6,37,3,1,25,60,0,69,1.0,4,2,1,0.0,1,1.0,29.29464480874317,179,0.285,0.351,0.402,0.55,0.952,114.0,0.053,0.43,50.82,49.626,51.212,4.0,0.561,0.034,0.335,0.14,0.195,0.417
2023,16340,140,1.0,49,149,25,31,9,1,3,22,2,3,22,62,0,51,0.0,8,1,1,0.0,1,1.0,18.853480662983422,173,0.208,0.275,0.353,0.43,0.783,72.0,0.081,0.329,36.094,34.646,37.392,2.4,0.379,0.017,0.358,0.127,0.231,0.355
2023,16340,141,1.0,49,160,48,51,12,1,3,40,6,0,40,26,0,74,3.0,3,7,1,0.0,2,6.0,36.77090047393365,208,0.319,0.431,0.452,0.562,1.014,123.0,0.094,0.364,56.282,55.308,56.296,4.0,0.495,0.014,0.125,0.192,-0.067,1.538
2023,16340,147,1.0,45,139,41,48,11,3,5,38,21,3,24,20,0,80,2.0,4,0,3,0.0,2,4.0,36.52564705882353,166,0.345,0.532,0.458,0.712,1.17,170.0,0.144,0.368,65.64,63.862,66.804,8.1,0.507,0.03,0.12,0.145,-0.025,1.2
2023,16340,149,1.0,46,132,29,37,5,2,4,26,10,0,21,34,1,58,4.0,12,1,3,0.0,0,4.0,25.943195266272188,157,0.28,0.394,0.446,0.523,0.969,111.0,0.083,0.34,46.978,45.53,46.42,5.7,0.379,0.025,0.217,0.134,0.083,0.618
2023,16340,164,1.0,41,139,22,29,3,2,6,21,9,1,15,42,0,54,0.0,5,0,2,0.0,0,1.0,17.68521739130435,156,0.209,0.345,0.314,0.468,0.782,79.0,0.065,0.247,39.244,37.37,38.82,7.2,0.372,0.038,0.269,0.096,0.173,0.357
2023,16340,165,1.0,41,139,46,46,11,6,4,41,12,2,24,24,1,81,0.0,5,2,3,0.0,0,1.0,37.302196531791914,168,0.331,0.496,0.446,0.734,1.18,175.0,0.209,0.368,66.898,63.706,66.032,6.0,0.592,0.024,0.143,0.143,0.0,1.0
2023,16340,169,1.0,39,127,26,26,9,0,5,25,4,3,31,39,0,50,0.0,4,2,3,0.0,1,0.0,20.55377245508982,163,0.205,0.441,0.374,0.504,0.878,97.0,0.071,0.244,36.588,34.362,37.024,4.4,0.375,0.031,0.239,0.19,0.049,0.795
2023,16340,173,1.0,41,133,28,33,6,1,5,28,4,0,24,37,1,56,3.0,5,1,2,0.0,0,3.0,22.649454545454546,160,0.248,0.383,0.388,0.511,0.899,100.0,0.068,0.301,41.484,40.11,40.92,4.4,0.404,0.031,0.231,0.15,0.081,0.649
2023,16340,175,1.0,31,94,5,16,4,0,0,4,2,2,9,32,0,20,2.0,2,0,1,0.0,0,2.0,4.974905660377358,104,0.17,0.138,0.26,0.255,0.515,7.0,0.043,0.254,10.434,10.216,11.872,0.0,0.185,0.0,0.308,0.087,0.221,0.281
2023,16340,178,1.0,41,138,27,34,10,2,2,24,1,0,24,44,0,54,1.0,6,1,2,0.0,0,3.0,22.780584795321634,165,0.246,0.326,0.388,0.493,0.881,95.0,0.116,0.34,40.438,38.948,39.756,1.3,0.403,0.012,0.267,0.145,0.122,0.545
2023,16340,180,1.0,44,126,25,30,7,0,4,28,0,1,22,47,0,49,0.0,1,0,0,0.0,0,0.0,19.18765100671141,148,0.238,0.317,0.358,0.476,0.834,86.0,0.056,0.347,33.464,32.572,33.904,0.0,0.429,0.027,0.318,0.149,0.169,0.468
2023,16340,193,1.0,55,176,47,56,15,2,6,44,4,2,27,47,0,93,4.0,7,1,2,0.0,1,5.0,40.17934272300469,206,0.318,0.375,0.437,0.659,1.096,151.0,0.119,0.4,71.724,70.84,73.36,4.8,0.488,0.029,0.228,0.131,0.097,0.574
2023,16340,196,1.0,59,179,51,55,14,2,7,46,9,2,18,36,0,94,0.0,7,1,3,0.0,0,0.0,37.72,201,0.307,0.358,0.398,0.654,1.052,146.0,0.112,0.345,74.762,71.898,74.436,7.9,0.603,0.035,0.179,0.09,0.089,0.5
2023,16340,198,1.0,41,133,25,39,13,1,1,21,8,3,26,29,1,57,2.0,3,0,0,0.0,1,4.0,25.023456790123454,159,0.293,0.368,0.428,0.541,0.969,114.0,0.12,0.369,43.378,42.408,45.116,1.8,0.358,0.006,0.182,0.164,0.018,0.897
2023,16340,201,1.0,32,103,14,27,6,0,1,13,3,0,18,13,2,36,1.0,6,3,5,0.0,1,1.0,15.49422222222222,129,0.262,0.291,0.395,0.417,0.812,72.0,0.058,0.277,29.916,26.212,26.784,1.5,0.26,0.008,0.101,0.14,-0.039,1.385
2023,16340,202,1.0,50,182,29,47,12,1,3,25,2,2,23,54,0,70,0.0,5,0,1,0.0,2,0.0,26.744075829383892,206,0.258,0.253,0.364,0.473,0.837,86.0,0.082,0.349,50.508,48.74,51.04,2.4,0.361,0.015,0.262,0.112,0.15,0.426
2023,16340,204,1.0,35,94,19,20,4,0,2,17,5,0,11,22,0,30,2.0,9,0,1,0.0,1,2.0,11.658434782608696,106,0.213,0.277,0.377,0.383,0.76,60.0,0.043,0.254,22.714,22.278,22.816,2.9,0.447,0.019,0.208,0.104,0.104,0.5
2023,16340,219,1.0,46,172,29,39,7,2,5,28,3,2,20,58,0,65,4.0,5,2,4,0.0,0,4.0,20.451625615763547,198,0.227,0.273,0.323,0.459,0.782,77.0,0.076,0.301,45.166,43.786,46.032,3.8,0.407,0.025,0.293,0.101,0.192,0.345
2023,16340,220,1.0,42,156,35,49,6,0,11,32,2,1,16,35,1,88,1.0,1,1,1,0.0,0,3.0,33.71611428571428,174,0.314,0.359,0.379,0.673,1.052,149.0,0.038,0.342,65.68,63.584,65.328,3.4,0.436,0.063,0.201,0.092,0.109,0.457
2023,16340,222,1.0,52,163,38,40,8,0,5,29,12,4,31,38,1,63,1.0,8,3,1,0.0,2,1.0,26.220582524271844,198,0.245,0.38,0.399,0.466,0.865,88.0,0.049,0.289,47.316,45.216,48.732,7.1,0.446,0.025,0.192,0.157,0.035,0.816
2023,16340,228,1.0,61,185,21,40,8,0,6,19,2,1,24,46,4,66,3.0,1,3,0,0.0,0,4.0,20.477276995305164,212,0.216,0.276,0.307,0.432,0.739,67.0,0.043,0.256,45.172,42.34,43.94,3.0,0.254,0.028,0.217,0.113,0.104,0.522
2023,16340,229,1.0,40,139,50,46,9,2,10,47,6,1,28,22,0,89,1.0,8,2,2,0.0,1,2.0,43.98882681564246,171,0.331,0.547,0.48,0.791,1.271,197.0,0.108,0.33,71.604,69.616,71.412,7.5,0.556,0.058,0.129,0.164,-0.035,1.273
2023,16340,231,1.0,61,189,25,46,5,0,4,22,4,0,20,55,0,63,0.0,2,2,3,0.0,1,3.0,21.655740740740743,214,0.243,0.217,0.318,0.381,0.699,53.0,0.026,0.316,43.06,40.516,41.452,4.0,0.328,0.019,0.257,0.093,0.164,0.364
2023,16340,234,1.0,45,143,45,53,13,4,6,39,4,1,21,27,1,92,2.0,6,2,2,0.0,1,2.0,43.7280459770115,168,0.371,0.441,0.476,0.804,1.28,200.0,0.175,0.42,74.734,72.58,74.38,4.8,0.527,0.036,0.161,0.125,0.036,0.778
2023,16340,235,1.0,64,210,64,78,19,3,9,61,6,1,28,42,2,130,5.0,7,0,2,0.0,2,5.0,60.04947368421053,240,0.371,0.405,0.471,0.767,1.238,188.0,0.133,0.429,103.954,101.794,104.068,7.2,0.529,0.038,0.175,0.117,0.058,0.667
2023,16340,236,1.0,39,88,5,15,4,0,0,6,1,0,7,37,0,19,1.0,1,0,1,0.0,0,1.0,4.7917525773195875,96,0.17,0.136,0.24,0.261,0.501,7.0,0.045,0.288,10.494,10.006,10.352,0.0,0.217,0.0,0.385,0.073,0.312,0.189
2023,16340,248,1.0,41,130,17,31,4,0,4,14,8,1,3,31,0,47,3.0,7,2,1,0.0,0,4.0,12.873566433566435,136,0.238,0.2,0.301,0.423,0.724,64.0,0.031,0.281,33.802,33.378,34.756,5.3,0.351,0.029,0.228,0.022,0.206,0.097
2023,16340,249,1.0,31,103,13,28,2,0,3,13,0,1,10,29,0,39,2.0,1,1,3,0.0,1,2.0,12.788474576271186,117,0.272,0.194,0.333,0.427,0.76,69.0,0.019,0.338,26.468,25.29,26.48,0.0,0.278,0.026,0.248,0.085,0.163,0.345
2023,16340,251,1.0,60,191,37,56,8,2,10,40,1,0,16,34,0,98,3.0,9,2,5,0.0,1,4.0,36.57022421524663,214,0.293,0.309,0.379,0.618,0.997,132.0,0.073,0.303,75.198,72.5,73.84,1.8,0.38,0.047,0.159,0.075,0.084,0.471
2023,16340,253,1.0,63,187,37,48,9,2,2,28,5,2,37,51,1,67,4.0,10,7,1,0.0,0,5.0,29.066942148760333,232,0.257,0.316,0.409,0.428,0.837,77.0,0.08,0.341,48.722,47.488,49.816,2.9,0.376,0.009,0.22,0.159,0.061,0.725
2023,16340,254,1.0,52,147,34,42,6,2,10,32,5,2,30,46,1,82,2.0,6,1,1,0.0,1,2.0,36.459675675675676,179,0.286,0.497,0.436,0.68,1.116,158.0,0.082,0.348,62.422,60.81,63.18,6.7,0.353,0.056,0.257,0.168,0.089,0.652
2023,16340,255,1.0,54,173,51,54,10,4,10,50,1,1,27,45,0,102,2.0,13,1,3,0.0,0,2.0,47.14746543778802,204,0.312,0.434,0.461,0.728,1.189,175.0,0.127,0.364,81.06,78.908,80.936,1.8,0.488,0.049,0.221,0.132,0.089,0.6
2023,16340,257,1.0,31,103,24,31,11,0,4,19,2,0,13,18,0,54,2.0,6,1,1,0.0,0,2.0,22.83225806451613,118,0.301,0.369,0.424,0.67,1.094,153.0,0.107,0.329,42.986,42.284,43.028,2.7,0.435,0.034,0.153,0.11,0.043,0.722
2023,16340,260,1.0,42,133,17,25,2,1,5,15,3,1,17,34,0,44,4.0,1,0,0,0.0,1,4.0,12.26092715231788,150,0.188,0.286,0.287,0.391,0.678,52.0,0.038,0.213,26.228,26.666,27.972,3.8,0.316,0.033,0.227,0.113,0.114,0.5
2023,16340,261,1.0,41,135,29,40,8,4,2,28,6,1,18,35,0,62,3.0,2,3,1,0.0,0,4.0,23.70062893081761,157,0.296,0.333,0.382,0.563,0.945,116.0,0.148,0.384,45.87,45.37,46.84,3.0,0.466,0.013,0.223,0.115,0.108,0.514
2023,16340,277,1.0,49,124,33,38,8,2,3,33,3,1,14,26,0,59,1.0,9,3,1,0.0,0,1.0,25.41364238410596,142,0.306,0.298,0.43,0.581,1.011,127.0,0.113,0.365,46.672,45.392,46.884,3.0,0.517,0.021,0.183,0.099,0.084,0.538
2023,16340,283,1.0,59,191,28,55,5,1,3,25,5,2,16,42,1,71,2.0,3,1,3,0.0,3,7.0,24.777009345794397,211,0.288,0.183,0.351,0.419,0.77,68.0,0.042,0.349,50.304,47.812,50.104,3.8,0.352,0.014,0.199,0.076,0.123,0.381
2023,16340,285,1.0,61,177,21,38,10,2,1,16,7,0,25,40,1,55,4.0,3,0,1,0.0,3,4.0,18.686407766990293,203,0.215,0.277,0.325,0.384,0.709,54.0,0.09,0.27,37.35,36.498,37.356,1.8,0.308,0.005,0.197,0.123,0.074,0.625
2023,16340,288,1.0,34,95,11,23,4,0,1,11,3,0,10,25,0,30,2.0,0,2,2,0.0,1,2.0,9.304954128440366,109,0.242,0.211,0.303,0.368,0.671,47.0,0.042,0.31,19.96,19.204,19.648,1.5,0.312,0.009,0.229,0.092,0.137,0.4
2023,16340,299,1.0,43,139,31,36,8,1,4,29,5,1,18,36,0,58,1.0,5,2,3,0.0,2,2.0,21.868622754491017,162,0.259,0.317,0.364,0.511,0.875,98.0,0.079,0.314,43.822,41.836,43.312,4.4,0.491,0.025,0.222,0.111,0.111,0.5
2023,16340,301,1.0,42,131,21,31,7,0,5,20,3,1,15,54,0,53,1.0,6,1,1,0.0,1,1.0,18.997402597402598,148,0.237,0.298,0.351,0.496,0.847,92.0,0.053,0.356,38.628,37.63,39.06,3.8,0.34,0.034,0.365,0.101,0.264,0.278
2023,16340,302,1.0,57,208,38,53,9,1,7,32,7,2,30,63,0,85,0.0,2,3,1,0.0,1,0.0,31.767540983606555,242,0.255,0.322,0.351,0.49,0.841,90.0,0.058,0.331,60.336,58.24,60.7,7.0,0.397,0.029,0.26,0.124,0.136,0.476
2023,16340,305,1.0,30,98,16,19,9,1,1,15,3,0,14,32,1,33,1.0,7,1,0,0.0,2,1.0,12.432333333333334,113,0.194,0.316,0.354,0.449,0.803,78.0,0.122,0.277,25.494,24.458,25.016,1.5,0.385,0.009,0.283,0.124,0.159,0.438
2023,16340,306,1.0,40,140,29,37,6,2,4,26,3,0,16,34,0,59,3.0,7,0,2,0.0,0,3.0,22.46339393939394,158,0.264,0.293,0.38,0.507,0.887,98.0,0.086,0.317,43.728,42.886,43.752,3.4,0.446,0.025,0.215,0.101,0.114,0.471
2023,16340,308,1.0,54,170,27,38,12,2,3,23,5,0,19,42,0,63,1.0,3,1,1,0.0,0,2.0,20.918144329896908,191,0.224,0.288,0.314,0.471,0.785,80.0,0.106,0.278,45.204,43.784,44.708,3.8,0.421,0.016,0.22,0.099,0.121,0.452
2023,16340,310,1.0,31,102,11,19,4,1,1,11,0,0,12,44,0,28,2.0,3,1,0,0.0,1,2.0,8.655254237288135,115,0.186,0.206,0.296,0.333,0.629,35.0,0.069,0.316,16.878,16.956,17.432,0.0,0.303,0.009,0.383,0.104,0.279,0.273
2023,16340,312,1.0,34,108,22,33,9,0,4,22,2,0,8,20,0,54,0.0,5,3,1,0.0,1,3.0,21.1408,120,0.306,0.287,0.383,0.62,1.003,133.0,0.083,0.341,42.74,41.22,41.96,2.7,0.429,0.033,0.167,0.067,0.1,0.4
2023,16340,314,1.0,43,120,26,34,5,1,0,22,0,0,16,34,0,41,0.0,6,3,1,0.0,2,2.0,17.934246575342463,140,0.283,0.192,0.4,0.392,0.792,65.0,0.067,0.391,30.098,28.722,29.364,,0.464,0.0,0.243,0.114,0.129,0.471
2023,16340,315,1.0,42,140,22,34,4,0,5,22,1,0,24,40,0,53,2.0,9,0,1,0.0,0,3.0,23.009999999999998,165,0.243,0.314,0.406,0.443,0.849,82.0,0.029,0.302,38.11,37.332,38.164,1.7,0.274,0.03,0.242,0.145,0.097,0.6
2023,16340,316,1.0,70,234,40,50,8,0,5,37,13,3,34,71,1,73,3.0,11,2,4,0.0,1,3.0,26.403649122807018,274,0.214,0.286,0.347,0.368,0.715,52.0,0.034,0.278,51.812,49.028,52.156,7.2,0.389,0.018,0.259,0.124,0.135,0.479
2023,16340,317,1.0,68,198,48,57,13,2,4,42,14,6,40,37,0,86,6.0,7,4,1,0.0,2,6.0,36.18447999999999,243,0.288,0.389,0.428,0.53,0.958,111.0,0.096,0.335,63.244,63.172,68.224,6.2,0.44,0.016,0.152,0.165,-0.013,1.081
2023,16340,327,1.0,57,205,49,54,7,0,12,49,11,4,37,64,0,97,2.0,6,1,6,0.0,2,2.0,38.64211764705883,249,0.263,0.424,0.39,0.566,0.956,118.0,0.034,0.311,72.458,69.212,73.104,11.5,0.435,0.048,0.257,0.149,0.108,0.578
2023,16340,328,1.0,31,91,13,18,4,0,2,13,1,1,15,26,0,28,1.0,0,1,1,0.0,0,3.0,9.170925925925925,108,0.198,0.275,0.306,0.374,0.68,49.0,0.044,0.25,17.402,16.706,17.772,1.3,0.355,0.019,0.241,0.139,0.102,0.577
2023,16340,331,1.0,42,171,38,48,15,1,4,37,4,4,23,50,0,77,0.0,14,2,2,0.0,2,0.0,33.115,198,0.281,0.304,0.429,0.567,0.996,122.0,0.105,0.37,61.33,59.016,62.732,4.0,0.42,0.02,0.253,0.116,0.137,0.46
2023,16340,334,1.0,46,165,23,49,13,1,1,21,10,5,18,50,0,67,0.0,11,7,0,0.0,2,2.0,27.11572139303483,190,0.297,0.248,0.411,0.497,0.908,99.0,0.097,0.421,52.5,50.912,55.124,1.8,0.286,0.005,0.263,0.095,0.168,0.36
2023,16340,342,1.0,50,157,20,37,4,0,4,19,9,3,21,49,0,53,2.0,4,0,1,0.0,2,2.0,18.56120218579235,179,0.236,0.274,0.346,0.389,0.735,58.0,0.025,0.314,35.618,34.85,37.58,5.5,0.276,0.022,0.274,0.117,0.157,0.429
2023,16340,346,1.0,46,158,24,38,8,1,4,24,5,1,26,26,2,60,3.0,5,1,3,0.0,0,3.0,22.770880829015546,188,0.241,0.329,0.367,0.462,0.829,83.0,0.07,0.26,44.452,41.83,43.36,4.4,0.308,0.021,0.138,0.138,0.0,1.0
2023,16340,352,1.0,41,140,18,32,7,1,6,17,2,0,8,42,0,59,1.0,2,0,1,0.0,1,1.0,16.73615894039735,149,0.229,0.264,0.282,0.521,0.803,92.0,0.071,0.28,41.764,40.626,41.452,3.0,0.333,0.04,0.282,0.054,0.228,0.19
2023,16340,355,1.0,51,159,15,31,1,2,4,12,3,2,12,58,0,48,5.0,5,1,0,0.0,1,5.0,12.154237288135594,172,0.195,0.189,0.279,0.346,0.625,38.0,0.044,0.278,28.186,28.906,30.972,3.4,0.25,0.023,0.337,0.07,0.267,0.207
2023,16340,361,1.0,33,104,11,21,2,0,1,9,2,1,10,33,0,26,0.0,1,0,0,0.0,0,0.0,7.788695652173913,114,0.202,0.154,0.281,0.279,0.56,17.0,0.019,0.286,14.866,14.196,15.272,1.3,0.323,0.009,0.289,0.088,0.201,0.303
2023,16340,363,1.0,62,155,17,28,6,0,4,14,3,0,28,45,0,46,1.0,5,6,1,0.0,3,3.0,16.820512820512818,190,0.181,0.316,0.321,0.361,0.682,47.0,0.039,0.224,30.41,29.004,29.768,3.4,0.228,0.021,0.237,0.147,0.09,0.622
2023,16340,365,1.0,55,117,40,39,7,3,7,40,2,2,26,20,1,73,5.0,9,0,4,0.0,0,6.0,35.16923076923077,147,0.333,0.513,0.503,0.769,1.272,193.0,0.137,0.34,58.38,56.876,59.132,3.1,0.493,0.048,0.136,0.177,-0.041,1.3
2023,16340,366,1.0,43,128,21,28,8,0,4,19,3,0,16,27,0,48,1.0,6,0,1,0.0,0,3.0,17.446092715231785,145,0.219,0.305,0.345,0.469,0.814,83.0,0.062,0.245,35.204,34.08,34.82,3.4,0.37,0.028,0.186,0.11,0.076,0.593
2023,16340,367,1.0,45,132,35,46,6,1,7,33,4,4,20,28,0,75,1.0,10,0,0,0.0,2,4.0,36.30172839506173,152,0.348,0.371,0.5,0.674,1.174,163.0,0.068,0.402,58.446,57.502,61.084,5.1,0.406,0.046,0.184,0.132,0.052,0.714
2023,16340,368,1.0,43,123,7,18,4,1,0,7,2,0,7,40,0,24,0.0,4,0,2,0.0,1,0.0,5.742794117647058,132,0.146,0.122,0.22,0.236,0.456,-3.0,0.057,0.212,13.77,12.23,12.72,0.0,0.241,0.0,0.303,0.053,0.25,0.175
2023,16340,370,1.0,41,124,21,30,6,1,4,18,1,4,22,27,0,50,2.0,4,3,2,0.0,1,5.0,18.329806451612903,151,0.242,0.315,0.371,0.492,0.863,93.0,0.073,0.274,34.824,33.628,36.916,1.6,0.327,0.026,0.179,0.146,0.033,0.815
2023,16340,380,1.0,50,180,44,54,10,0,9,38,6,1,36,56,1,91,0.0,11,1,2,0.0,10,5.0,44.78556521739131,219,0.3,0.433,0.461,0.611,1.072,139.0,0.056,0.385,72.182,69.232,71.144,7.2,0.38,0.041,0.256,0.164,0.092,0.643
2023,16340,381,1.0,31,88,7,14,3,0,0,5,3,0,11,44,0,17,2.0,2,3,2,0.0,0,3.0,4.8458490566037735,104,0.159,0.193,0.26,0.227,0.487,-1.0,0.034,0.304,9.268,8.718,9.056,0.0,0.259,0.0,0.423,0.106,0.317,0.25
2023,16340,386,1.0,43,132,16,25,2,1,2,12,6,2,11,38,1,35,0.0,5,1,0,0.0,1,0.0,10.206308724832216,144,0.189,0.189,0.285,0.303,0.588,25.0,0.038,0.25,22.596,21.014,22.908,3.0,0.359,0.014,0.264,0.076,0.188,0.289
2023,16340,388,1.0,29,117,29,39,7,0,1,25,2,0,20,21,0,49,1.0,1,0,1,0.0,1,2.0,23.1273381294964,138,0.333,0.274,0.435,0.487,0.922,98.0,0.06,0.396,36.152,35.196,35.852,1.3,0.475,0.007,0.152,0.145,0.007,0.952
2023,16340,391,1.0,15,50,12,14,2,0,0,6,0,1,9,18,0,16,0.0,2,0,0,0.0,0,0.0,7.420327868852459,59,0.28,0.2,0.424,0.36,0.784,58.0,0.04,0.438,10.856,10.532,11.424,,0.48,0.0,0.305,0.153,0.152,0.5
2023,16340,392,1.0,45,175,39,52,8,3,9,38,4,1,26,37,1,93,5.0,6,1,3,0.0,1,5.0,37.378388625592414,205,0.297,0.4,0.41,0.646,1.056,144.0,0.097,0.326,70.424,68.856,70.732,5.5,0.4,0.044,0.18,0.127,0.053,0.703
2023,16340,393,1.0,59,169,24,36,5,0,1,19,4,1,19,44,0,44,1.0,5,2,1,0.0,1,3.0,14.885510204081632,191,0.213,0.178,0.314,0.296,0.61,26.0,0.03,0.28,27.858,26.576,27.972,1.6,0.39,0.005,0.23,0.099,0.131,0.432
2023,16340,402,1.0,29,88,6,15,7,0,1,5,2,0,6,22,0,25,0.0,6,1,2,0.0,0,1.0,7.396504854368932,97,0.17,0.205,0.278,0.375,0.653,46.0,0.08,0.209,18.914,17.416,17.872,1.3,0.192,0.01,0.227,0.062,0.165,0.273
2023,16340,404,1.0,39,150,42,47,13,1,10,36,9,0,29,39,4,92,0.0,2,5,2,0.0,0,0.0,41.12702127659574,186,0.313,0.553,0.419,0.773,1.192,184.0,0.107,0.359,75.598,70.846,71.992,9.5,0.471,0.054,0.21,0.156,0.054,0.744
2023,16340,406,1.0,61,196,45,51,7,0,7,42,4,1,28,63,2,79,0.0,12,3,4,0.0,1,1.0,32.94205761316872,231,0.26,0.301,0.394,0.474,0.868,90.0,0.036,0.338,61.186,56.84,58.68,5.1,0.452,0.03,0.273,0.121,0.152,0.444
2023,16340,414,1.0,47,142,29,41,13,0,10,29,3,2,18,44,0,84,4.0,6,0,0,0.0,2,5.0,32.08265060240964,160,0.289,0.437,0.406,0.754,1.16,177.0,0.092,0.352,63.838,63.962,66.344,4.6,0.345,0.062,0.275,0.112,0.163,0.409
2023,16340,415,1.0,48,136,28,37,5,0,11,27,2,2,21,31,0,75,2.0,5,0,0,0.0,0,3.0,29.78320987654321,157,0.272,0.434,0.401,0.669,1.07,150.0,0.037,0.277,54.962,54.358,56.636,3.4,0.327,0.07,0.197,0.134,0.063,0.677
2023,16340,416,1.0,39,151,29,53,9,4,1,28,3,4,14,34,0,73,2.0,7,0,3,0.0,1,2.0,30.505142857142854,168,0.351,0.219,0.44,0.576,1.016,126.0,0.139,0.437,56.318,54.636,58.192,1.5,0.384,0.006,0.202,0.083,0.119,0.412
2023,16340,418,1.0,44,141,22,38,9,0,4,19,5,0,21,47,0,59,2.0,6,0,1,0.0,0,3.0,24.629467455621295,163,0.27,0.333,0.399,0.511,0.91,102.0,0.064,0.374,44.224,43.496,44.352,4.4,0.295,0.025,0.288,0.129,0.159,0.447
2023,16340,419,1.0,60,205,55,60,8,2,10,47,13,2,29,43,0,102,1.0,14,1,3,0.0,3,5.0,44.94777777777778,238,0.293,0.4,0.433,0.595,1.028,131.0,0.068,0.323,80.766,78.01,80.74,11.3,0.484,0.042,0.181,0.122,0.059,0.674
2023,16340,428,1.0,44,147,19,41,7,2,1,18,5,2,23,42,0,55,2.0,1,3,1,0.0,2,2.0,21.373257142857145,174,0.279,0.272,0.374,0.442,0.816,78.0,0.088,0.381,38.234,37.412,39.464,1.7,0.281,0.006,0.241,0.132,0.109,0.548
2023,16340,430,1.0,65,214,55,68,17,0,11,55,10,0,40,30,0,118,7.0,7,0,4,0.0,2,7.0,53.0982641509434,258,0.318,0.467,0.446,0.682,1.128,160.0,0.079,0.322,91.89,90.822,92.364,10.5,0.423,0.043,0.116,0.155,-0.039,1.333
2023,16340,432,1.0,46,132,23,32,8,0,2,17,12,3,9,43,0,46,1.0,4,5,0,0.0,3,1.0,13.556133333333333,146,0.242,0.242,0.308,0.424,0.732,65.0,0.061,0.345,33.326,32.54,35.16,3.4,0.488,0.014,0.295,0.062,0.233,0.209
2023,16340,433,1.0,54,163,48,56,12,1,11,45,9,3,22,29,0,103,3.0,5,0,4,0.0,1,3.0,43.702577319587625,189,0.344,0.46,0.439,0.779,1.218,189.0,0.092,0.354,81.408,79.334,82.548,9.9,0.514,0.058,0.153,0.116,0.037,0.759
2023,16340,434,1.0,49,185,26,54,9,1,5,23,9,4,17,57,1,80,0.0,6,3,1,0.0,0,0.0,29.54867924528302,206,0.292,0.259,0.374,0.514,0.888,100.0,0.065,0.395,60.134,57.602,61.284,6.4,0.292,0.024,0.277,0.083,0.194,0.298
2023,16340,439,1.0,35,107,12,26,3,0,4,11,0,0,3,24,0,41,3.0,2,0,1,0.0,0,3.0,10.486017699115044,111,0.243,0.168,0.279,0.449,0.728,69.0,0.028,0.275,27.318,27.172,27.764,0.0,0.296,0.036,0.216,0.027,0.189,0.125
2023,16340,444,1.0,62,172,51,48,12,4,11,44,5,1,33,40,0,101,1.0,7,1,3,0.0,1,1.0,44.37537037037037,209,0.279,0.523,0.421,0.744,1.165,176.0,0.14,0.298,79.24,76.708,78.676,6.9,0.519,0.053,0.191,0.158,0.033,0.825
2023,16340,450,1.0,73,215,41,56,12,0,6,38,8,2,41,74,0,86,0.0,12,6,3,0.0,3,2.0,38.57509025270758,265,0.26,0.358,0.411,0.484,0.895,95.0,0.056,0.362,65.848,62.838,65.416,6.9,0.34,0.023,0.279,0.155,0.124,0.554
2023,16340,454,1.0,48,178,24,46,10,0,4,21,1,1,15,43,0,68,1.0,5,1,3,0.0,0,2.0,23.20495049504951,197,0.258,0.208,0.335,0.461,0.796,79.0,0.056,0.313,49.196,46.974,48.608,1.6,0.323,0.02,0.218,0.076,0.142,0.349
2023,16340,456,1.0,48,161,30,42,8,0,3,27,8,2,17,39,2,59,0.0,8,3,3,0.0,0,2.0,22.036354166666666,184,0.261,0.248,0.364,0.435,0.799,74.0,0.05,0.32,46.048,42.328,44.516,4.4,0.422,0.016,0.212,0.092,0.12,0.436
2023,16340,457,1.0,65,197,52,57,14,2,6,47,9,2,44,38,0,93,6.0,12,1,3,0.0,0,6.0,43.97105058365759,245,0.289,0.442,0.461,0.584,1.045,131.0,0.102,0.327,72.006,71.21,73.82,7.2,0.43,0.024,0.155,0.18,-0.025,1.158
2023,16340,458,1.0,71,222,57,54,7,0,9,50,2,0,57,59,0,88,2.0,9,1,3,0.0,0,3.0,42.50684931506849,283,0.243,0.419,0.424,0.468,0.892,91.0,0.032,0.287,63.158,60.906,62.212,3.3,0.432,0.032,0.208,0.201,0.007,0.966
2023,16340,459,1.0,69,205,34,53,11,1,4,32,5,3,23,56,0,78,0.0,13,3,3,0.0,0,4.0,30.44,234,0.259,0.244,0.38,0.459,0.839,84.0,0.068,0.331,59.202,56.294,59.428,4.4,0.353,0.017,0.239,0.098,0.141,0.411
2023,16340,460,1.0,33,100,22,28,2,2,2,22,6,1,12,25,0,40,1.0,4,0,1,0.0,0,2.0,15.883418803418802,113,0.28,0.29,0.389,0.46,0.849,85.0,0.08,0.351,29.44,28.624,29.848,3.0,0.476,0.018,0.221,0.106,0.115,0.48
2023,16340,463,1.0,39,141,30,43,8,1,5,28,2,1,17,44,0,68,0.0,8,0,1,0.0,0,1.0,29.8985628742515,159,0.305,0.305,0.428,0.582,1.01,127.0,0.078,0.409,52.578,51.016,52.612,2.9,0.397,0.031,0.277,0.107,0.17,0.386
2023,16340,464,1.0,66,199,8,44,5,1,3,9,5,4,9,68,1,60,2.0,3,0,0,0.0,0,3.0,14.908056872037914,208,0.221,0.131,0.269,0.347,0.616,37.0,0.04,0.32,37.356,36.18,39.68,3.8,0.094,0.014,0.327,0.043,0.284,0.132
2023,16340,465,1.0,48,154,55,60,11,2,4,48,6,0,29,25,0,87,0.0,11,1,4,0.0,1,3.0,48.97346733668341,188,0.39,0.403,0.532,0.675,1.207,167.0,0.11,0.434,73.02,69.968,71.136,4.8,0.531,0.021,0.133,0.154,-0.021,1.16
2023,16340,466,1.0,41,134,19,31,4,0,6,18,2,2,15,39,1,53,1.0,5,0,2,0.0,0,1.0,17.84102564102564,151,0.231,0.276,0.338,0.47,0.808,82.0,0.03,0.275,37.838,35.786,37.852,3.0,0.289,0.04,0.258,0.099,0.159,0.385
2023,16340,471,1.0,39,143,30,45,6,3,5,32,8,3,17,28,1,72,2.0,3,3,3,0.0,3,2.0,27.359053254437868,166,0.315,0.343,0.392,0.601,0.993,129.0,0.105,0.354,55.156,52.766,55.632,6.2,0.417,0.03,0.169,0.102,0.067,0.607
2023,16340,472,1.0,32,106,12,24,4,1,2,8,8,2,12,41,0,36,0.0,3,1,2,0.0,0,2.0,11.951774193548387,121,0.226,0.283,0.322,0.406,0.728,61.0,0.066,0.338,25.932,24.434,26.268,3.2,0.27,0.017,0.339,0.099,0.24,0.293
2023,16340,473,1.0,41,155,20,44,5,2,2,19,1,0,11,48,0,59,4.0,2,0,1,0.0,0,5.0,19.569112426035506,167,0.284,0.174,0.341,0.439,0.78,73.0,0.071,0.396,39.996,39.992,40.824,1.3,0.327,0.012,0.287,0.066,0.221,0.229
2023,16340,474,1.0,45,132,14,30,2,0,2,11,1,3,17,39,0,38,1.0,2,0,1,0.0,0,5.0,12.719342105263157,150,0.227,0.174,0.327,0.318,0.645,34.0,0.015,0.304,22.648,21.744,24.268,1.3,0.255,0.013,0.26,0.113,0.147,0.436
2023,16340,482,1.0,14,48,7,8,2,0,0,9,3,0,10,19,0,10,0.0,5,0,2,0.0,0,0.0,4.958461538461538,60,0.167,0.312,0.383,0.25,0.633,20.0,0.042,0.258,8.068,7.01,7.24,0.0,0.304,0.0,0.317,0.167,0.15,0.526
2023,16340,485,1.0,61,177,23,38,8,2,1,17,7,4,25,66,0,53,1.0,6,0,0,0.0,2,1.0,18.80519230769231,202,0.215,0.243,0.342,0.362,0.704,50.0,0.079,0.336,34.912,34.108,37.536,1.8,0.324,0.005,0.327,0.124,0.203,0.379
2023,16340,487,1.0,39,124,19,33,6,2,1,15,1,0,19,43,0,46,3.0,7,2,4,0.0,0,3.0,18.96282051282051,149,0.266,0.266,0.396,0.444,0.84,81.0,0.097,0.381,34.456,33.092,33.804,1.0,0.31,0.007,0.289,0.128,0.161,0.442
2023,16340,488,1.0,42,139,24,43,4,3,2,22,5,2,11,19,0,59,3.0,4,0,0,0.0,0,6.0,21.66428571428571,150,0.309,0.216,0.387,0.489,0.876,94.0,0.094,0.347,42.158,42.022,44.124,2.9,0.393,0.013,0.127,0.073,0.054,0.579
2023,16340,490,1.0,59,177,50,57,14,2,8,50,4,1,27,32,0,99,3.0,9,1,1,0.0,0,3.0,44.87051162790698,206,0.322,0.407,0.451,0.695,1.146,164.0,0.113,0.355,77.544,76.46,78.42,5.3,0.494,0.039,0.155,0.131,0.024,0.844
2023,16340,493,1.0,39,130,24,31,6,1,7,22,8,4,16,37,0,60,2.0,5,1,1,0.0,0,3.0,19.714771241830064,148,0.238,0.377,0.351,0.569,0.92,114.0,0.069,0.276,43.664,42.848,46.256,7.5,0.378,0.047,0.25,0.108,0.142,0.432
2023,16340,500,1.0,35,105,29,35,8,2,2,25,3,3,21,16,1,53,0.0,8,1,1,0.0,1,3.0,27.056470588235292,128,0.333,0.371,0.5,0.619,1.119,146.0,0.133,0.375,43.112,41.07,43.74,2.4,0.435,0.016,0.125,0.164,-0.039,1.312
2023,16340,502,1.0,33,109,31,39,7,0,4,29,3,3,15,17,0,58,0.0,5,0,6,0.0,1,0.0,26.250962962962962,130,0.358,0.312,0.454,0.633,1.087,145.0,0.064,0.372,47.084,43.81,46.5,3.4,0.491,0.031,0.131,0.115,0.016,0.882
2023,16340,505,1.0,43,132,29,40,10,2,2,26,5,0,24,26,0,60,1.0,4,3,4,0.0,0,2.0,27.02994011976048,163,0.303,0.371,0.417,0.561,0.978,119.0,0.121,0.352,47.562,45.164,45.988,2.9,0.409,0.012,0.16,0.147,0.013,0.923
2023,16340,508,1.0,58,189,22,43,6,1,2,21,8,2,20,56,0,57,2.0,7,5,3,0.0,1,3.0,18.90017857142857,217,0.228,0.212,0.323,0.349,0.672,43.0,0.048,0.306,39.282,37.352,39.564,3.2,0.294,0.009,0.258,0.092,0.166,0.357
2023,16340,509,1.0,55,165,21,35,9,2,1,18,1,2,22,57,0,51,2.0,6,1,1,0.0,1,2.0,17.641435897435898,189,0.212,0.224,0.333,0.382,0.715,55.0,0.091,0.315,33.934,33.11,35.22,1.0,0.323,0.005,0.302,0.116,0.186,0.386
2023,16340,513,1.0,32,91,13,10,2,0,2,9,2,0,13,35,0,18,1.0,8,1,0,0.0,0,1.0,6.24212389380531,105,0.11,0.253,0.295,0.242,0.537,7.0,0.022,0.148,10.62,10.322,10.744,2.0,0.379,0.019,0.333,0.124,0.209,0.371
2023,16340,514,1.0,33,92,10,20,6,0,0,10,1,2,8,17,0,26,3.0,1,2,2,0.0,1,3.0,6.50247619047619,104,0.217,0.141,0.279,0.348,0.627,38.0,0.065,0.26,16.134,15.714,17.408,0.0,0.345,0.0,0.163,0.077,0.086,0.471
2023,16340,518,1.0,61,202,34,54,8,2,4,32,10,3,28,59,0,78,3.0,7,0,2,0.0,1,4.0,30.27422594142259,232,0.267,0.292,0.384,0.455,0.839,83.0,0.069,0.355,56.178,54.986,58.052,5.7,0.353,0.017,0.254,0.121,0.133,0.475
2023,16340,519,1.0,46,141,42,41,11,0,4,37,0,1,28,37,0,64,4.0,9,1,2,0.0,1,4.0,29.700662983425417,172,0.291,0.355,0.453,0.56,1.013,123.0,0.078,0.363,48.684,48.15,49.72,0.0,0.514,0.023,0.215,0.163,0.052,0.757
2023,16340,521,1.0,50,147,17,32,6,0,4,17,1,1,21,58,0,50,4.0,3,1,1,0.0,0,4.0,16.58843930635838,170,0.218,0.265,0.329,0.408,0.737,62.0,0.041,0.326,32.076,32.16,33.56,1.6,0.25,0.024,0.341,0.124,0.217,0.362
2023,16340,522,1.0,66,217,31,57,9,3,2,27,22,5,45,51,1,78,3.0,6,2,5,0.0,1,3.0,33.145745454545455,269,0.263,0.382,0.401,0.424,0.825,75.0,0.083,0.325,58.502,55.38,59.74,3.7,0.274,0.007,0.19,0.167,0.023,0.882
2023,16340,523,1.0,61,220,51,70,14,1,12,49,8,1,28,54,0,122,2.0,7,0,1,0.0,0,4.0,52.2534375,249,0.318,0.395,0.422,0.677,1.099,155.0,0.077,0.374,94.078,92.39,94.62,9.6,0.419,0.048,0.217,0.112,0.105,0.519
2023,16340,527,1.0,58,200,40,58,14,3,9,38,10,2,22,32,0,105,5.0,6,2,4,0.0,1,5.0,37.94205128205128,228,0.29,0.385,0.377,0.655,1.032,143.0,0.115,0.301,80.734,79.034,81.708,9.5,0.403,0.039,0.14,0.096,0.044,0.688
2023,16340,528,1.0,42,135,34,43,8,1,4,33,4,2,21,37,0,65,1.0,4,0,3,0.0,0,2.0,28.534601226993868,159,0.319,0.333,0.428,0.578,1.006,126.0,0.081,0.402,49.764,47.894,50.048,4.0,0.469,0.025,0.233,0.132,0.101,0.568
2023,16340,529,1.0,37,108,20,24,3,0,6,19,3,2,11,24,0,45,2.0,4,2,1,0.0,0,4.0,13.608095238095236,122,0.222,0.306,0.32,0.5,0.82,89.0,0.028,0.228,31.318,30.638,32.576,4.0,0.424,0.049,0.197,0.09,0.107,0.458
2023,16340,534,1.0,47,150,24,46,10,1,0,17,7,0,12,25,1,58,1.0,8,1,2,0.0,3,4.0,23.678034682080927,165,0.307,0.207,0.4,0.46,0.86,86.0,0.087,0.362,46.38,44.088,44.956,0.0,0.364,0.0,0.152,0.073,0.079,0.48
2023,16340,536,1.0,69,233,58,70,15,2,6,48,11,4,31,36,1,107,0.0,4,5,1,0.0,1,0.0,42.73240875912409,270,0.3,0.322,0.389,0.558,0.947,115.0,0.09,0.333,81.162,77.876,81.872,7.8,0.525,0.022,0.133,0.115,0.018,0.861
2023,16340,539,1.0,29,108,13,28,4,0,2,11,0,1,14,31,1,38,2.0,0,0,0,0.0,0,2.0,13.228032786885247,122,0.259,0.213,0.344,0.407,0.751,64.0,0.037,0.347,24.762,24.14,25.32,0.0,0.275,0.016,0.254,0.115,0.139,0.452
2023,16340,540,1.0,8,30,3,8,1,0,1,3,2,0,3,11,0,12,0.0,1,1,0,0.0,0,0.0,4.515428571428571,34,0.267,0.3,0.353,0.467,0.82,83.0,0.033,0.389,8.912,8.654,8.828,1.3,0.182,0.029,0.324,0.088,0.236,0.273
2023,16340,541,1.0,44,131,17,34,5,0,6,17,2,3,10,46,0,57,4.0,4,0,1,0.0,0,4.0,17.03972602739726,142,0.26,0.244,0.338,0.519,0.857,97.0,0.038,0.35,39.172,39.264,41.988,3.0,0.262,0.042,0.324,0.07,0.254,0.217
2023,16340,545,1.0,40,135,34,41,11,1,4,32,4,1,40,36,0,66,0.0,4,3,2,0.0,2,3.0,35.378478260869564,180,0.304,0.504,0.472,0.607,1.079,139.0,0.104,0.381,51.532,49.508,51.036,4.0,0.37,0.022,0.2,0.222,-0.022,1.111
2023,16340,551,1.0,38,147,44,58,10,0,10,44,2,1,12,18,0,98,4.0,9,0,0,0.0,0,4.0,45.57785714285714,159,0.395,0.361,0.497,0.803,1.3,202.0,0.068,0.403,77.386,77.228,79.116,3.3,0.493,0.063,0.113,0.075,0.038,0.667
2023,16340,553,1.0,56,154,15,31,5,1,0,12,2,1,20,52,0,38,2.0,11,4,0,0.0,0,4.0,14.395026455026454,178,0.201,0.182,0.348,0.286,0.634,27.0,0.052,0.304,24.774,24.296,25.672,0.0,0.242,0.0,0.292,0.112,0.18,0.385
2023,16340,559,1.0,49,133,41,42,10,2,11,37,12,1,16,28,0,89,1.0,6,0,1,0.0,0,1.0,37.68846153846154,150,0.316,0.556,0.427,0.842,1.269,207.0,0.12,0.326,71.846,70.392,72.164,11.5,0.566,0.073,0.187,0.107,0.08,0.571
2023,16340,562,1.0,28,84,2,14,2,1,0,2,1,0,5,33,0,18,0.0,2,0,2,0.0,1,5.0,4.492258064516129,91,0.167,0.119,0.231,0.25,0.481,3.0,0.06,0.264,10.636,9.4,9.74,0.0,0.095,0.0,0.363,0.055,0.308,0.152
2023,16340,563,1.0,47,146,27,40,7,4,4,26,10,5,24,54,0,67,1.0,7,0,4,0.0,2,1.0,26.99546961325967,174,0.274,0.384,0.408,0.562,0.97,118.0,0.13,0.391,51.458,49.192,53.344,5.7,0.343,0.023,0.31,0.138,0.172,0.444
2023,16340,572,1.0,35,107,16,29,9,0,2,17,1,0,7,29,0,44,0.0,6,0,1,0.0,2,1.0,16.454545454545453,115,0.271,0.215,0.365,0.514,0.879,99.0,0.084,0.351,34.158,32.896,33.552,1.3,0.35,0.017,0.252,0.061,0.191,0.241
2023,16340,574,1.0,38,132,21,39,4,1,2,21,2,0,25,25,1,51,0.0,6,4,3,0.0,0,3.0,24.23929411764706,164,0.295,0.295,0.427,0.439,0.866,83.0,0.053,0.343,39.33,36.356,37.112,2.0,0.279,0.012,0.152,0.152,0.0,1.0
2023,16340,575,1.0,40,128,7,27,1,0,2,4,0,1,5,37,0,34,2.0,2,2,0,0.0,0,2.0,8.112846715328468,135,0.211,0.086,0.252,0.289,0.541,17.0,0.008,0.281,18.974,18.762,19.964,0.0,0.156,0.015,0.274,0.037,0.237,0.135
2023,16340,576,1.0,40,135,27,41,6,0,3,26,0,0,18,28,0,56,3.0,5,1,3,0.0,0,3.0,23.35098765432099,157,0.304,0.244,0.408,0.481,0.889,93.0,0.044,0.355,41.236,40.058,40.856,0.0,0.393,0.019,0.178,0.115,0.063,0.643
2023,16340,587,1.0,37,133,26,28,7,2,1,23,5,1,19,41,0,42,0.0,2,2,3,0.0,0,0.0,14.360251572327043,157,0.211,0.278,0.312,0.391,0.703,55.0,0.098,0.287,29.512,27.37,28.66,1.7,0.521,0.006,0.261,0.121,0.14,0.463
2023,16340,590,1.0,45,123,12,25,6,0,1,10,7,2,18,33,0,34,7.0,9,2,1,0.0,2,7.0,11.56248366013072,144,0.203,0.26,0.361,0.333,0.694,43.0,0.049,0.267,22.276,23.466,25.372,1.8,0.216,0.007,0.229,0.125,0.104,0.545
2023,16340,596,1.0,12,41,1,6,2,0,0,4,0,0,0,12,0,8,1.0,2,0,0,0.0,0,1.0,1.3869767441860466,41,0.146,0.049,0.195,0.244,0.439,-3.0,0.049,0.207,4.224,4.31,4.48,,0.125,0.0,0.293,0.0,0.293,0.0
2023,16340,603,1.0,31,111,16,28,6,0,2,15,3,3,13,28,0,40,1.0,4,1,0,0.0,1,2.0,14.134108527131783,125,0.252,0.225,0.36,0.432,0.792,73.0,0.054,0.321,27.716,27.166,29.692,2.4,0.326,0.016,0.224,0.104,0.12,0.464
2023,16340,606,1.0,30,98,6,18,4,1,0,5,0,0,10,41,0,24,2.0,5,2,0,0.0,0,2.0,7.529913043478261,110,0.184,0.163,0.3,0.296,0.596,25.0,0.071,0.316,14.592,14.65,15.1,,0.182,0.0,0.373,0.091,0.282,0.244
2023,16340,609,1.0,42,140,19,31,2,0,3,16,3,1,14,46,0,42,1.0,7,0,1,0.0,0,1.0,14.660987654320987,155,0.221,0.193,0.335,0.336,0.671,41.0,0.014,0.304,27.962,26.968,28.316,3.0,0.327,0.019,0.297,0.09,0.207,0.304
2023,16340,610,1.0,49,164,26,45,5,1,3,24,7,4,23,34,0,61,0.0,11,2,2,0.0,0,4.0,25.9590099009901,191,0.274,0.256,0.414,0.427,0.841,78.0,0.049,0.326,45.758,43.538,47.056,4.2,0.303,0.016,0.178,0.12,0.058,0.676
2023,16340,617,1.0,29,101,18,25,3,0,3,15,6,3,15,27,0,37,0.0,5,0,1,0.0,1,2.0,14.557704918032789,117,0.248,0.297,0.385,0.426,0.811,74.0,0.03,0.306,26.694,25.512,28.004,4.0,0.357,0.026,0.231,0.128,0.103,0.556
2023,16340,625,1.0,54,178,30,48,9,2,6,30,6,1,23,52,0,79,0.0,8,5,6,0.0,0,0.0,30.906909090909092,212,0.27,0.331,0.373,0.539,0.912,107.0,0.084,0.333,61.844,57.93,59.7,6.0,0.329,0.028,0.245,0.108,0.137,0.442
2023,16340,626,1.0,61,163,13,33,9,1,1,13,5,2,13,45,0,47,5.0,5,0,1,0.0,0,6.0,12.51120879120879,177,0.202,0.184,0.288,0.356,0.644,42.0,0.074,0.271,29.86,30.14,32.2,1.7,0.24,0.006,0.254,0.073,0.181,0.289
2023,16340,627,1.0,49,151,51,47,6,1,9,49,6,4,25,28,2,82,1.0,12,3,3,0.0,0,4.0,37.12958762886598,182,0.311,0.411,0.462,0.649,1.111,151.0,0.06,0.325,66.036,62.448,66.156,7.2,0.56,0.049,0.154,0.137,0.017,0.893
2023,16340,629,1.0,40,134,20,40,11,0,1,20,7,3,7,45,0,54,1.0,3,2,1,0.0,4,1.0,17.746938775510202,144,0.299,0.187,0.347,0.493,0.84,90.0,0.082,0.438,40.3,39.258,41.936,1.8,0.388,0.007,0.312,0.049,0.263,0.156
2023,16340,630,1.0,42,142,26,36,9,1,2,24,2,1,18,37,0,53,0.0,5,1,2,0.0,1,1.0,20.37761904761905,163,0.254,0.254,0.362,0.458,0.82,81.0,0.085,0.324,39.104,37.192,38.624,2.0,0.421,0.012,0.227,0.11,0.117,0.486
2023,16340,631,1.0,41,130,28,36,8,2,7,27,6,3,21,40,1,69,1.0,6,3,1,0.0,0,1.0,27.79527950310559,155,0.277,0.438,0.406,0.662,1.068,149.0,0.108,0.345,53.47,51.578,54.436,6.5,0.375,0.045,0.258,0.135,0.123,0.525
2023,16340,635,1.0,31,98,14,23,2,0,2,13,6,0,16,26,0,31,2.0,1,1,3,0.0,1,2.0,11.354285714285714,118,0.235,0.306,0.339,0.357,0.696,48.0,0.02,0.288,21.232,20.11,20.58,3.0,0.316,0.017,0.22,0.136,0.084,0.615
2023,16340,639,1.0,33,87,6,17,2,0,1,6,0,0,10,33,0,22,3.0,3,1,0,0.0,1,3.0,6.789900990099009,98,0.195,0.172,0.306,0.287,0.593,22.0,0.023,0.302,12.246,12.77,13.16,0.0,0.172,0.01,0.337,0.102,0.235,0.303
2023,16340,646,1.0,58,183,45,47,11,2,2,37,6,2,37,44,0,68,5.0,14,4,2,0.0,0,8.0,30.837083333333336,226,0.257,0.339,0.434,0.454,0.888,88.0,0.093,0.324,51.158,50.552,52.924,3.0,0.448,0.009,0.195,0.164,0.031,0.841
2023,16340,648,1.0,69,179,80,67,8,2,20,74,5,0,32,33,0,139,2.0,19,1,4,0.0,0,2.0,75.18025531914894,216,0.374,0.609,0.546,0.944,1.49,251.0,0.078,0.362,115.196,112.204,114.008,8.0,0.612,0.093,0.153,0.148,0.005,0.97
2023,16340,649,1.0,29,108,15,26,7,0,5,14,4,0,17,31,1,48,0.0,1,0,0,0.0,0,1.0,18.32190476190476,125,0.241,0.398,0.352,0.556,0.908,110.0,0.065,0.292,35.582,34.094,34.748,4.4,0.256,0.04,0.248,0.136,0.112,0.548
2023,16340,651,1.0,65,208,30,52,6,1,7,25,3,3,17,62,0,81,2.0,7,0,0,0.0,1,3.0,26.705172413793104,225,0.25,0.221,0.338,0.457,0.795,78.0,0.043,0.324,55.664,54.772,57.884,4.2,0.333,0.031,0.276,0.076,0.2,0.274
2023,16340,654,1.0,51,153,18,24,8,0,2,14,3,1,16,41,0,38,1.0,4,1,0,0.0,0,1.0,10.439540229885058,170,0.157,0.209,0.259,0.314,0.573,25.0,0.052,0.2,22.872,22.078,23.396,2.4,0.381,0.012,0.241,0.094,0.147,0.39
2023,16340,655,1.0,69,182,66,53,8,2,4,63,21,4,45,44,0,77,1.0,26,2,5,0.0,1,2.0,43.74730769230769,234,0.291,0.473,0.53,0.5,1.03,113.0,0.077,0.353,67.218,63.948,67.796,6.7,0.517,0.017,0.188,0.192,-0.004,1.023
2023,16340,657,1.0,61,198,52,59,15,3,9,39,6,2,37,45,0,107,3.0,11,5,5,0.0,1,4.0,47.6378125,245,0.298,0.449,0.437,0.677,1.114,157.0,0.121,0.336,85.01,82.138,84.876,7.2,0.439,0.037,0.184,0.151,0.033,0.822
2023,16340,659,1.0,49,179,37,49,10,1,10,30,4,3,19,39,1,91,5.0,2,0,0,0.0,1,5.0,29.832400000000003,198,0.274,0.346,0.354,0.626,0.98,132.0,0.073,0.3,65.248,64.85,67.96,5.7,0.45,0.051,0.197,0.096,0.101,0.487
2023,16340,660,1.0,42,142,18,34,7,1,2,15,7,1,19,36,0,49,2.0,6,1,0,0.0,1,2.0,18.524761904761903,162,0.239,0.282,0.364,0.415,0.779,68.0,0.07,0.308,34.892,34.466,35.872,3.1,0.281,0.012,0.222,0.117,0.105,0.528
2023,16340,661,1.0,48,156,26,38,4,2,5,25,4,2,26,49,0,61,1.0,10,0,0,0.0,0,2.0,26.029375,182,0.244,0.327,0.407,0.462,0.869,88.0,0.064,0.324,43.998,43.106,45.332,4.4,0.304,0.027,0.269,0.143,0.126,0.531
2023,16340,664,1.0,46,123,23,34,12,2,2,22,5,3,18,41,0,56,0.0,6,3,2,0.0,0,1.0,22.55526315789474,146,0.276,0.341,0.397,0.585,0.982,124.0,0.146,0.39,44.142,42.278,44.996,2.9,0.375,0.014,0.281,0.123,0.158,0.439
2023,16340,665,1.0,39,118,24,38,7,2,2,23,8,4,19,32,0,55,0.0,7,2,4,0.0,2,2.0,24.752533333333336,143,0.322,0.339,0.448,0.559,1.007,122.0,0.11,0.409,44.344,41.78,45.12,3.2,0.355,0.014,0.224,0.133,0.091,0.594
2023,16340,669,1.0,52,197,43,61,20,1,9,42,0,0,22,73,2,110,3.0,4,0,4,0.0,1,4.0,43.02308370044053,223,0.31,0.36,0.39,0.711,1.101,162.0,0.117,0.437,86.386,83.192,84.604,0.0,0.436,0.04,0.327,0.099,0.228,0.301
2023,16340,670,1.0,42,119,54,52,13,4,13,52,2,0,15,26,0,112,2.0,5,0,5,0.0,1,2.0,56.997499999999995,139,0.437,0.647,0.518,1.193,1.711,325.0,0.21,0.459,93.252,90.644,91.948,3.5,0.695,0.094,0.187,0.108,0.079,0.577
2023,16340,671,1.0,35,102,22,31,6,1,3,23,3,3,14,26,0,48,0.0,6,0,3,0.0,1,4.0,20.453760000000003,119,0.304,0.304,0.429,0.569,0.998,123.0,0.088,0.368,37.632,35.622,38.224,3.0,0.396,0.025,0.218,0.118,0.1,0.538
2023,16340,674,1.0,40,150,33,41,7,2,9,30,2,0,28,34,1,79,7.0,4,0,1,0.0,0,7.0,31.4072131147541,179,0.273,0.453,0.408,0.647,1.055,145.0,0.087,0.296,57.448,57.648,58.696,3.3,0.375,0.05,0.19,0.156,0.034,0.824
2023,16340,676,1.0,59,177,33,54,9,2,4,30,3,3,19,41,0,79,5.0,3,1,1,0.0,0,5.0,28.674427860696518,198,0.305,0.249,0.384,0.531,0.915,106.0,0.085,0.376,55.942,55.906,58.892,3.4,0.403,0.02,0.207,0.096,0.111,0.463
2023,16340,678,1.0,45,144,34,44,13,1,10,35,9,0,12,37,1,89,1.0,7,1,2,0.0,0,1.0,35.02650602409639,159,0.306,0.458,0.396,0.785,1.181,186.0,0.111,0.343,72.764,70.3,71.46,9.5,0.453,0.063,0.233,0.075,0.158,0.324
2023,16340,682,1.0,8,30,3,7,2,0,0,3,1,0,9,15,0,9,0.0,1,0,1,0.0,0,0.0,4.835121951219512,40,0.233,0.4,0.425,0.367,0.792,60.0,0.067,0.438,6.7,6.166,6.312,0.0,0.176,0.0,0.375,0.225,0.15,0.6
2023,16340,683,1.0,46,136,15,32,8,0,1,14,2,1,6,34,0,43,4.0,0,0,1,0.0,0,5.0,10.293986013986014,143,0.235,0.132,0.266,0.382,0.648,47.0,0.059,0.304,27.118,27.238,28.516,1.3,0.378,0.007,0.238,0.042,0.196,0.176
2023,16340,692,1.0,51,159,22,35,9,1,6,21,0,0,24,47,0,64,1.0,5,0,4,0.0,0,4.0,23.484895833333336,187,0.22,0.333,0.342,0.503,0.845,93.0,0.075,0.264,46.694,44.278,45.216,0.0,0.276,0.032,0.251,0.128,0.123,0.511
2023,16340,694,1.0,83,223,49,65,10,6,10,47,9,3,34,50,0,117,3.0,6,1,3,0.0,0,5.0,47.26352059925094,261,0.291,0.413,0.402,0.641,1.043,142.0,0.126,0.331,88.24,86.106,89.572,9.5,0.411,0.038,0.192,0.13,0.062,0.68
2023,16340,695,1.0,80,251,28,57,10,0,4,25,12,2,28,77,1,79,3.0,5,0,1,0.0,3,4.0,26.066526315789474,280,0.227,0.239,0.321,0.371,0.692,50.0,0.04,0.31,53.314,51.688,54.196,6.0,0.279,0.014,0.275,0.1,0.175,0.364
2023,16340,697,1.0,50,149,35,33,6,1,6,30,11,2,33,32,1,59,0.0,6,0,3,0.0,0,0.0,25.282094240837694,185,0.221,0.456,0.389,0.483,0.872,92.0,0.06,0.237,44.944,41.922,44.084,7.8,0.439,0.032,0.173,0.178,-0.005,1.031
2023,16340,698,1.0,28,111,36,40,10,0,2,36,10,2,22,33,0,56,3.0,9,1,3,0.0,1,3.0,29.00849315068493,137,0.36,0.414,0.518,0.613,1.131,146.0,0.09,0.481,46.726,45.732,47.804,3.3,0.493,0.015,0.241,0.161,0.08,0.667
2023,16340,699,1.0,58,135,35,41,6,0,5,31,8,3,30,36,0,62,1.0,8,2,0,0.0,4,2.0,30.83542857142857,167,0.304,0.415,0.473,0.541,1.014,119.0,0.044,0.383,47.262,46.388,49.196,6.2,0.405,0.03,0.216,0.18,0.036,0.833
2023,16340,700,1.0,42,134,38,44,12,2,4,37,3,0,32,27,2,72,1.0,6,0,6,0.0,0,3.0,37.049662921348315,172,0.328,0.47,0.477,0.672,1.149,160.0,0.134,0.367,60.254,55.94,56.9,3.4,0.436,0.023,0.157,0.186,-0.029,1.185
2023,16340,702,1.0,52,164,18,41,12,2,1,14,2,2,21,45,0,60,0.0,10,1,1,0.0,0,1.0,24.19431472081218,187,0.25,0.244,0.385,0.457,0.842,84.0,0.11,0.336,45.16,43.426,45.652,1.3,0.239,0.005,0.241,0.112,0.129,0.467
2023,16340,703,1.0,49,128,21,30,5,2,3,15,5,0,20,42,0,48,4.0,1,1,1,0.0,0,5.0,16.663973509933772,150,0.234,0.336,0.34,0.453,0.793,77.0,0.086,0.321,32.334,32.466,33.152,3.8,0.375,0.02,0.28,0.133,0.147,0.476
2023,16340,706,1.0,69,227,50,73,15,4,1,44,7,2,38,56,0,99,6.0,13,3,3,0.0,1,6.0,45.876478873239435,271,0.322,0.304,0.458,0.524,0.982,112.0,0.119,0.416,76.302,75.388,78.096,1.8,0.398,0.004,0.207,0.14,0.067,0.679
2023,16340,709,1.0,40,140,16,31,2,1,7,16,3,0,16,40,0,56,2.0,1,0,1,0.0,1,3.0,17.603797468354433,157,0.221,0.314,0.306,0.471,0.777,79.0,0.036,0.255,37.48,36.728,37.516,4.2,0.22,0.045,0.255,0.102,0.153,0.4
2023,16340,711,1.0,39,133,8,27,4,0,3,7,2,0,14,35,0,40,1.0,3,2,0,0.0,1,2.0,12.579868421052632,149,0.203,0.218,0.295,0.353,0.648,42.0,0.03,0.253,25.57,24.862,25.504,2.4,0.122,0.02,0.235,0.094,0.141,0.4
2023,16340,716,1.0,42,141,40,44,8,2,12,35,19,0,18,39,1,92,1.0,5,1,4,0.0,0,1.0,38.23668639053254,164,0.312,0.603,0.409,0.809,1.218,194.0,0.099,0.34,76.218,73.044,74.208,14.7,0.509,0.073,0.238,0.11,0.128,0.462
2023,16340,718,1.0,57,163,14,32,6,0,3,11,10,1,15,65,0,47,4.0,5,0,1,0.0,0,4.0,13.364782608695652,179,0.196,0.239,0.291,0.344,0.635,38.0,0.037,0.302,30.38,30.442,31.864,4.6,0.224,0.017,0.363,0.084,0.279,0.231
2023,16340,721,1.0,60,209,26,52,9,2,6,26,3,0,14,63,0,83,1.0,6,2,1,0.0,1,2.0,27.00568965517241,226,0.249,0.23,0.319,0.478,0.797,83.0,0.072,0.326,59.446,57.724,58.928,4.0,0.303,0.027,0.279,0.062,0.217,0.222
2023,16340,725,1.0,36,146,19,38,10,1,4,21,4,0,12,46,0,62,0.0,5,0,3,0.0,2,5.0,22.02855421686747,161,0.26,0.274,0.342,0.527,0.869,100.0,0.089,0.343,47.522,45.246,46.132,4.0,0.294,0.025,0.286,0.075,0.211,0.261
2023,16340,726,1.0,62,170,28,50,7,1,2,25,2,0,11,37,0,65,6.0,5,0,2,0.0,1,7.0,22.083404255319145,183,0.294,0.165,0.361,0.441,0.802,76.0,0.059,0.361,45.544,45.66,46.6,2.0,0.406,0.011,0.202,0.06,0.142,0.297
2023,16340,732,1.0,47,157,19,33,7,1,2,19,6,2,24,39,0,48,2.0,7,2,2,0.0,0,8.0,17.545833333333334,185,0.21,0.274,0.346,0.369,0.715,52.0,0.064,0.263,33.208,31.898,33.976,3.0,0.274,0.011,0.211,0.13,0.081,0.615
2023,16340,735,1.0,36,135,26,34,2,0,8,23,8,0,25,36,0,60,4.0,0,1,2,0.0,0,4.0,22.473742331288342,163,0.252,0.437,0.362,0.519,0.881,100.0,0.015,0.28,41.722,41.302,42.104,8.0,0.353,0.049,0.221,0.153,0.068,0.694
2023,16340,736,1.0,65,224,50,56,8,5,6,46,10,6,25,45,0,92,1.0,18,1,3,0.0,0,1.0,35.054760147601485,253,0.25,0.29,0.391,0.496,0.887,96.0,0.103,0.284,70.18,67.316,72.592,7.5,0.473,0.024,0.178,0.099,0.079,0.556
2023,16340,739,1.0,35,100,9,18,6,0,1,7,3,0,14,34,0,27,3.0,3,0,0,0.0,0,3.0,8.606837606837606,114,0.18,0.26,0.307,0.34,0.647,39.0,0.06,0.262,16.738,17.164,17.628,1.5,0.235,0.009,0.298,0.123,0.175,0.412
2023,16340,740,1.0,39,156,28,42,8,2,4,27,4,0,16,43,0,66,0.0,4,0,0,0.0,1,1.0,25.093636363636367,172,0.269,0.282,0.36,0.513,0.873,98.0,0.09,0.349,48.516,47.248,48.176,4.0,0.414,0.023,0.25,0.093,0.157,0.372
2023,16340,741,1.0,55,196,48,62,12,0,5,39,25,5,32,55,0,89,4.0,6,5,4,0.0,2,5.0,37.101893004115226,237,0.316,0.403,0.422,0.541,0.963,114.0,0.061,0.407,69.74,67.958,72.376,8.3,0.453,0.021,0.232,0.135,0.097,0.582
2023,16340,742,1.0,57,179,46,48,10,2,5,41,6,2,23,52,0,77,3.0,3,1,2,0.0,2,3.0,27.808269230769234,205,0.268,0.313,0.361,0.525,0.886,102.0,0.089,0.347,55.584,54.482,56.824,5.5,0.594,0.024,0.254,0.112,0.142,0.442
2023,16340,746,1.0,68,228,80,90,23,0,11,75,7,1,27,27,0,146,5.0,12,3,5,0.0,0,5.0,69.86552727272726,263,0.395,0.39,0.49,0.789,1.279,197.0,0.101,0.405,119.544,116.956,119.452,8.6,0.585,0.042,0.103,0.103,0.0,1.0
2023,16340,748,1.0,33,96,3,15,4,0,1,3,0,1,5,22,0,22,0.0,3,0,0,0.0,0,0.0,5.093846153846154,101,0.156,0.115,0.228,0.281,0.509,12.0,0.042,0.192,12.534,11.812,12.864,0.0,0.091,0.01,0.218,0.05,0.168,0.227
2023,16340,749,1.0,58,174,65,60,9,0,16,62,2,0,44,28,0,117,1.0,8,1,4,0.0,0,4.0,62.73316017316017,223,0.345,0.592,0.502,0.816,1.318,207.0,0.052,0.328,93.046,89.958,91.436,3.6,0.51,0.072,0.126,0.197,-0.071,1.571
2023,16340,754,1.0,65,201,70,60,12,4,8,69,13,0,41,53,1,104,2.0,19,2,5,0.0,0,3.0,52.58402985074627,249,0.299,0.488,0.482,0.637,1.119,150.0,0.119,0.359,87.146,83.432,84.944,9.9,0.554,0.032,0.213,0.165,0.048,0.774
2023,16340,756,1.0,53,178,35,49,9,1,8,36,3,1,26,47,1,84,4.0,11,0,3,0.0,0,4.0,34.70311926605505,207,0.275,0.354,0.415,0.573,0.988,123.0,0.067,0.325,64.294,62.468,64.316,4.4,0.346,0.039,0.227,0.126,0.101,0.553
2023,16340,768,1.0,52,178,32,51,12,3,6,27,16,0,27,46,1,87,5.0,16,4,3,0.0,0,6.0,38.27561403508772,212,0.287,0.444,0.443,0.607,1.05,136.0,0.118,0.349,72.012,70.324,71.608,8.7,0.295,0.028,0.217,0.127,0.09,0.587
2023,16340,769,1.0,62,191,34,47,10,0,2,29,4,1,29,46,1,63,1.0,7,4,2,0.0,0,2.0,25.08712446351931,226,0.246,0.251,0.367,0.393,0.76,62.0,0.052,0.31,45.572,42.968,44.596,2.7,0.395,0.009,0.204,0.128,0.076,0.63
2023,16340,771,1.0,42,122,14,30,6,0,4,13,7,1,15,26,0,48,0.0,4,2,0,0.0,0,4.0,17.8027972027972,139,0.246,0.32,0.353,0.475,0.828,85.0,0.049,0.283,35.292,34.164,35.508,5.1,0.222,0.029,0.187,0.108,0.079,0.577
2023,16340,772,1.0,41,117,27,29,9,0,1,25,4,1,20,33,1,41,1.0,6,8,4,0.0,1,1.0,16.29561290322581,149,0.248,0.299,0.369,0.436,0.805,75.0,0.077,0.322,32.636,29.706,30.992,1.6,0.481,0.007,0.221,0.134,0.087,0.606
2023,16340,774,1.0,29,86,5,9,2,0,2,5,0,0,7,35,0,17,3.0,2,1,0,0.0,0,3.0,3.0272916666666667,94,0.105,0.174,0.191,0.244,0.435,-4.0,0.023,0.143,7.0,7.544,7.888,0.0,0.188,0.021,0.372,0.074,0.298,0.2
2023,16340,782,1.0,50,177,25,45,10,1,3,22,3,1,12,47,0,66,2.0,4,2,1,0.0,1,3.0,20.77755102040816,192,0.254,0.198,0.318,0.452,0.77,75.0,0.073,0.328,46.534,45.444,47.048,3.0,0.379,0.016,0.245,0.062,0.183,0.255
2023,16340,786,1.0,67,210,44,57,6,2,3,35,17,2,30,60,0,76,5.0,15,2,2,0.0,0,5.0,32.21011583011583,244,0.271,0.305,0.418,0.414,0.832,74.0,0.057,0.362,57.3,56.676,59.172,5.1,0.414,0.012,0.246,0.123,0.123,0.5
2023,16340,792,1.0,57,168,29,50,10,2,0,25,5,1,12,38,0,64,1.0,6,3,4,0.0,0,1.0,23.518756476683937,187,0.298,0.179,0.364,0.452,0.816,80.0,0.095,0.373,48.966,46.396,47.972,0.0,0.426,0.0,0.203,0.064,0.139,0.316
2023,16340,797,1.0,40,148,23,41,5,0,4,21,7,1,17,29,0,58,1.0,5,1,1,0.0,1,1.0,22.625581395348835,167,0.277,0.27,0.377,0.453,0.83,81.0,0.034,0.319,42.398,41.104,42.588,5.1,0.322,0.024,0.174,0.102,0.072,0.586
2023,16340,810,1.0,56,146,24,28,6,0,4,23,5,3,24,38,0,46,5.0,4,1,2,0.0,2,5.0,14.47231638418079,173,0.192,0.301,0.324,0.384,0.708,54.0,0.041,0.226,29.026,28.956,31.612,4.4,0.385,0.023,0.22,0.139,0.081,0.632
2023,16340,812,1.0,52,193,23,46,8,0,7,19,3,1,25,49,0,75,3.0,4,1,0,0.0,1,4.0,26.288878923766816,219,0.238,0.29,0.342,0.466,0.808,81.0,0.041,0.285,51.228,50.724,52.448,4.2,0.235,0.032,0.224,0.114,0.11,0.51
2023,16340,813,1.0,8,28,8,10,2,0,1,5,7,1,8,5,0,15,1.0,3,2,0,0.0,1,1.0,8.390731707317073,38,0.357,0.679,0.553,0.643,1.196,160.0,0.071,0.409,12.99,12.996,13.852,1.8,0.35,0.026,0.132,0.211,-0.079,1.6
2023,16340,817,1.0,45,124,17,23,3,0,6,17,3,0,12,57,0,44,2.0,7,0,1,0.0,0,2.0,13.608888888888888,137,0.185,0.29,0.307,0.427,0.734,66.0,0.024,0.274,30.264,29.772,30.484,4.0,0.306,0.044,0.416,0.088,0.328,0.211
2023,16340,1004,1.0,50,178,33,50,12,3,6,29,11,7,23,55,0,86,2.0,3,5,3,0.0,2,3.0,29.362264150943396,209,0.281,0.354,0.364,0.601,0.965,125.0,0.118,0.367,64.01,61.966,67.592,7.8,0.386,0.029,0.263,0.11,0.153,0.418
2023,16340,1014,1.0,42,128,13,29,7,0,2,12,2,1,20,42,0,42,4.0,3,2,1,0.0,0,4.0,14.660129870129872,151,0.227,0.266,0.344,0.398,0.742,61.0,0.055,0.318,27.484,27.608,28.896,2.0,0.22,0.013,0.278,0.132,0.146,0.476
2023,16340,1045,1.0,43,131,50,47,14,0,8,47,10,0,26,19,0,85,0.0,3,0,4,0.0,0,1.0,42.92878048780488,161,0.359,0.565,0.472,0.817,1.289,204.0,0.107,0.361,70.588,67.708,68.756,8.9,0.618,0.05,0.118,0.161,-0.043,1.368
2023,16340,1068,1.0,41,122,10,22,3,0,3,10,3,1,7,42,0,34,1.0,3,2,1,0.0,0,3.0,8.156444444444444,132,0.18,0.172,0.242,0.328,0.57,28.0,0.025,0.244,21.024,20.11,21.32,3.0,0.241,0.023,0.318,0.053,0.265,0.167
2023,16340,1092,1.0,50,150,14,29,8,0,2,13,4,1,15,37,0,43,5.0,8,0,0,0.0,1,5.0,13.035606936416187,165,0.193,0.213,0.315,0.353,0.668,44.0,0.053,0.243,27.844,28.512,29.904,2.7,0.24,0.012,0.224,0.091,0.133,0.405
2023,16340,1104,1.0,48,158,22,38,11,3,0,17,4,2,24,39,2,55,6.0,3,3,2,0.0,2,6.0,18.474631578947367,187,0.241,0.272,0.348,0.437,0.785,73.0,0.127,0.314,38.548,37.5,39.6,0.0,0.338,0.0,0.209,0.128,0.081,0.615
2023,16340,1157,1.0,26,88,22,28,4,2,4,21,4,1,19,17,0,48,0.0,3,2,2,0.0,0,2.0,23.12666666666666,111,0.318,0.477,0.45,0.659,1.109,153.0,0.114,0.348,37.744,36.07,37.34,4.0,0.391,0.036,0.153,0.171,-0.018,1.118
2023,16340,1320,1.0,41,131,14,28,5,0,1,13,7,0,15,39,0,36,1.0,3,4,1,0.0,0,1.0,11.927532467532467,151,0.214,0.229,0.305,0.321,0.626,33.0,0.038,0.293,24.138,23.076,23.672,1.8,0.289,0.007,0.258,0.099,0.159,0.385
2023,16340,1356,1.0,33,100,7,23,3,0,1,7,0,1,10,32,0,29,1.0,4,0,0,0.0,0,1.0,10.021052631578948,110,0.23,0.15,0.336,0.33,0.666,39.0,0.03,0.328,18.444,18.124,19.248,0.0,0.167,0.009,0.291,0.091,0.2,0.312
2023,16340,1395,1.0,39,150,17,37,8,2,6,18,6,3,12,45,0,67,2.0,3,3,0,0.0,0,2.0,19.86297619047619,165,0.247,0.3,0.315,0.553,0.868,105.0,0.093,0.313,47.75,47.126,49.972,6.0,0.239,0.036,0.273,0.073,0.2,0.267
2023,16340,2678,1.0,43,131,16,30,5,0,2,15,3,4,12,36,0,41,1.0,1,2,1,0.0,1,1.0,11.49360544217687,146,0.229,0.168,0.295,0.366,0.661,46.0,0.038,0.298,25.722,24.702,27.884,2.4,0.341,0.014,0.247,0.082,0.165,0.333
2023,16340,2711,1.0,68,247,46,70,11,2,11,43,9,1,34,65,0,118,2.0,6,2,4,0.0,3,3.0,46.916723549488054,287,0.283,0.364,0.383,0.575,0.958,120.0,0.069,0.337,88.67,85.714,87.948,9.9,0.354,0.038,0.226,0.118,0.108,0.523
2023,16340,2743,1.0,50,170,21,42,6,2,4,20,5,0,8,48,0,64,3.0,10,0,1,0.0,0,4.0,20.72952380952381,179,0.247,0.206,0.335,0.447,0.782,75.0,0.071,0.319,46.576,45.936,46.932,4.4,0.304,0.022,0.268,0.045,0.223,0.167
2023,16340,2915,1.0,48,154,28,43,6,1,3,29,14,6,25,47,0,60,2.0,8,5,1,0.0,0,5.0,24.216787564766836,185,0.279,0.325,0.411,0.455,0.866,86.0,0.058,0.381,44.364,43.342,48.084,4.9,0.342,0.016,0.254,0.135,0.119,0.532
2023,16340,10411,1.0,54,164,48,47,7,1,8,42,7,1,24,40,0,80,5.0,5,2,5,0.0,0,6.0,30.6754,195,0.287,0.384,0.39,0.585,0.975,123.0,0.061,0.322,60.17,58.624,60.348,7.5,0.588,0.041,0.205,0.123,0.082,0.6
2023,16340,14927,1.0,48,160,27,43,11,0,7,25,4,0,14,38,0,75,1.0,3,1,1,0.0,0,2.0,26.194972067039103,176,0.269,0.312,0.341,0.581,0.922,117.0,0.069,0.31,55.946,54.494,55.508,5.1,0.377,0.04,0.216,0.08,0.136,0.368
2023,16340,19651,1.0,43,134,29,40,7,2,8,24,0,6,17,33,2,75,3.0,5,0,0,0.0,0,5.0,27.2474358974359,151,0.299,0.343,0.411,0.687,1.098,157.0,0.097,0.344,55.266,53.908,58.736,0.0,0.389,0.053,0.219,0.113,0.106,0.515
2023,16340,26172,1.0,39,127,21,35,6,4,4,21,5,2,11,36,0,61,0.0,3,0,2,0.0,0,0.0,21.27076923076923,140,0.276,0.315,0.35,0.591,0.941,121.0,0.142,0.348,45.932,44.104,46.208,4.4,0.378,0.029,0.257,0.079,0.178,0.306
2023,16340,28600,1.0,39,115,18,22,8,0,2,16,9,2,18,40,0,36,0.0,8,2,2,0.0,0,0.0,13.611862068965516,137,0.191,0.339,0.35,0.4,0.75,62.0,0.07,0.267,27.71,26.026,27.932,3.3,0.348,0.015,0.292,0.131,0.161,0.45
2023,16340,28755,1.0,54,186,51,61,16,3,9,48,7,2,33,36,1,110,0.0,15,1,4,0.0,1,3.0,54.74384937238493,224,0.328,0.468,0.487,0.742,1.229,183.0,0.134,0.359,91.792,87.72,90.5,7.9,0.42,0.04,0.161,0.147,0.014,0.917
2023,16340,30024,1.0,61,209,26,50,10,4,4,23,3,2,23,50,0,80,1.0,9,0,0,0.0,0,3.0,28.95784232365145,232,0.239,0.258,0.353,0.469,0.822,84.0,0.105,0.297,57.2,55.808,58.296,3.4,0.282,0.017,0.216,0.099,0.117,0.46
2023,16340,30135,1.0,41,133,12,30,3,1,3,12,4,2,11,42,0,44,2.0,2,1,2,0.0,0,2.0,12.425906040268458,147,0.226,0.203,0.293,0.383,0.676,51.0,0.045,0.3,28.674,27.686,29.632,3.4,0.225,0.02,0.286,0.075,0.211,0.262
2023,16340,30136,1.0,45,134,6,28,1,0,1,8,5,2,8,55,0,32,1.0,5,0,0,0.0,2,1.0,9.163537414965987,142,0.209,0.112,0.289,0.254,0.543,10.0,0.007,0.346,18.65,18.242,20.104,1.7,0.125,0.007,0.387,0.056,0.331,0.145
2023,16340,208,2.0,51,194,23,66,7,0,1,25,7,3,20,38,2,76,7.0,6,1,1,0.0,1,8.0,30.398018018018018,216,0.34,0.175,0.426,0.433,0.859,58.0,0.036,0.417,54.836,54.296,57.292,1.8,0.242,0.005,0.176,0.093,0.083,0.526
2023,16340,546,2.0,34,105,43,38,7,2,8,38,2,0,12,20,0,73,2.0,8,0,2,0.0,0,2.0,34.49826771653543,119,0.362,0.467,0.487,0.857,1.344,178.0,0.124,0.38,59.35,58.164,59.108,3.2,0.7,0.067,0.168,0.101,0.067,0.6
2023,16340,1064,3.0,18,61,21,17,2,0,3,17,7,0,14,14,0,28,3.0,7,1,2,0.0,0,3.0,13.838823529411767,78,0.279,0.525,0.487,0.541,1.028,100.0,0.033,0.304,23.018,22.758,23.196,4.2,0.514,0.038,0.179,0.179,0.0,1.0
